,code_x,name,roe_2017_1,bvps_2017_1,net_profits_2017_1,roe_2017_2,bvps_2017_2,net_profits_2017_2,roe_2017_3,bvps_2017_3,net_profits_2017_3,roe_2017_4,bvps_2017_4,net_profits_2017_4,code_y,pb,pe,industry
0,600008,首创股份,1.16,,10491.33,2.62,,25951.09,4.15,,42312.0,5.8,,61200.88,,2.46,58.44,环境保护
3,600009,上海机场,3.49,,79142.35,7.33,,169579.94,,,,,,,,4.55,29.21,机场
5,600011,华能国际,0.89,,65197.93,1.08,,78757.25,,,,2.47,,179315.1,,1.48,21.73,火力发电
7,600015,华夏银行,2.73,12.68,449900.0,6.59,10.82,983600.0,,,,,,,,0.62,5.18,银行
9,600018,上港集团,1.86,,114157.76,5.46,,337280.73,7.75,,476329.42,17.92,,1153619.16,,1.96,21.19,港口
11,600019,宝钢股份,2.5,6.96,378615.48,,,,,,,12.24,,1917033.76,,1.0,8.47,普钢
13,600023,浙能电力,1.59,,93482.25,4.03,,238268.97,,,,7.24,,433446.05,,1.06,28.19,火力发电
14,600028,中国石化,2.31,,1663300.0,3.79,,2709200.0,5.37,,3837300.0,7.14,6.01,5111900.0,,1.03,10.22,石油加工
16,600029,南方航空,3.53,,155000.0,6.2,,276800.0,15.09,,705000.0,12.84,,591400.0,,1.44,7.48,空运
17,600031,三一重工,3.22,,74570.4,4.94,,116011.0,7.54,,180268.7,8.69,,209225.3,,2.41,10.87,工程机械
23,600036,招商银行,4.86,16.68,1997700.0,9.56,16.63,3925900.0,14.0,17.37,5880500.0,,,,,1.43,7.29,银行
24,600038,中直股份,1.03,,7101.38,2.22,,15348.16,3.92,,27142.75,6.49,,45537.64,,3.29,85.36,航空
28,600048,保利地产,2.1,,189144.18,6.17,,565055.53,9.0,,826923.88,16.32,,1562588.62,,1.21,17.46,全国地产
30,600061,国投资本,2.17,,56701.64,4.78,,126705.26,7.18,,192724.98,9.13,,258969.17,,1.04,19.04,证券
32,600066,宇通客车,2.3,,31621.61,,,,,,,22.15,,312919.39,,2.51,33.62,汽车整车
34,600100,同方股份,-1.25,,-26910.31,,,,-0.86,,-18428.06,0.48,,10363.93,,1.3,0.0,电脑设备
36,600111,北方稀土,0.89,,7446.02,1.33,,11196.06,4.06,,34911.48,,,,,4.46,91.4,小金属
38,600115,东方航空,5.79,,281800.0,8.79,,434700.0,15.45,,791500.0,12.64,,635200.0,,1.61,11.27,空运
56,600118,中国卫星,1.18,,5816.83,3.55,,17636.44,5.1,,25573.01,8.16,,40960.05,,4.29,93.6,航空
65,600153,建发股份,1.94,,42224.26,4.26,,93459.73,7.4,,163070.51,14.83,,333085.53,,1.0,10.43,商贸代理
77,600157,永泰能源,0.45,,10669.05,1.07,,25468.23,,,,2.51,,60234.59,,0.84,10.16,煤炭开采
79,600170,上海建工,2.21,,50264.14,,,,8.36,,189889.45,10.72,,258446.52,,1.1,12.49,建筑施工
81,600188,兖州煤业,3.99,,174856.7,7.1,,318914.4,10.36,,478339.4,14.0,,677061.8,,1.23,6.44,煤炭开采
83,600196,复星医药,3.3,,73774.67,7.46,,168905.97,10.25,,241926.69,13.02,,312449.95,,4.05,37.19,化学制药
86,600219,南山铝业,0.9,,28652.74,2.32,,74153.78,4.12,,132134.86,5.01,,161135.51,,0.74,20.53,铝
87,600221,海航控股,1.43,,83514.0,1.94,,114733.3,3.84,,275776.4,5.91,,332294.7,,1.01,10.15,空运
89,600233,圆通速递,3.35,,27928.82,8.1,,69277.59,12.31,,105808.5,16.56,,144269.33,,3.64,27.78,仓储物流
90,600271,航天信息,4.15,,39561.25,6.11,,58117.74,11.8,,112231.44,16.16,,155657.25,,4.76,116.58,电脑设备
92,600276,恒瑞医药,6.35,,81184.76,11.98,,157343.09,17.34,,232776.59,23.28,,321664.8,,16.84,72.71,化学制药
93,600297,广汇汽车,3.95,,97066.45,8.16,,200221.88,11.39,,290758.04,15.05,,388435.82,,1.17,9.4,汽车服务
97,600309,万华化学,12.84,,219505.98,25.43,,486103.79,38.27,,781099.6,50.66,,1113479.03,,5.17,9.73,化工原料
98,600339,中油工程,1.31,,21858.04,2.64,,57487.85,2.4,,52107.53,3.0,,67000.59,,1.0,0.0,石油加工
100,600346,恒力股份,4.78,,28666.07,9.37,,56229.37,17.84,,110188.27,26.71,,171933.05,,3.46,17.57,化纤
101,600352,浙江龙盛,3.15,,50118.82,6.28,,101316.0,,,,15.24,,247379.48,,2.2,9.9,染料涂料
102,600362,江西铜业,1.11,,54125.09,,,,,,,3.39,,160410.78,,1.08,17.0,铜
104,600369,西南证券,0.13,,2388.6,1.92,,36670.99,,,,3.49,,66880.02,,1.11,20.48,证券
105,600372,中航电子,-0.43,,-2607.82,2.34,,14577.4,3.51,,22074.35,8.57,,54243.95,,3.33,0.0,航空
107,600373,中文传媒,4.21,,47325.18,7.0,,79471.55,9.61,,110150.38,12.49,,145174.15,,1.31,9.16,出版业
109,600376,首开股份,0.43,,16021.14,,,,3.38,,91316.52,8.87,,236277.78,,0.79,13.14,区域地产
118,600383,金地集团,2.3,,87078.65,3.11,,115229.51,6.13,,226883.3,17.62,,684267.64,,0.97,9.15,全国地产
119,600390,五矿资本,1.78,,43552.53,,,,,,,8.54,,247664.5,,0.89,13.02,多元金融
120,600398,海澜之家,9.57,,101000.32,18.3,,187518.73,24.93,,251263.5,32.51,,332887.42,,4.5,12.25,服饰
124,600415,小商品城,6.46,,68042.18,9.72,,103527.88,11.2,,123693.62,,,,,1.96,8.04,商品城
127,600436,片仔癀,6.28,,22636.88,11.68,,43319.89,,,,21.16,,80701.87,,16.94,57.63,中成药
128,600438,通威股份,2.25,,26567.09,6.56,,79162.24,12.6,,152853.89,,,,,1.8,19.15,饲料
129,600482,中国动力,0.89,,22703.27,2.2,,56071.97,,,,,,,,1.22,38.78,电气设备
132,600487,亨通光电,4.62,,27769.2,12.41,,76742.02,23.37,,167087.87,,,,,3.9,21.31,通信设备
133,600489,中金黄金,0.66,,8811.15,1.59,,21238.88,,,,2.18,,29126.55,,1.72,100.8,黄金
137,600516,方大炭素,1.25,,7352.17,6.83,,41185.41,29.24,,201911.73,46.62,,362041.86,,3.8,5.87,矿物制品
138,600519,贵州茅台,8.06,,612311.93,14.33,,1125086.09,24.97,,1998384.7,32.95,,2707936.03,,9.39,27.58,白酒
140,600522,中天科技,3.68,,44537.98,7.75,,95057.58,,,,10.78,,178836.38,,1.52,15.24,通信设备
142,600535,天士力,3.92,,31814.98,9.06,,75622.74,13.66,,113853.59,15.24,,137654.22,,4.53,27.5,中成药
144,600547,山东黄金,2.09,,32741.46,,,,,,,7.12,,113742.38,,2.66,32.01,黄金
145,600549,厦门钨业,2.0,,13119.54,6.75,,45304.47,8.75,,58755.1,9.24,,61837.84,,3.09,178.1,小金属
149,600570,恒生电子,1.74,,4224.91,9.08,,22862.41,11.29,,28984.88,17.54,,47121.9,,10.2,140.09,软件服务
155,600583,海油工程,-0.74,,-17025.55,0.86,,19985.04,1.29,,30212.65,2.13,,49105.55,,1.0,0.0,石油开采
159,600637,东方明珠,1.61,,42968.47,4.52,,122364.17,3.79,,101257.5,8.28,,223691.12,,1.35,21.59,影视音像
161,600660,福耀玻璃,3.77,,69287.91,7.66,,138618.68,11.87,,214354.99,17.16,,314874.8,,3.25,27.98,汽车配件
162,600663,陆家嘴,2.19,,44985.46,5.86,,115368.27,11.16,,146348.28,22.19,,312991.77,,3.51,19.13,园区开发
166,600674,川投能源,3.86,,80720.96,6.2,,122969.75,13.37,,285762.95,15.34,,326473.53,,1.6,11.25,水力发电
170,600682,南京新百,-1.11,,-6040.7,2.59,,8872.64,10.27,,37478.29,10.41,,73623.22,,1.89,41.65,百货
174,600688,上海石化,7.61,,192885.2,9.82,,257547.9,,,,20.84,2.61,614155.8,,2.01,8.52,石油加工
176,600690,青岛海尔,6.38,,173876.36,15.47,,442706.84,,,,,,,,3.39,14.49,家用电器
179,600704,物产中大,2.03,,39340.27,4.93,,93988.01,7.89,,147888.43,12.06,,223484.75,,1.17,6.53,商贸代理
183,600705,中航资本,2.33,,53159.09,5.73,,127557.12,8.65,,196171.59,12.33,,278360.62,,1.69,12.89,多元金融
184,600739,辽宁成大,3.66,,69535.48,4.56,,86786.45,,,,7.49,,144616.8,,1.1,37.8,商贸代理
187,600795,国电电力,1.97,,102365.69,3.38,,177252.65,4.65,,243122.35,4.21,,222324.23,,1.01,10.49,火力发电
205,600804,鹏博士,2.68,,17236.96,5.95,,39051.41,9.07,,60592.59,11.43,,76927.55,,2.27,45.12,电信运营
209,600809,山西汾酒,9.45,,46771.06,12.98,,60168.37,12.55,,80553.08,19.04,,94410.17,,9.31,19.49,白酒
211,600816,安信信托,7.17,,102013.56,11.76,,161201.72,19.92,,282528.83,25.23,,366821.23,,2.54,8.97,多元金融
213,600886,国投电力,3.17,,93000.71,4.4,,129003.0,,,,10.91,,323230.0,,1.53,12.43,水力发电
214,600887,伊利股份,7.24,,173365.33,14.3,,336411.11,,,,25.22,,600088.49,,6.37,20.62,乳制品
215,600893,航发动力,-0.58,,-9019.73,1.03,,15930.63,2.33,,36493.08,,,,,2.06,0.0,航空
217,600900,长江电力,2.09,,270800.34,,,,13.46,,1775564.7,16.91,,2226091.13,,2.57,31.23,水力发电
219,600909,华安证券,1.39,,16522.25,3.38,,40647.13,,,,5.39,,64972.68,,1.63,31.83,证券
221,600958,东方证券,2.07,,84429.75,4.27,,175524.23,6.37,,262891.54,8.62,,355362.64,,1.15,34.67,证券
223,600959,江苏有线,1.57,,20551.82,,,,5.28,,69570.6,5.95,,78346.64,,1.46,36.22,影视音像
226,600977,中国电影,2.91,,28821.57,5.96,,60082.01,,,,9.55,,96528.32,,2.73,21.42,影视音像
228,600999,招商证券,2.27,,137451.62,,,,,,,8.39,,578595.51,,1.35,20.19,证券
229,601006,大秦铁路,3.46,,316120.06,8.2,,762258.76,11.98,,1123725.09,13.5,,1334951.61,,1.25,7.89,铁路
230,601009,南京银行,4.63,10.55,245340.8,,,,13.71,7.79,743309.6,16.94,6.77,966817.3,,1.06,5.65,银行
232,601018,宁波港,1.95,2.68,68185.4,3.93,2.67,137689.4,,,,7.51,2.76,267665.4,,1.54,19.09,港口
233,601021,春秋航空,4.06,,30325.6,7.33,,55397.08,,,,16.0,,126158.15,,2.6,20.73,空运
235,601088,中国神华,3.84,16.37,1223500.0,,,,10.74,14.69,3564900.0,14.67,15.16,4503700.0,,1.11,7.5,煤炭开采
237,601108,财通证券,2.47,,38491.68,5.35,4.88,82085.03,7.82,5.03,120970.28,,,,,1.88,26.77,证券
238,601111,中国国航,2.03,,146640.0,4.33,,332642.0,,,,8.96,,724031.2,,1.35,11.32,空运
239,601155,新城控股,0.28,,4227.15,7.44,,113922.94,12.81,,199184.32,34.18,,602890.77,,3.08,45.24,区域地产
241,601166,兴业银行,4.7,17.59,1682400.0,8.61,17.67,3160100.0,,,,15.35,18.82,5720000.0,,0.73,4.23,银行
242,601169,北京银行,4.3,8.49,544500.0,8.21,8.11,1107900.0,,,,13.77,7.43,1873300.0,,0.75,5.27,银行
243,601198,东兴证券,1.63,,30245.1,,,,4.95,,92689.12,6.98,,130924.96,,1.79,31.47,证券
244,601211,国泰君安,2.65,,256334.48,,,,6.61,,703531.55,9.05,14.13,988154.47,,1.11,14.01,证券
246,601212,白银有色,0.2,,2351.99,,,,1.89,,22928.56,2.13,,23933.01,,2.77,203.74,铜
252,601216,君正集团,3.83,,53401.29,6.54,,92431.16,11.14,,160956.17,14.63,,214808.6,,1.67,8.84,化工原料
258,601225,陕西煤业,7.45,,267378.49,,,,,,,26.59,,1044940.0,,1.57,6.58,煤炭开采
259,601228,广州港,1.5,,16293.67,3.25,,35446.41,5.12,,56274.73,6.11,,69705.47,,2.59,30.75,港口
261,601238,广汽集团,8.35,,382857.84,13.1,,618260.24,18.14,,896211.82,21.49,,1078621.99,,1.46,6.88,汽车整车
277,601288,农业银行,4.37,3.95,5571000.0,8.37,3.93,10859300.0,,,,14.57,4.15,19296200.0,,0.82,5.21,银行
278,601318,中国平安,5.8,22.51,2305300.0,10.6,23.29,4342700.0,15.7,24.52,6631800.0,20.72,25.89,8908800.0,,2.13,10.41,保险
279,601328,交通银行,3.03,7.93,1932300.0,6.4,7.86,3897500.0,8.91,8.06,5441900.0,11.4,8.23,7022300.0,,0.74,5.55,银行
280,601333,广深铁路,1.0,,28250.02,1.8,,50871.57,3.14,,88848.55,3.59,,101536.1,,1.03,16.71,铁路
281,601336,新华保险,3.04,19.74,183700.0,5.29,19.78,323700.0,8.18,20.39,504200.0,8.76,20.42,538300.0,,2.13,13.37,保险
283,601390,中国中铁,1.84,,262258.3,5.36,,770737.4,7.71,,1103579.8,,,,,1.15,13.34,建筑施工
285,601555,东吴证券,1.52,,31010.33,2.09,,42684.98,3.93,,80727.33,3.85,,78812.28,,0.95,84.49,证券
286,601600,中国铝业,1.02,,39076.4,1.98,,75131.3,3.57,,135562.8,3.55,,137843.5,,1.09,42.86,铝
288,601601,中国太保,1.5,14.65,200000.0,4.8,14.51,650900.0,8.1,14.98,1092600.0,10.89,15.17,1466200.0,,2.11,19.94,保险
289,601611,中国核建,1.28,,10990.28,3.39,,29425.22,,,,9.51,,85301.72,,2.52,39.58,建筑施工
293,601618,中国中冶,2.35,,144173.8,3.8,,267467.6,5.26,,354888.6,8.44,,606148.8,,1.02,10.2,建筑施工
295,601628,中国人寿,2.03,10.66,614900.0,4.01,10.64,1224200.0,,,,10.49,11.35,3225300.0,,1.96,11.87,保险
296,601633,长城汽车,4.05,,195468.82,5.04,,241975.54,,,,10.48,,502729.8,,1.67,10.27,汽车整车
297,601668,中国建筑,3.63,,708347.8,,,,12.4,,2578217.9,15.82,,3294179.9,,0.94,6.61,建筑施工
298,601718,际华集团,1.98,3.69,27836.99,3.29,,51381.58,,,,4.43,,75493.83,,0.92,28.35,服饰
300,601766,中国中车,1.02,,115198.8,3.15,,367254.2,5.83,,680920.8,9.14,4.24,1079855.6,,1.77,42.86,运输设备
301,601788,光大证券,1.25,,58721.14,2.6,,123748.81,,,,,,,,1.01,17.08,证券
302,601818,光大银行,3.83,4.99,857900.0,6.88,5.05,1693900.0,10.25,5.22,2543300.0,12.75,5.24,3154500.0,,0.7,5.32,银行
305,601828,美凯龙,,,103101.57,5.46,,204517.11,7.45,10.75,283975.17,10.48,,407789.77,,1.29,12.18,其他商业
306,601838,成都银行,3.84,,85648.3,7.4,,165226.5,12.34,,280997.8,16.83,7.68,390857.8,,1.05,7.24,银行
307,601866,中远海发,2.58,,34751.81,7.69,,105468.94,8.26,,113947.46,10.25,,146189.05,,1.74,24.56,水运
310,601877,正泰电器,2.18,,35926.96,7.13,,125645.43,,,,15.35,,283985.47,,2.34,19.64,电气设备
311,601878,浙商证券,2.72,,26392.13,5.36,,52678.01,8.14,,81177.74,9.22,,106350.78,,1.88,32.12,证券
313,601881,中国银河,1.82,,111734.16,3.38,,211221.23,5.27,,338344.06,,,,,1.18,19.09,证券
316,601888,中国国旅,5.55,13.61,71824.88,9.95,,130019.67,14.47,6.89,190796.7,19.12,,253076.28,,9.19,29.88,旅游服务
317,601898,中煤能源,1.35,,117096.7,1.95,,169613.7,,,,2.76,,241442.6,,0.68,10.95,煤炭开采
319,601899,紫金矿业,3.54,,100563.35,,,,7.16,,221418.33,11.1,,350771.76,,2.24,18.09,黄金
320,601901,方正证券,1.13,4.36,40482.91,2.29,4.43,82419.45,3.66,4.52,133063.04,3.99,4.55,145295.79,,1.45,43.24,证券
322,601919,中远海控,1.46,,27014.05,9.59,,186346.68,13.89,,273587.66,13.77,,266193.59,,2.28,63.54,水运
324,601933,永辉超市,3.8,,74375.65,5.46,,105521.84,7.23,,139239.15,9.32,,181679.41,,3.75,24.19,超市连锁
326,601939,建设银行,4.41,6.52,7001200.0,8.55,6.5,13833900.0,,,,,,,,0.98,5.91,银行
328,601958,金钼股份,0.04,,450.1,0.12,,1532.53,0.3,,3789.68,0.84,,10727.41,,1.56,78.07,小金属
332,601985,中国核电,2.94,,121482.67,6.11,,254529.07,9.77,,410410.32,10.69,,449771.5,,1.96,17.91,新型电力
335,601991,大唐发电,1.58,,63095.6,2.68,,108077.4,,,,4.22,,171181.0,,1.02,26.15,火力发电
336,603160,汇顶科技,6.21,,17534.8,16.51,,48197.57,25.18,,76263.13,28.79,,88694.21,,8.84,404.13,元器件
340,603260,合盛硅业,9.76,4.97,27129.6,,,55381.27,,,,42.12,,151697.24,,8.27,19.84,化工原料
342,603288,海天味业,9.3,,97695.45,18.19,,182318.79,,,,31.12,,353143.69,,15.96,42.98,食品
344,603799,华友钴业,5.63,,25166.14,14.46,,67491.03,,,,36.5,,189551.3,,9.54,18.93,小金属
345,603858,步长制药,1.75,,22238.25,,,,8.91,,113008.34,12.81,,163795.23,,2.27,36.73,中成药
347,603993,洛阳钼业,3.14,,59722.04,4.43,,83513.87,3.77,,160454.06,9.89,,272779.62,,3.62,22.75,小金属
348,000001,平安银行,2.89,10.94,621400.0,6.21,11.15,1255400.0,,,,11.62,11.77,2318900.0,,0.75,5.78,银行
349,000060,中金岭南,2.81,,21878.81,6.95,,55207.97,10.25,,86298.36,12.01,,106699.29,,1.6,13.19,铅锌
350,000063,中兴通讯,4.5,6.59,121360.7,,,,13.64,7.36,390465.2,15.74,7.55,456817.2,,1.84,8.76,通信设备
353,000166,申万宏源,1.84,,97182.36,,,,,,,8.61,,459968.34,,1.45,24.79,证券
354,000333,美的集团,6.87,,435258.7,16.46,,1081132.2,,,,25.88,,1728368.9,,3.98,15.07,家用电器
355,000338,潍柴动力,3.65,,117993.41,8.1,,265004.27,13.16,,460315.34,20.25,,680834.25,,1.83,8.85,汽车配件
356,000413,东旭光电,1.75,,39278.26,2.84,,63585.58,,,,7.09,,174366.68,,1.09,20.15,元器件
357,000415,渤海金控,1.28,,40065.9,3.29,,102640.2,6.0,,187281.7,8.37,,263034.1,,1.16,16.65,多元金融
359,000423,东阿阿胶,6.98,,60456.62,10.6,,90147.04,14.36,,124659.6,22.46,,204435.25,,3.34,14.35,中成药
360,000425,徐工机械,0.98,,20181.88,2.66,,55030.78,3.73,,77785.2,,,,,1.26,13.25,工程机械
361,000503,国新健康,-2.77,,-3883.77,,,,-11.82,,-15445.1,1.17,,1667.49,,20.87,0.0,医疗保健
362,000538,云南白药,4.47,,72514.19,9.48,,156504.94,,,,18.55,,314498.14,,5.85,34.2,中成药
363,000540,中天金融,6.1,,94068.19,,,,10.84,,165545.0,13.5,,208154.94,,2.04,12.26,多元金融
367,000568,泸州老窖,6.99,,79746.8,,,,,,,20.3,,255794.46,,5.41,18.29,白酒
368,000623,吉林敖东,2.21,,41837.6,4.78,,91123.18,,,,9.59,,186347.14,,0.97,15.69,中成药
370,000625,长安汽车,5.36,,240134.48,10.42,,462054.57,12.93,,581059.65,15.65,,713723.47,,0.81,7.12,汽车整车
372,000630,铜陵有色,0.86,,14413.83,1.41,,23629.99,2.35,,39530.52,,,,,1.26,27.29,铜
378,000651,格力电器,7.19,,401453.65,,,,25.1,,1546070.89,37.44,,2240157.62,,3.94,12.52,家用电器
384,000723,美锦能源,4.4,,30777.07,7.01,,50190.78,11.77,,85516.13,14.3,,106493.04,,2.77,17.92,焦炭加工
385,000728,国元证券,1.16,,24189.79,2.46,,51371.83,,,,,,,,0.94,35.8,证券
386,000768,中航飞机,-0.57,,-8779.66,0.6,,9161.67,0.82,,12701.05,3.03,,47140.17,,2.81,408.74,航空
388,000776,广发证券,2.67,,213852.68,,,,7.84,,636723.59,10.55,,859539.91,,1.16,16.4,证券
390,000783,长江证券,1.68,,43224.84,3.86,,99501.54,,,,5.96,,154511.24,,1.07,23.08,证券
391,000786,北新建材,1.43,,14966.92,6.43,,68232.43,14.24,,156463.5,20.66,,234398.54,,2.63,17.29,其他建材
394,000792,盐湖股份,-1.1,,-26465.01,-2.16,,-52250.26,,,,-17.34,,-415923.79,,1.61,0.0,化工原料
395,000826,启迪桑德,2.23,,21006.45,,,,8.85,,83079.77,11.01,,125115.22,,1.61,20.16,环境保护
397,000895,双汇发展,6.0,,87861.66,,,,23.16,,315103.87,31.4,,431929.99,,5.63,20.76,食品
400,000898,鞍钢股份,2.35,,106900.0,,,,7.08,,328500.0,11.81,6.91,560500.0,,0.8,6.47,普钢
402,000938,紫光股份,1.32,,31600.86,3.34,,80649.9,,,,6.44,,157542.12,,2.49,63.75,软件服务
403,000961,中南建设,1.1,,15078.74,2.6,,35420.37,,,,4.39,,60266.16,,1.47,14.44,建筑施工
405,000983,西山煤电,2.78,,46493.8,5.39,,91737.25,2.46,,137353.58,,,,,1.12,10.11,煤炭开采
406,001965,招商公路,,,80517.11,,,171785.54,,,,8.64,,336819.5,,1.14,14.27,路桥
412,001979,招商蛇口,3.69,,212188.37,6.03,,346643.75,6.59,,371810.16,20.32,,1222030.82,,1.92,6.19,全国地产
414,002007,华兰生物,5.88,,25533.6,9.72,,43112.05,13.67,,61909.87,18.48,,82082.35,,6.68,39.26,生物制药
418,002027,分众传媒,12.96,,110676.14,,,,,,,67.65,,600470.68,,12.96,31.06,影视音像
419,002044,美年健康,-3.25,,-10579.21,0.86,,2852.09,6.36,,21606.15,10.0,,61380.01,,11.69,0.0,医疗保健
420,002065,东华软件,5.18,,46675.88,6.74,,61261.74,,,,7.49,,66379.96,,3.14,52.74,软件服务
421,002074,国轩高科,5.0,,20201.16,10.79,,44521.9,,,,,,,,1.86,24.28,电气设备
422,002085,万丰奥威,3.7,,19995.84,8.72,,48107.89,12.71,,70909.86,,,,,3.02,20.78,汽车配件
424,002142,宁波银行,5.12,12.0,235921.5,10.15,9.55,476549.0,,,,19.02,10.31,933357.2,,1.48,7.3,银行
425,002146,荣盛发展,1.92,,45802.7,6.87,,168459.36,11.4,,279051.19,22.44,,576077.0,,1.21,14.21,全国地产
431,002153,石基信息,1.26,,6279.14,3.64,,18249.43,5.5,,27846.18,,,,,5.74,114.21,软件服务
433,002202,金风科技,0.81,,18063.66,5.76,,113291.83,11.43,,229616.54,,,,,2.11,46.91,电气设备
434,002230,科大讯飞,1.03,,7398.27,1.44,,10728.36,2.2,,16861.88,5.74,,43467.6,,8.69,207.25,软件服务
436,002236,大华股份,3.42,,28683.84,11.29,,98300.12,16.24,,144449.38,25.47,,237872.68,,5.35,48.77,电器仪表
437,002241,歌尔股份,2.71,,29911.86,6.46,,71884.22,11.39,,138533.88,16.58,,213922.62,,2.14,43.78,元器件
441,002252,上海莱士,1.88,,22222.8,5.88,,70883.8,7.79,,94014.4,6.93,,83582.86,,8.22,0.0,生物制药
445,002294,信立泰,6.78,,37642.37,13.33,,73041.28,19.89,,109404.55,25.94,,145188.73,,5.94,23.11,化学制药
449,002310,东方园林,-0.38,,-3510.95,4.98,,46766.2,9.04,,86648.6,21.29,,217792.17,,3.55,1026.83,建筑施工
451,002352,顺丰控股,3.7,,77371.49,8.84,,188362.62,,,,18.43,,477068.97,,5.89,49.86,仓储物流
454,002385,大北农,2.06,,19223.91,5.54,,52466.44,8.78,,83948.93,13.16,,126521.19,,1.76,25.39,饲料
458,002411,必康股份,1.98,,16607.23,5.34,,45619.84,9.74,,62088.15,,,,,4.65,50.11,化学制药
461,002415,海康威视,5.91,,148081.69,12.98,,329154.61,22.38,,615281.42,34.96,,941085.51,,10.53,46.73,电器仪表
463,002450,康得新,3.42,,54149.05,7.74,,125494.16,,,,14.77,,247438.18,,3.22,21.12,化工原料
464,002456,欧菲科技,2.34,,19055.89,6.85,,62005.95,11.98,,102188.74,11.79,,100972.03,,5.14,40.92,元器件
465,002460,赣锋锂业,5.35,,13645.17,,,,35.69,,100353.02,46.37,,146907.81,,10.44,31.29,小金属
467,002468,申通快递,5.76,,32248.03,12.84,,74650.09,18.77,,112740.84,24.05,,148783.62,,3.62,17.06,仓储物流
469,002470,金正大,4.53,,41523.27,8.48,,79443.2,9.73,,90770.8,,,,,2.19,10.25,农药化肥
471,002493,荣盛石化,4.78,,62088.13,,,,10.38,,155487.12,14.09,,200123.85,,4.12,24.02,化纤
473,002508,老板电器,5.91,,25157.67,13.69,,59775.79,,,,,,,,4.76,21.98,家用电器
474,002555,三七互娱,9.13,,43303.32,17.18,,85055.05,,,,28.12,,162058.24,,4.14,15.36,互联网
476,002558,巨人网络,4.39,,33898.72,,,,13.09,,104330.63,16.09,,129031.63,,4.94,32.26,互联网
478,002572,索菲亚,1.97,,7722.63,7.49,,29426.23,14.4,,57572.33,21.98,,90677.09,,6.15,68.13,家居用品
480,002594,比亚迪,1.15,,60579.5,3.33,,172291.4,5.34,,279143.5,7.76,,406647.8,,2.45,305.98,汽车整车
481,002601,龙蟒佰利,4.63,,58519.68,10.22,,130993.25,14.91,,192073.62,19.14,,250241.4,,1.94,11.29,化工原料
483,002602,世纪华通,2.81,,12512.73,13.17,,61819.1,15.08,,71468.1,16.43,,78274.03,,3.49,37.81,汽车配件
485,002608,江苏国信,2.39,,37383.81,5.13,,85902.86,8.74,,141492.59,13.19,,217967.3,,1.24,14.58,火力发电
487,002624,完美世界,4.4,,32545.48,,,,14.14,,107823.55,19.57,,150470.87,,4.35,25.01,影视音像
491,002625,光启技术,0.37,,1931.08,,,,,,,1.17,,8085.57,,3.18,496.65,汽车配件
492,002714,牧原股份,11.33,,68003.64,16.8,,120026.83,22.93,,181221.19,28.12,,236552.94,,4.17,98.68,农业综合
494,002736,国信证券,2.12,,104096.58,4.23,,201322.04,7.04,,336004.17,,,,,1.55,24.95,证券
496,002739,万达电影,4.43,,47391.25,,,,11.5,,126420.52,13.73,,151567.52,,5.06,28.26,影视音像
505,002925,盈趣科技,20.01,,18690.51,44.83,2.99,44018.56,67.25,,74573.41,80.97,,98386.25,,7.45,37.55,元器件
506,300024,机器人,1.04,,5792.97,3.13,,17674.94,4.8,,27371.33,7.48,,43237.79,,4.45,109.26,专用机械
510,300027,华谊兄弟,-0.76,,-6841.51,,,,,,,,,,,1.71,16.34,影视音像
511,300033,同花顺,3.41,,10232.91,10.06,,28640.6,,,,24.68,,72565.38,,7.37,67.13,软件服务
512,300070,碧水源,1.47,,23029.92,3.37,,53384.87,,,,14.99,,250938.39,,2.07,61.47,环境保护
513,300072,三聚环保,6.72,,43671.57,17.63,,121298.54,27.46,,199490.34,33.7,,253915.23,,4.65,18.42,环境保护
517,300122,智飞生物,2.36,,6031.75,,,,10.74,,28523.48,,,,,26.44,81.41,生物制药
519,300124,汇川技术,3.58,,17245.17,8.76,,42873.12,,,,20.98,,106004.18,,9.05,65.8,电器仪表
520,300251,光线传媒,2.61,,18503.89,,,,,,,10.98,,81515.69,,2.89,3.77,影视音像
522,300408,三环集团,4.44,,23231.9,8.15,,42988.76,13.18,,69942.86,19.58,,108344.34,,7.5,45.84,元器件
524,600010,包钢股份,,,,1.24,,58765.41,,,,4.27,,206125.55,,1.4,27.56,普钢
525,600016,民生银行,,,,8.12,9.71,2808800.0,,,,14.03,10.12,4981300.0,,0.66,4.26,银行
526,600025,华能水电,,,,4.42,,151830.6,,,,6.31,,218892.27,,1.31,38.5,水力发电
528,600030,中信证券,,,,3.39,11.86,492650.89,,,,7.82,,1143326.45,,1.33,18.7,证券
529,600068,葛洲坝,,,,6.18,,173377.56,9.18,,258931.69,17.28,,468360.21,,1.25,10.47,建筑施工
531,600085,同仁堂,,,,7.42,,59980.21,,,,12.55,,101738.15,,5.72,39.26,中成药
533,600089,特变电工,,,,5.71,,136236.41,,,,8.24,,219576.23,,0.88,12.41,电气设备
535,600104,上汽集团,,,,7.59,,1595821.22,,,,16.87,,3441033.95,,1.75,10.54,汽车整车
537,600109,国金证券,,,,3.09,,55034.09,4.89,,87874.43,6.62,,120143.25,,1.12,19.63,证券
538,600176,中国巨石,,,,8.87,,100631.72,13.61,,155153.63,18.38,,214984.94,,2.87,15.09,玻璃
540,600177,雅戈尔,,,,8.65,,204713.03,,,,1.23,,29673.14,,1.06,12.92,服饰
541,600332,白云山,,,,6.46,11.1,115814.01,8.21,11.3,148565.13,11.34,11.61,206165.19,,3.39,18.54,中成药
542,600340,华夏幸福,,,,16.96,,536718.31,,,,31.4,,878080.6,,2.64,8.6,区域地产
543,600406,国电南瑞,,,,3.87,,34957.98,,,,16.38,,324052.27,,3.39,190.54,软件服务
544,600498,烽火通信,,,,6.04,,44970.5,8.04,,59682.2,10.36,,82496.34,,2.99,51.78,通信设备
545,600588,用友网络,,,,-1.14,3.52,-6376.87,-4.62,,-25999.19,6.71,3.99,38908.09,,8.02,0.0,软件服务
546,600703,三安光电,,,,8.33,,151481.79,12.77,,237753.62,17.13,,316421.09,,3.94,21.09,半导体
548,600837,海通证券,,,,3.57,,402347.77,5.41,,614526.41,7.56,,861842.33,,0.9,15.44,证券
550,600867,通化东宝,,,,9.9,,41039.07,15.55,,64858.87,,,,,11.42,50.08,生物制药
552,600919,江苏银行,,,,7.31,,617678.6,10.73,7.69,918575.6,,,,,0.76,5.43,银行
554,601012,隆基股份,,,,11.57,,123616.07,20.12,,224095.38,30.14,,356452.56,,2.83,19.23,半导体
555,601099,太平洋,,,,-1.05,,-12319.9,,,,0.99,,11627.88,,1.36,762.42,证券
556,601117,中国化学,,,,3.04,,84761.29,,,,,,,,1.15,20.65,建筑施工
558,601186,中国铁建,,,,5.16,,652303.9,8.23,,1052878.3,12.16,,1605723.5,,0.82,8.36,建筑施工
560,601229,上海银行,,,,6.51,15.47,779585.7,,,,12.63,16.27,1532849.9,,0.93,6.97,银行
562,601360,三六零,,,,1.55,,2613.09,,,,4.05,,6811.74,,10.36,98.18,互联网
563,601377,兴业证券,,,,4.05,,130934.66,6.12,,198270.52,7.03,,228489.61,,1.05,24.11,证券
567,601607,上海医药,,,,5.91,,192512.24,,,,,,,,1.91,17.57,医药商业
569,601669,中国电建,,,,6.04,,370547.9,,,,,,,,1.11,10.81,建筑施工
571,601688,华泰证券,,,,3.5,,299324.99,5.52,,470753.79,,,,,1.18,13.78,证券
577,601727,上海电气,,,,2.97,,135898.8,3.82,,187744.7,5.32,,265957.6,,1.65,35.5,电气设备
579,601800,中国交建,,,,4.58,,753827.8,,,,12.95,,2058077.8,,1.09,13.07,建筑施工
580,601808,中海油服,,,,-1.06,,-36951.21,-0.42,,-14636.18,0.09,,3306.71,,1.31,0.0,石油开采
581,601989,中国重工,,,,1.09,,62777.54,1.87,,110522.28,,,,,1.09,82.99,船舶
585,601997,贵阳银行,,,,8.69,9.69,190206.5,14.24,10.25,318719.7,19.76,10.75,453067.6,,1.05,5.91,银行
586,603833,欧派家居,,,,9.76,,41409.02,19.32,,94453.31,25.75,,130013.2,,8.07,173.1,家居用品
587,000157,中联重科,,,,3.02,,113155.92,,,,3.57,,133192.37,,0.82,20.79,工程机械
588,000559,万向钱潮,,,,9.96,,44392.33,13.8,,62226.21,18.99,,88151.28,,3.58,19.16,汽车配件
590,000627,天茂集团,,,,4.59,,62581.67,6.04,,83882.66,9.13,,132616.42,,1.72,24.49,保险
591,000709,河钢股份,,,,2.75,,125080.22,4.81,,219507.71,4.02,,181706.24,,0.65,20.08,普钢
592,000959,首钢股份,,,,3.75,,94889.51,7.06,,176240.51,8.7,,221065.11,,0.78,10.46,普钢
594,002008,大族激光,,,,15.83,,91411.04,24.58,,150215.41,27.6,,166504.39,,7.08,38.12,电器仪表
596,002024,苏宁易购,,,,0.44,,29149.6,1.02,,67171.3,5.76,,421251.6,,1.55,274.31,电器连锁
597,002050,三花智控,,,,9.49,,51288.55,,,,19.12,,123595.21,,4.42,36.1,机械基件
599,002304,洋河股份,,,,14.22,,390826.05,,,,24.08,,662717.0,,6.22,14.74,白酒
601,002466,天齐锂业,,,,18.07,,92399.07,,,,35.71,,214503.88,,6.22,21.77,小金属
605,002475,立讯精密,,,,5.88,,68189.84,9.31,,108216.37,14.09,,169056.81,,5.78,58.14,元器件
611,002673,西部证券,,,,3.09,,43745.48,,,,4.77,,75227.09,,1.51,41.07,证券
613,002797,第一创业,,,,2.18,,18922.03,,,,4.85,,42285.11,,2.44,78.81,证券
615,300017,网宿科技,,,,5.58,3.13,41595.56,,,,10.91,,83040.29,,3.09,29.02,电信运营
616,300059,东方财富,,,,2.01,,26010.1,3.51,,45758.62,,,,,4.44,55.45,互联网
617,300136,信维通信,,,,18.97,,40338.72,31.58,,71496.57,37.66,,88904.61,,11.33,40.04,通信设备
625,300144,宋城演艺,,,,7.9,,52360.7,13.52,,91790.85,15.6,,106761.21,,4.86,28.78,旅游景点
626,600050,中国联通,,,,,,,1.68,,131194.46,0.49,,42584.47,,1.12,29.49,电信运营
629,600585,海螺水泥,,,,,,,12.26,,980865.37,19.12,16.87,1585467.01,,1.92,9.47,水泥
630,600606,绿地控股,,,,,,,11.2,,656263.24,,,,,1.16,5.32,全国地产
631,600741,华域汽车,,,,,,,12.35,,481641.87,16.51,,655392.29,,1.74,6.57,汽车配件
632,600820,隧道股份,,,,,,,6.36,,115942.22,9.78,,181002.88,,0.96,12.09,建筑施工
633,600926,杭州银行,,,,,,,9.17,11.26,366573.9,,,,,0.73,6.45,银行
634,601857,中国石油,,,,,,,1.45,,1736200.0,1.9,,2279300.0,,1.16,34.26,石油开采
636,601998,中信银行,,,,,,,9.49,7.38,3473800.0,11.67,8.17,4256600.0,,0.78,5.96,银行
638,000839,中信国安,,,,,,,3.68,,24786.07,3.87,,25937.13,,2.69,102.85,综合类
639,000963,华东医药,,,,,,,19.26,,148915.9,,,,,8.04,27.6,化学制药
641,002500,山西证券,,,,,,,3.06,,37922.15,3.31,,40890.13,,1.5,53.56,证券
642,300003,乐普医疗,,,,,,,12.65,,73825.01,15.17,,89908.53,,10.91,55.53,医疗保健
644,300015,爱尔眼科,,,,,,,20.87,,63269.29,21.74,,74251.45,,14.67,92.58,医疗保健
646,300433,蓝思科技,,,,,,,,,,13.77,,204697.74,,3.28,126.05,元器件
