,code,toker
0,0P00011HZW,AAL
1,0P000000KK,AAME
2,0P0000ZJF0,AAOI
3,,
4,0P000000GY,AAPL
5,0P000006QH,AAWW
6,0P0000CWN0,AAXJ
7,,
8,0P0000P61Y,ABAC
9,0P000000EQ,ABCB
10,0P0000KXWG,ABCD
11,0P00012UT9,ABDC
12,0P0000004H,ABEO
13,,
14,0P00011U9Z,ABIL
15,0P00000405,ABIO
16,0P0000003X,ABMD
17,0P00016QJ6,ABTX
18,0P0000JKU6,ABUS
19,0P0000001A,ACAD
20,0P00016XX8,ACBI
21,0P000009MM,ACER
22,0P0000004P,ACET
23,0P000000HW,ACGL
24,0P0001BHYB,ACGLO
25,0P00018PTG,ACGLP
26,0P0000UI35,ACHC
27,,
28,0P0000050Y,ACHV
29,0P00017YIX,ACIA
30,0P00018OKR,ACIU
31,0P000005HQ,ACIW
32,0P000000MK,ACLS
33,0P0001BVFE,ACMR
34,0P0000001G,ACNB
35,0P00000AKV,ACOR
36,0P00016QJ5,ACRS
37,0P0000SCP3,ACRX
38,0P0000SY9M,ACST
39,0P0001BFEA,ACT
40,0P00000045,ACTG
41,0P0000A70M,ACWI
42,0P0000A70L,ACWX
43,0P00000059,ACXM
44,0P00015WTR,ADAP
45,0P0000005M,ADBE
46,0P0000001K,ADES
47,0P000000FH,ADI
48,0P0001CBFW,ADIL
49,,
50,0P0000ZRCH,ADMA
51,0P00000157,ADMP
52,0P00012JI6,ADMS
53,0P0001AO7B,ADOM
54,0P000000LO,ADP
55,0P00002DCB,ADRA
56,0P00002DC8,ADRD
57,0P00002DC9,ADRE
58,0P00015JL4,ADRO
59,0P00002DCA,ADRU
60,0P000000LM,ADSK
61,,
62,0P0000KSO8,ADUS
63,0P00013ODS,ADVM
64,0P0000COF9,ADXS
65,,
66,,
67,0P0000006T,AEHR
68,0P00000060,AEIS
69,0P000006O2,AEMD
70,0P0000ZQYT,AERI
71,0P000000C3,AETI
72,0P0000005E,AEY
73,0P0000YJDD,AEYE
74,0P0000001R,AEZS
75,0P0000Y1HB,AFH
76,,
77,,
78,0P000146BQ,AFMD
79,0P00006T2S,AFSI
80,,
81,0P00012NBT,AGFS
82,,
83,0P0000Z584,AGIO
84,0P00017P7N,AGLE
85,0P0001D5B3,AGMH
86,0P0000FVN4,AGNC
87,0P0001325T,AGNCB
88,0P0000FVN4,AGNC
89,0P0000ZNQO,AGND
90,0P000132LL,AGRX
91,0P00012E1F,AGTC
92,0P0000007F,AGYS
93,0P0000ZNQN,AGZD
94,0P00019AXR,AHPA
95,0P00018UYM,AHPAU
96,,
97,0P0000009R,AHPI
98,0P00009X3B,AIA
99,0P0001CWQH,AIHS
100,0P00006ZZ1,AIMC
101,,
102,0P00016GAH,AIMT
103,0P000000GU,AINV
104,0P0000MZWS,AIPT
105,0P0001CBYA,AIQ
106,0P00018H1D,AIRG
107,0P00011HZU,AIRR
108,0P0000007M,AIRT
109,0P0000007V,AKAM
110,0P0001264O,AKAO
111,0P00012CUA,AKBA
112,0P0001APEO,AKCA
113,0P0000K38I,AKER
114,0P0000007X,AKRX
115,0P00013LNN,AKTS
116,0P0000XR91,AKTX
117,0P00008T4H,ALBO
118,0P0000008W,ALCO
119,0P00012TSR,ALDR
120,0P00012IJ1,ALDX
121,,
122,0P0001EC1G,ALGR
123,,
124,0P0001DX4X,ALGRU
125,,
126,0P00006XT2,ALGT
127,0P0000KQQA,ALIM
128,0P0000061F,ALJJ
129,0P0000008Y,ALKS
130,0P0001DZ76,ALLK
131,0P00006TDI,ALLT
132,0P0001BUKV,ALNA
133,0P000000A8,ALNY
134,0P000000KC,ALOT
135,,
136,0P000002NM,ALQA
137,0P000168U9,ALRM
138,,
139,0P00000088,ALSK
140,0P000002MN,ALT
141,0P0001BUKT,ALTR
142,0P00015M0S,ALTY
143,,
144,0P00000066,AMAG
145,0P0001DI7Z,AMAL
146,0P000000H9,AMAT
147,0P0000X4PC,AMBA
148,0P0000ZDG3,AMBC
149,,
150,0P0001AJZ7,AMCA
151,,
152,0P0000TIS1,AMCX
153,0P0000006A,AMD
154,0P00011VUW,AMDA
155,0P000000BJ,AMED
156,0P0000CP6G,AMEH
157,,
158,0P000000F3,AMKR
159,0P00018P1H,AMMA
160,0P000000DK,AMNB
161,0P0000009U,AMOT
162,0P0000L23T,AMPH
163,0P0001AE1N,AMR
164,0P000000E0,AMRB
165,0P0000052D,AMRH
166,,
167,0P00012F44,AMRK
168,0P0001AE1N,AMR
169,0P0000PVNE,AMRS
170,,
171,0P000000EA,AMSC
172,0P00000028,AMSF
173,0P000000E5,AMSWA
174,0P000000ET,AMTD
175,0P0000COCZ,AMTX
176,0P000000EK,AMWD
177,,
178,0P00019LN2,ANAB
179,0P000000DL,ANAT
180,0P0000SC6H,ANCB
181,0P0000004G,ANCX
182,0P000000FO,ANDE
183,0P0000UIM1,ANGI
184,0P000000FU,ANGO
185,0P000000G0,ANIK
186,0P000000SR,ANIP
187,0P000000GC,ANSS
188,0P0000ZAC0,ANY
189,0P000004ZQ,AOBC
190,0P0000NU3U,AOSL
191,,
192,,
193,0P00009W98,APEI
194,,
195,0P0001BW17,APLS
196,0P000000GR,APOG
197,0P00018GEQ,APOP
198,,
199,0P000168Y8,APPF
200,,
201,0P0000COB4,APPS
202,0P000003WL,APRI
203,0P00018OKT,APTI
204,0P000003C6,APTO
205,0P0001DIM9,APTX
206,0P00018DZC,APVO
207,0P000000JO,APWC
208,0P00019KBO,AQB
209,0P00016GOI,AQMS
210,0P0001DZRL,AQST
211,0P00012A9T,AQXP
212,0P000080YG,ARAY
213,0P000000IO,ARCB
214,0P000000IB,ARCC
215,0P000000H0,ARCI
216,0P0000YR2W,ARCT
217,0P0000002M,ARCW
218,0P000000HO,ARDM
219,0P0001E4UI,ARDS
220,0P00013BF1,ARDX
221,0P00009W4S,AREX
222,0P0001AGXP,ARGX
223,0P000000DV,ARII
224,0P000000IN,ARKR
225,0P0000009J,ARLP
226,0P000000I9,ARNA
227,0P000000J1,AROW
228,0P0001BGGA,ARPO
229,0P000000IW,ARQL
230,0P000000IZ,ARRS
231,0P000000IX,ARRY
232,0P000000J9,ARTNA
233,0P000000J7,ARTW
234,0P000000IV,ARTX
235,0P000000J5,ARWR
236,0P0000JCPG,ASCMA
237,0P00016L8F,ASET
238,0P000000K7,ASFI
239,,
240,0P0000RXLK,ASMB
241,0P0000002X,ASML
242,0P000001RY,ASNA
243,0P0001589V,ASND
244,0P0001C2LD,ASNS
245,0P0000KP09,ASPS
246,0P0000S15Z,ASPU
247,0P000001OQ,ASRT
248,0P000000BU,ASRV
249,0P00008324,ASRVP
250,0P00000521,ASTC
251,0P000000K9,ASTE
252,0P0000029F,ASUR
253,0P0001AE32,ASV
254,0P000000FA,ASYS
255,0P0000A9BH,ATAI
256,0P000000BX,ATAX
257,0P00005X9Q,ATEC
258,,
259,0P0000AEPF,ATHX
260,0P000000W6,ATIS
261,,
262,0P000001FD,ATLC
263,0P000000EY,ATLO
264,0P000000KQ,ATNI
265,0P0001AM7F,ATNX
266,0P00018H1C,ATOM
267,0P0000X0I1,ATOS
268,0P00013MUQ,ATRA
269,0P000000KZ,ATRC
270,0P000000L0,ATRI
271,0P000000KE,ATRO
272,0P000000GD,ATRS
273,0P00000019,ATSG
274,0P000000L2,ATTU
275,0P00000053,ATVI
276,0P0001ALGH,ATXI
277,,
278,0P000000L6,AUDC
279,0P0000BLCT,AUPH
280,0P0001DIGO,AUTL
281,0P000000LL,AUTO
282,0P00007ZFP,AVAV
283,0P00000287,AVDL
284,0P0000N4AA,AVEO
285,0P0000KU35,AVGO
286,0P0001592S,AVGR
287,0P000000M0,AVHI
288,0P000000M9,AVID
289,0P0000055U,AVNW
290,0P0001DIMA,AVRO
291,0P000000MF,AVT
292,0P00006OVW,AVXL
293,0P000000MI,AWRE
294,0P000002VG,AWSM
295,0P00000044,AXAS
296,0P00000049,AXDX
297,,
298,,
299,0P00016YI7,AXSM
300,0P0000003H,AXTI
301,0P0001369F,AY
302,0P0000J09E,AYTU
303,,
304,0P00018H1E,AZRX
305,0P000003TE,BABY
306,0P0001BW0U,BAND
307,0P000000OT,BANF
308,0P0000832W,BANFP
309,0P000000PR,BANR
310,0P0000ZT5D,BANX
311,0P000000SE,BASI
312,0P00017UGN,BATRA
313,0P00017UGT,BATRK
314,0P000000QS,BBBY
315,0P000000QO,BBGI
316,0P0000UICG,BBH
317,0P000000T1,BBOX
318,0P000000Q4,BBSI
319,0P0001BCRL,BCAC
320,,
321,0P0001ANJ8,BCACU
322,,
323,0P000000N4,BCBP
324,0P0000COO5,BCLI
325,0P0000COEH,BCML
326,0P0001D3J8,BCNA
327,0P00009X79,BCOM
328,0P000002VH,BCOR
329,0P0000VDCS,BCOV
330,0P000000OI,BCPC
331,0P000000SF,BCRX
332,0P0000COZ1,BCTF
333,0P000000V7,BDGE
334,0P000000S3,BDSI
335,0P0000CQJN,BEAT
336,,
337,0P0000063Y,BELFA
338,0P000000QU,BELFB
339,,
340,0P00017ONZ,BFIT
341,0P0001CPDZ,BFRA
342,0P0001D3RE,BFST
343,0P00000635,BGCP
344,0P000000RP,BGFV
345,0P00017BOR,BGNE
346,0P00015HFY,BHAC
347,,
348,0P00015ABM,BHACU
349,,
350,0P00013OMX,BHBK
351,0P0001BC1T,BHF
352,,
353,0P00012JPI,BHTG
354,0P0000NDZG,BIB
355,0P0000NE6J,BICK
356,0P000000OE,BIDU
357,0P000000SH,BIIB
358,0P0001CXB3,BILI
359,0P00011ROR,BIOC
360,0P000000S4,BIOL
361,0P000000S7,BIOS
362,0P0000NDZE,BIS
363,0P000000NI,BJRI
364,0P000093TU,BKCC
365,0P000099UZ,BKEP
366,0P0000UNHN,BKEPP
367,0P000004G2,BKNG
368,0P000000PJ,BKSC
369,0P000000S2,BKYI
370,0P00018WNZ,BL
371,0P00012CWG,BLBD
372,0P000151K2,BLCM
373,,
374,0P000000OO,BLDP
375,0P000000WS,BLDR
376,0P000000S5,BLFS
377,,
378,0P000000T4,BLKB
379,,
380,0P0000UALY,BLMT
381,0P0000IZIW,BLNK
382,,
383,0P00015BGZ,BLPH
384,0P0000TR65,BLRX
385,0P0000YY2Q,BLUE
386,0P0000Z8AC,BMCH
387,0P00019H9V,BMLP
388,0P000000SL,BMRA
389,0P000000PF,BMRC
390,,
391,0P000000WI,BMTC
392,0P000099S3,BNCL
393,,
394,0P0001DDD6,BNDW
395,0P0000UJJQ,BNDX
396,0P0000ZGB3,BNFT
397,0P0001E08P,BNGO
398,,
399,0P000000U2,BNSO
400,0P0000WI2X,BNTC
401,,
402,0P000000PB,BOCH
403,0P000000TV,BOFI
404,,
405,0P00015X6V,BOJA
406,0P000000NS,BOKF
407,,
408,0P00018CBX,BOLD
409,,
410,0P000001SU,BOOM
411,0P000000NT,BOSC
412,0P000006RK,BOTJ
413,0P00018228,BOTZ
414,0P00016I43,BOXL
415,0P000000UG,BPFH
416,,
417,0P00015V5E,BPMC
418,0P000004EM,BPOP
419,0P000083DB,BPOPM
420,0P000004EM,BPOP
421,0P000002DR,BPR
422,0P0000Y2NU,BPRAp
423,0P000002DR,BPR
424,0P0000J09D,BPTH
425,0P0000YJGS,BPY
426,0P0001BUV8,BRAC
427,,
428,0P0001BPO6,BRACU
429,,
430,0P000004MB,BREW
431,0P000000VA,BRID
432,0P000000W5,BRKL
433,0P000000WE,BRKR
434,0P000000W8,BRKS
435,0P0001CBNS,BRPA
436,,
437,0P0001C8XD,BRPAU
438,,
439,0P00016XGR,BRQS
440,0P0001BCRO,BRY
441,0P000000Q9,BSET
442,0P00014AAU,BSGM
443,0P000000WJ,BSQR
444,0P000004XP,BSRR
445,0P000000S9,BSTC
446,,
447,0P0001CSEX,BTAI
448,0P00017ZF0,BTEC
449,0P0000DOM6,BURG
450,0P0000025G,BUSE
451,0P0001BT1R,BVNSC
452,0P00015WTQ,BVXV
453,,
454,0P0001CT71,BWB
455,,
456,0P0000COHG,BWFG
457,0P000000VW,BYFC
458,0P00019WKC,BYSI
459,,
460,0P000001FI,CA
461,0P0000018B,CAAS
462,0P00000116,CAC
463,0P000001JF,CACC
464,0P00019O7A,CACG
465,0P0000J091,CADC
466,0P0000017L,CAKE
467,0P00014986,CALA
468,0P000007LU,CALL
469,0P00000109,CALM
470,0P0000010A,CAMP
471,0P0000011B,CAMT
472,0P00009X7S,CAPR
473,0P0000015D,CAR
474,0P00011S2K,CARA
475,0P0000TRTC,CARB
476,0P0001BQ2J,CARG
477,0P0000Z5OV,CARO
478,0P00001SJS,CART
479,0P0000013U,CARV
480,0P0000T32C,CARZ
481,0P0001CC9J,CASA
482,0P000003L4,CASH
483,0P000001ZF,CASI
484,0P000000XH,CASM
485,0P00000145,CASS
486,0P00000141,CASY
487,0P000167R9,CATB
488,0P000006BG,CATC
489,0P00016AR1,CATH
490,0P0000A28X,CATM
491,0P000002R4,CATS
492,0P0000014J,CATY
493,,
494,0P000069UV,CBAK
495,,
496,0P00011RLM,CBAY
497,0P000006CA,CBFV
498,0P00002ADP,CBIO
499,0P000067MD,CBLI
500,0P0001D6JM,CBLK
501,0P0000CP60,CBMG
502,0P0000ETTY,CBPO
503,0P000000XN,CBRL
504,0P000001DK,CBSH
505,0P00013C99,CBSHP
506,0P0001BWB2,CBTX
507,0P0001DZ6Z,CCB
508,0P00000124,CCBG
509,0P0000AEP0,CCCL
510,0P00015M06,CCD
511,0P0000PWRG,CCIH
512,0P0000IP31,CCLP
513,0P000000ZW,CCMP
514,0P000000YQ,CCNE
515,0P0000CP2R,CCNI
516,0P000001C4,CCOI
517,0P000156HH,CCRC
518,,
519,0P0000KPPV,CCXI
520,0P00011RQR,CDC
521,0P000185GT,CDEV
522,0P000149HH,CDK
523,0P00015TX0,CDL
524,0P0001CMQ1,CDLX
525,0P000004B4,CDMO
526,0P000124JW,CDMOP
527,0P0000KN0U,CDNA
528,0P00000100,CDNS
529,0P000001B1,CDTI
530,0P00015JZG,CDTX
531,0P0000YZKK,CDW
532,0P0000J0AU,CDXC
533,0P0000NR21,CDXS
534,0P00000102,CDZI
535,0P000000Y2,CECE
536,0P00000139,CECO
537,0P0001BL02,CELC
538,0P00000152,CELG
539,,
540,0P0000COVI,CELH
541,0P00000832,CEMI
542,0P0000015Z,CENT
543,0P000080L7,CENTA
544,0P00000169,CENX
545,0P0001708I,CERC
546,,
547,,
548,0P0000016O,CERS
549,0P0000015W,CETV
550,0P0000081Z,CETX
551,0P00019S1F,CETXP
552,,
553,0P000000Y6,CEVA
554,0P00015TX3,CEY
555,0P00015TWZ,CEZ
556,0P00011RO6,CFA
557,0P0001ADRR,CFBI
558,0P0000015X,CFBK
559,0P000000X9,CFFI
560,,
561,0P0001691E,CFMS
562,0P00011RO8,CFO
563,0P000147YN,CFRX
564,0P0000W0AA,CG
565,0P0001AN20,CGBD
566,,
567,0P0000W4XA,CGIX
568,0P000001C6,CGNX
569,0P00002D7T,CGO
570,0P0001BNTI,CGVIC
571,0P000001AH,CHCO
572,,
573,0P0000TQDR,CHEF
574,0P00015K1K,CHEK
575,,
576,,
577,0P0000017Q,CHFC
578,0P0000VE9T,CHFS
579,0P00002CZK,CHI
580,0P0000017V,CHKE
581,0P0000017H,CHKP
582,0P00016CZW,CHMA
583,0P0000017S,CHMG
584,0P0001DF3P,CHNA
585,0P0000018P,CHNR
586,0P00014J1N,CHRS
587,0P000000YD,CHRW
588,0P0001583E,CHSCL
589,0P000147KN,CHSCM
590,,
591,0P0000ZKZX,CHSCO
592,0P0000833L,CHSCP
593,0P0000MUUK,CHTR
594,0P0000WIQT,CHUY
595,0P000093PM,CHW
596,0P00002D0I,CHY
597,0P00016609,CIBR
598,0P00015TX2,CID
599,0P0000004F,CIDM
600,0P0001BGGD,CIFS
601,0P0000027V,CIGI
602,0P00015TWY,CIL
603,0P0000019P,CINF
604,0P0000025P,CIVB
605,0P00011KCT,CIVBP
606,0P0001BNTH,CIVEC
607,0P00011RO9,CIZ
608,0P0000I5TA,CJJD
609,0P0001958L,CKPT
610,0P000001AV,CLAR
611,0P0001D5RC,CLBK
612,0P000004CB,CLBS
613,0P000001CO,CLCT
614,0P00014IJJ,CLDC
615,0P000000LZ,CLDX
616,0P0000002I,CLFD
617,,
618,0P0000VYML,CLIR
619,,
620,0P00015K6A,CLLS
621,0P0000068M,CLMT
622,0P00008WJ0,CLNE
623,0P0001DBZ7,CLPS
624,0P0000COP2,CLRB
625,,
626,,
627,0P00019V5A,CLRG
628,0P000001B5,CLRO
629,0P0001809N,CLSD
630,,
631,0P00005X9R,CLUB
632,0P0000UIM4,CLVS
633,0P0000020W,CLWT
634,0P0001B9GP,CLXT
635,0P000001D7,CMCO
636,0P000001DB,CMCSA
637,0P00000461,CMCT
638,0P0001CAJ9,CMCTP
639,0P00000187,CME
640,,
641,,
642,0P000001KQ,CMLS
643,0P000005SM,CMPR
644,0P0000YFOU,CMRX
645,0P0001C2KF,CMSS
646,,
647,0P0001BS0Z,CMSSU
648,,
649,0P0001BDTI,CMTA
650,0P000001FU,CMTL
651,0P0001BGY7,CNAC
652,,
653,0P0001AOZY,CNACU
654,,
655,0P0000Z5Q5,CNAT
656,0P0000016A,CNBKA
657,0P00011VV0,CNCE
658,0P00016CU4,CNCR
659,0P0000COHS,CNET
660,0P00016GVM,CNFR
661,0P000001G9,CNMD
662,0P0000015I,CNOB
663,0P000001GK,CNSL
664,0P0001DYIY,CNST
665,0P0000018T,CNTF
666,0P0000016B,CNTY
667,,
668,0P000001BG,COBZ
669,0P0000CXPD,COCP
670,0P000006VC,CODA
671,0P0001B6K8,CODX
672,0P000001CB,COHR
673,0P000001CD,COHU
674,0P000001BV,COKE
675,0P000001D3,COLB
676,0P00015WTT,COLL
677,0P000001D6,COLM
678,0P0000ZQRH,COMM
679,0P00011URE,COMT
680,0P0000XWEY,CONE
681,,
682,0P000001HR,CORE
683,0P00012IIU,CORI
684,0P000001HO,CORT
685,0P00000135,CORV
686,0P000001IK,COST
687,0P00018PVK,COUP
688,,
689,,
690,,
691,0P00001SK2,CPAH
692,0P0000011U,CPHC
693,0P0000K88I,CPIX
694,0P000087GQ,CPLP
695,0P000001HI,CPRT
696,0P00006SS0,CPRX
697,0P000006UN,CPSH
698,0P000001FL,CPSI
699,0P000001GW,CPSS
700,0P0000012M,CPST
701,0P0000ZKWS,CPTA
702,,
703,,
704,0P000000Z6,CRAI
705,0P000001J8,CRAY
706,0P00014J5G,CRBP
707,0P000001JI,CREE
708,0P0000083H,CREG
709,0P000001JN,CRESY
710,0P000001KU,CRIS
711,0P000000C2,CRMT
712,0P0000016J,CRNT
713,0P0001DYIW,CRNX
714,,
715,0P00000AK6,CROX
716,0P00018U6X,CRSP
717,0P0000ZKI1,CRTO
718,0P0000019X,CRUS
719,0P0001BDJS,CRUSC
720,0P00017M92,CRVS
721,0P000001K4,CRWS
722,0P0000013Q,CRZO
723,0P00015TWX,CSA
724,0P00015TX1,CSB
725,0P0000082T,CSBR
726,0P0000019Y,CSCO
727,0P00011RO7,CSF
728,0P0000015O,CSFL
729,0P000001BI,CSGP
730,0P000000ZB,CSGS
731,0P000062RW,CSII
732,0P00006SWG,CSIQ
733,0P00019V5B,CSML
734,0P0000SO2D,CSOD
735,0P000000ZE,CSPI
736,0P00002D58,CSQ
737,0P0001BI6D,CSSE
738,0P0001DKK6,CSSEP
739,0P0000VPYS,CSTE
740,0P00018OKQ,CSTR
741,0P0000012D,CSWC
742,,
743,0P00016OQH,CSWI
744,0P000000ZG,CSX
745,0P0000019R,CTAS
746,0P000001ER,CTBI
747,0P000001FN,CTG
748,0P00000173,CTHR
749,0P000000ZI,CTIB
750,0P00000155,CTIC
751,0P00016QUV,CTMX
752,0P0001341V,CTRE
753,0P0000Z6U9,CTRL
754,,
755,0P000001KG,CTRP
756,0P00011WKJ,CTRV
757,0P000001C8,CTSH
758,0P0000COMX,CTSO
759,0P000001GC,CTWS
760,0P0000UF8D,CTXR
761,,
762,0P000001AF,CTXS
763,0P00002CLA,CUBA
764,0P0001CF8N,CUE
765,0P0000042I,CUI
766,0P0000AEP7,CUR
767,0P000001KY,CUTR
768,0P000000ZM,CVBF
769,0P0000014P,CVCO
770,0P00000164,CVCY
771,0P000001DY,CVGI
772,0P0000010E,CVGW
773,0P00006CC4,CVLT
774,0P000001C0,CVLY
775,,
776,0P000001IY,CVTI
777,0P000000ZN,CVV
778,0P00011RGA,CWAY
779,0P000001ET,CWBC
780,0P00015A4C,CWBR
781,0P000001GP,CWCO
782,0P00000140,CWST
783,0P0000COMF,CXDC
784,0P0000VTIR,CXSE
785,0P000001LD,CY
786,0P000168I0,CYAD
787,,
788,0P000001L3,CYBE
789,0P000147U4,CYBR
790,0P000021YE,CYCC
791,0P00008356,CYCCP
792,,
793,0P0000JQ17,CYOU
794,,
795,0P0000COGQ,CYRX
796,,
797,0P000001LJ,CYTK
798,0P000001LE,CYTR
799,0P000001LL,CYTX
800,,
801,,
802,0P000001A9,CZFC
803,0P000001AD,CZNC
804,0P0000RVGR,CZR
805,0P00006PX2,CZWI
806,0P000001N0,DAIO
807,0P000001MQ,DAKT
808,0P0001CRY7,DALI
809,0P00012KI9,DARE
810,0P0000023G,DAVE
811,0P00013EG4,DAX
812,0P00014I6P,DBVT
813,0P0001CUBL,DBX
814,0P000005U0,DCAR
815,0P0000S1VP,DCIX
816,0P000001Q9,DCOM
817,0P0001BMW2,DCPH
818,0P00016N0Z,DDBI
819,0P00011HZV,DDIV
820,0P000165KW,DELT
821,,
822,0P00014CDQ,DERM
823,0P000003PJ,DEST
824,0P000002W9,DFBG
825,0P0001D4SY,DFBH
826,0P0001CPDJ,DFBHU
827,,
828,,
829,0P00018J0C,DFNL
830,0P0000KPPS,DFRG
831,0P0000TONW,DFVL
832,0P0000TONX,DFVS
833,0P0000068H,DGICA
834,0P000001RC,DGICB
835,0P000001PQ,DGII
836,0P0000UDSD,DGLD
837,0P0000AEPG,DGLY
838,0P0000YN69,DGRE
839,0P0000Y71Y,DGRS
840,0P0000Y71Z,DGRW
841,0P000001PE,DHIL
842,0P0000JKHW,DHXM
843,0P0001CCLB,DINT
844,0P000001QA,DIOD
845,0P000001QJ,DISCA
846,0P00001SJ1,DISCB
847,0P0000HRFO,DISCK
848,0P000001V2,DISH
849,0P000001MO,DJCO
850,0P0000POXD,DLBL
851,0P0000POXC,DLBS
852,0P000005BM,DLHC
853,,
854,,
855,0P00016ZAH,DLTH
856,0P000001R5,DLTR
857,0P000001RE,DMLP
858,0P0000SGYB,DMPI
859,0P0000I2QL,DMRC
860,0P000001M1,DNBF
861,0P0001CXJT,DNJR
862,,
863,0P0001CAJL,DNLI
864,0P0001D5BA,DOCU
865,0P0001CFA6,DOGZ
866,0P0001DKFT,DOMO
867,0P0000Z4E7,DOOO
868,0P000004K4,DORM
869,0P0001BSBM,DOTA
870,,
871,0P0001BKUU,DOTAU
872,,
873,0P0001AP2P,DOVA
874,0P000000BH,DOX
875,0P000001PS,DRAD
876,0P0000Y7HC,DRIO
877,,
878,0P0001CET4,DRIV
879,0P00011S7U,DRNA
880,0P000001SL,DRRX
881,0P000001S6,DRYS
882,0P000001OT,DSGX
883,0P00016NMX,DSKE
884,,
885,0P0000UDSF,DSLV
886,0P000001MC,DSPG
887,0P000001OX,DSWL
888,0P000163DU,DTEA
889,0P000004VY,DTRM
890,0P0000POXA,DTUL
891,0P0000POX9,DTUS
892,0P0000POX8,DTYL
893,0P0000POX7,DTYS
894,0P00018J0E,DUSA
895,0P000001T0,DVAX
896,0P0000006R,DVCR
897,0P0001DJD4,DVLU
898,0P0001DJD3,DVOL
899,0P00002DBN,DVY
900,0P00002DBI,DWAQ
901,0P0000WCFI,DWAS
902,0P0000YV6B,DWAT
903,0P000001NC,DWCH
904,0P0001BPU9,DWCR
905,0P000176XZ,DWFI
906,,
907,0P00018J0H,DWLD
908,0P00017QN3,DWLV
909,,
910,0P0000URDA,DWPP
911,,
912,,
913,0P00016GBB,DWTR
914,0P000001P6,DXCM
915,0P0000U0CE,DXGE
916,0P0000YGFL,DXJS
917,0P00000149,DXLG
918,0P000001ML,DXPE
919,,
920,0P000001SZ,DYNT
921,0P000006D2,DYSL
922,0P0000061S,DZSI
923,0P000001W8,EA
924,0P00016PJN,EACQ
925,0P00016FOV,EACQU
926,,
927,0P0001CTBU,EAGL
928,0P0001CIF0,EAGLU
929,,
930,0P00013OET,EARS
931,0P0000Z5VU,EAST
932,0P0000062O,EBAY
933,0P00018D77,EBAYL
934,0P000001UZ,EBIX
935,0P0000NN8Q,EBMT
936,0P0000A8LF,EBSB
937,0P000001Z6,EBTC
938,0P0000KPPG,ECHO
939,0P000000CQ,ECOL
940,0P0001DIMG,ECOR
941,0P000001XU,ECPG
942,0P0000PSJX,ECYT
943,0P000001TK,EDAP
944,0P00016N10,EDBI
945,0P00016PH9,EDGE
946,0P000001VB,EDGW
947,0P00017C7L,EDIT
948,0P0001D7ME,EDNT
949,0P0001DDO5,EDRY
950,0P000001VI,EDUC
951,0P0000020Z,EEFT
952,0P000001V5,EEI
953,0P0000UTLE,EEMA
954,0P00018J0I,EFAS
955,0P0001BDFV,EFBI
956,0P000001WF,EFII
957,0P0000024I,EFOI
958,0P000001Z7,EFSC
959,,
960,,
961,0P00019KO3,EGC
962,0P000001UA,EGLE
963,0P000003QT,EGOV
964,0P00011V1R,EGRX
965,0P00006F06,EHTH
966,0P0001DIFW,EIDX
967,0P0000ZQRI,EIGI
968,0P0000ZVNW,EIGR
969,0P0000YGFA,EKSO
970,0P000001Y4,ELGX
971,0P000004W7,ELOX
972,0P000001W5,ELSE
973,0P000001WS,ELTK
974,0P00009QAU,EMB
975,0P0000VO5M,EMCB
976,0P000001X0,EMCF
977,0P0000YN6A,EMCG
978,0P000001TT,EMCI
979,0P0000F4R6,EMIF
980,0P000001VS,EMITF
981,0P000001X2,EMKR
982,0P000001UR,EML
983,0P000001XC,EMMS
984,0P00019ZCU,EMXC
985,0P000001Y1,ENDP
986,0P00014D73,ENFC
987,0P000001TV,ENG
988,0P0000VR78,ENPH
989,0P00009W97,ENSG
990,0P0000TFPK,ENT
991,0P0000YARF,ENTA
992,0P000001Z2,ENTG
993,0P0001CHZ4,ENTX
994,,
995,0P0000N65L,ENZL
996,0P0001CMQ0,EOLS
997,0P000000UK,EPAY
998,0P00015IG4,EPIX
999,0P0000YVMP,EPZM
1000,0P00016Y2X,EQBK
1001,0P00000205,EQIX
1002,0P00019Q8H,EQRR
1003,0P0001497T,ERI
1004,0P0000020H,ERIC
1005,0P0000020J,ERIE
1006,0P0000G719,ERII
1007,0P0001568I,ERYP
1008,0P000001WP,ESBK
1009,0P0000020L,ESCA
1010,0P000085U6,ESEA
1011,0P00000AE1,ESES
1012,0P00017VJX,ESG
1013,0P00017P90,ESGD
1014,0P00017P8U,ESGE
1015,0P00017VJY,ESGG
1016,0P000001Z1,ESGR
1017,0P0001DKM3,ESGRP
1018,0P00018JF2,ESGU
1019,0P000001W3,ESIO
1020,0P000001VT,ESLT
1021,0P000005NM,ESND
1022,0P0000YZKL,ESPR
1023,0P0001AP2O,ESQ
1024,0P0000021S,ESRX
1025,0P0000886B,ESSA
1026,0P0001DYJ1,ESTA
1027,0P00017049,ESTR
1028,,
1029,0P00006B4O,ESXB
1030,0P000001T7,ETFC
1031,0P00015OO6,ETSY
1032,,
1033,0P00018MU8,EVBG
1034,0P0001DJSU,EVER
1035,0P00014MND,EVFM
1036,0P00013T8Y,EVFTC
1037,0P000006ZS,EVK
1038,0P00013T92,EVLMC
1039,0P000005PT,EVLV
1040,0P0000ZGMO,EVOK
1041,0P0000021B,EVOL
1042,0P0001DBFG,EVOP
1043,0P00013T8T,EVSTC
1044,0P0000N6U6,EWZS
1045,0P0000021D,EXAS
1046,0P0000021K,EXEL
1047,0P0000021M,EXFO
1048,0P00006OVK,EXLS
1049,0P0000021P,EXPD
1050,0P0000021O,EXPE
1051,0P0000SAMI,EXPI
1052,0P0000021R,EXPO
1053,0P0000021Y,EXTR
1054,0P0001BT25,EYE
1055,0P000148C8,EYEG
1056,,
1057,0P0001BT25,EYE
1058,0P00014NND,EYES
1059,,
1060,0P0000063R,EYPT
1061,0P000001U7,EZPW
1062,0P00017EFK,FAAR
1063,0P00008N46,FAB
1064,0P00008N47,FAD
1065,,
1066,0P0001CPXC,FAMI
1067,0P0000X4V5,FANG
1068,0P00009V48,FANH
1069,0P0000023K,FARM
1070,0P0000023P,FARO
1071,0P0000023S,FAST
1072,0P0001BTOH,FAT
1073,0P0000ZFE6,FATE
1074,0P0000W3KZ,FB
1075,0P0000UOG9,FBIO
1076,0P0001C6QL,FBIOP
1077,0P0000025H,FBIZ
1078,0P000069XE,FBMS
1079,0P0000025D,FBNC
1080,0P0000TLI7,FBNK
1081,0P0000023U,FBSS
1082,0P0000SNH2,FBZ
1083,0P0000SNH3,FCA
1084,0P0001A1RQ,FCAL
1085,0P0000SNH3,FCA
1086,0P0000025J,FCAP
1087,0P0000025U,FCBC
1088,0P00011XJL,FCBP
1089,0P0000025W,FCCO
1090,0P00000007,FCCY
1091,0P00017MQU,FCEF
1092,0P000002B5,FCEL
1093,0P0000025R,FCNCA
1094,0P0000MPRW,FCSC
1095,0P00016AJA,FCVT
1096,0P000006DU,FDBC
1097,0P0000025Z,FDEF
1098,0P000130WT,FDIV
1099,0P0000SNH6,FDT
1100,0P0000UTKW,FDTS
1101,0P0000TJ8P,FDUS
1102,,
1103,0P000002AM,FEIM
1104,0P000002A6,FELE
1105,0P0000SNGZ,FEM
1106,0P00013MEZ,FEMB
1107,0P0000UTM5,FEMS
1108,0P0000005K,FENC
1109,0P0000SNH0,FEP
1110,0P00013U62,FEUZ
1111,0P00008N40,FEX
1112,0P0000ZGSY,FEYE
1113,0P00000268,FFBC
1114,,
1115,0P0001BS0E,FFBW
1116,0P00007KNK,FFHL
1117,0P0000028V,FFIC
1118,,
1119,0P00000225,FFIV
1120,0P00009X3L,FFNW
1121,0P000132VB,FFWM
1122,0P000006E0,FGBI
1123,,
1124,0P0000UTKS,FGM
1125,0P00018FNI,FHB
1126,0P0000UTKT,FHK
1127,0P0000NHET,FIBK
1128,,
1129,0P00018226,FINX
1130,0P0000024W,FISI
1131,0P00000282,FISV
1132,0P0000024R,FITB
1133,0P00011G1S,FITBI
1134,0P0000WI3H,FIVE
1135,,
1136,0P00019E94,FIXD
1137,0P0001CXKD,FIXX
1138,0P000003S8,FIZZ
1139,0P0000SNH4,FJP
1140,0P0000SNH5,FKO
1141,0P0000UTM7,FKU
1142,0P0000POXB,FLAT
1143,0P0000K88J,FLDM
1144,0P0000028H,FLEX
1145,0P00018ORK,FLGT
1146,0P0000027P,FLIC
1147,0P0000022H,FLIR
1148,0P000159C9,FLKS
1149,0P000002B7,FLL
1150,,
1151,,
1152,,
1153,0P0000AEP5,FLNT
1154,0P00000003,FLWS
1155,,
1156,0P0000028G,FLXS
1157,0P0000CQ6I,FMAO
1158,0P00011MHZ,FMB
1159,0P0000026T,FMBH
1160,0P0000026U,FMBI
1161,0P0001EIH4,FMCI
1162,0P0001E1LP,FMCIU
1163,,
1164,0P00016M8Y,FMHI
1165,0P0000T38X,FMK
1166,0P0000023N,FMNB
1167,0P000008KG,FNCB
1168,0P0000000B,FNHC
1169,,
1170,0P0000SNH9,FNK
1171,0P0001BUKW,FNKO
1172,0P00000271,FNLC
1173,0P0000024Y,FNSR
1174,0P00015AHS,FNWB
1175,0P00008N42,FNX
1176,0P0000SNH8,FNY
1177,0P000185I8,FOANC
1178,0P00008X4Q,FOLD
1179,0P000146IQ,FOMX
1180,0P0000P8QS,FONE
1181,0P00000291,FONR
1182,0P0000029O,FORD
1183,0P00016P81,FORK
1184,0P0000029H,FORM
1185,0P0000029J,FORR
1186,0P0000029I,FORTY
1187,0P0000029P,FOSL
1188,0P000003WJ,FOX
1189,0P00000654,FOXA
1190,0P0000Z856,FOXF
1191,0P0000SNH7,FPA
1192,0P0000CP4D,FPAY
1193,0P0000ZGB4,FPRX
1194,0P00013PKB,FPXI
1195,,
1196,0P0000COAN,FRBA
1197,0P000004NS,FRBK
1198,0P000002AD,FRED
1199,0P0000W452,FRGI
1200,0P0000026S,FRME
1201,0P00000494,FRPH
1202,0P00014J83,FRPT
1203,0P00012S9T,FRSH
1204,0P0001ANTU,FRSX
1205,0P00018U6Z,FRTA
1206,0P0001BKYE,FSAC
1207,0P0001BBT4,FSACU
1208,,
1209,0P0000COGU,FSBC
1210,0P0000WH45,FSBW
1211,0P0001BT26,FSCT
1212,0P0000I2QT,FSFG
1213,0P00006TF8,FSLR
1214,,
1215,0P0000036T,FSTR
1216,0P000165LW,FSV
1217,0P0000UTKU,FSZ
1218,0P00008N44,FTA
1219,0P0000NE2C,FTAG
1220,0P00008N45,FTC
1221,0P0000603L,FTCS
1222,0P0000ZPRS,FTD
1223,,
1224,0P000002B4,FTEK
1225,0P0000YNEG,FTEO
1226,0P00001SKC,FTFT
1227,0P0000XDR2,FTGC
1228,0P0000Y0XZ,FTHI
1229,0P0000Y0Y2,FTLB
1230,0P0000L1GP,FTNT
1231,0P000001A5,FTR
1232,0P0000NE2B,FTRI
1233,0P0000YR39,FTSL
1234,0P00012OUS,FTSM
1235,0P0001DJSW,FTSV
1236,0P00017MER,FTXD
1237,0P00017ME8,FTXG
1238,0P00017MEL,FTXH
1239,0P00017MES,FTXL
1240,,
1241,0P00017MDX,FTXO
1242,0P00017MEY,FTXR
1243,0P000002B9,FULT
1244,0P0000027K,FUNC
1245,0P00002CJU,FUND
1246,0P000005NH,FUSB
1247,0P0001BNAU,FUV
1248,0P00011M0D,FV
1249,0P00016N0Y,FVC
1250,0P0000Z268,FVCB
1251,0P00000285,FVE
1252,0P0000XWG3,FWONA
1253,0P00013N28,FWONK
1254,0P00014DVO,FWP
1255,0P0000029N,FWRD
1256,0P0000SNHA,FYC
1257,0P0000SNHB,FYT
1258,0P00008N43,FYX
1259,0P000002EY,GABC
1260,0P000002C8,GAIA
1261,,
1262,0P0001ECU4,GAINL
1263,0P00018P1P,GAINM
1264,0P000004GP,GALT
1265,0P0000X5SH,GARS
1266,0P0000054I,GASS
1267,0P000002FH,GBCI
1268,0P0000NPSC,GBDC
1269,0P000005ML,GBLI
1270,,
1271,,
1272,0P0000015F,GBNK
1273,0P00016H27,GBT
1274,0P000002IJ,GCBC
1275,,
1276,,
1277,0P00018X5M,GDS
1278,0P00000433,GEC
1279,0P0000PTMO,GECC
1280,,
1281,,
1282,0P000186EK,GEMP
1283,0P000002DB,GENC
1284,0P000002E4,GENE
1285,0P00017ZF1,GENY
1286,0P0000040U,GEOS
1287,,
1288,0P0000SD88,GEVO
1289,0P000002JG,GFED
1290,,
1291,0P0000YU86,GFNCP
1292,,
1293,0P000002J6,GGAL
1294,0P000002EA,GHDX
1295,0P000002JO,GIFI
1296,0P000002FA,GIGM
1297,0P000002BG,GIII
1298,0P000002FD,GILD
1299,0P000002FB,GILT
1300,0P0001E4YH,GLAC
1301,,
1302,0P0001E0O3,GLACU
1303,,
1304,0P000002FJ,GLAD
1305,0P000002FJ,GLAD
1306,0P0000JL0V,GLBS
1307,0P000002FP,GLBZ
1308,0P00007UB7,GLDD
1309,0P0000XZ0Z,GLDI
1310,0P0000Z84W,GLG
1311,0P0000WNP7,GLIBA
1312,0P0001CZ7D,GLIBP
1313,0P00012CR1,GLMD
1314,0P000002GN,GLNG
1315,0P0000K3YJ,GLPG
1316,0P0000ZQGO,GLPI
1317,0P00008WGV,GLRE
1318,0P000085U1,GLUU
1319,0P0000ZT5V,GLYC
1320,0P0000SU4Z,GMLP
1321,0P0001BVFA,GMLPP
1322,0P00013SPI,GNBC
1323,0P00011SQS,GNCA
1324,0P0000UTL6,GNMA
1325,0P0000OMVB,GNMK
1326,0P0000SUE4,GNMX
1327,0P0001CMD9,GNPX
1328,0P00016MQT,GNRX
1329,0P000002ED,GNTX
1330,0P0001AGOT,GNTY
1331,0P0000NIWA,GNUS
1332,0P0000035T,GOGL
1333,0P0000YZ1N,GOGO
1334,0P000004LK,GOLD
1335,0P000002FK,GOOD
1336,0P000183OO,GOODM
1337,0P00008383,GOODO
1338,0P00008384,GOODP
1339,0P00012BBI,GOOG
1340,0P000002HD,GOOGL
1341,0P0000K7Q1,GOV
1342,,
1343,0P0001CU9S,GPAQ
1344,0P0001CM1D,GPAQU
1345,,
1346,0P000002CI,GPIC
1347,0P000002JQ,GPOR
1348,0P000168Z0,GPP
1349,0P00001QRW,GPRE
1350,0P00013BN1,GPRO
1351,0P00019Y7D,GRBIC
1352,0P0000TGZW,GRFS
1353,0P0000KXHZ,GRID
1354,0P000002IU,GRIF
1355,,
1356,,
1357,0P0001583A,GRNQ
1358,0P000005KA,GROW
1359,,
1360,0P0001EHMZ,GRSHU
1361,0P000002BU,GRVY
1362,0P000002I7,GSBC
1363,0P0001D5BB,GSHD
1364,0P00019W4U,GSHT
1365,0P00019KE8,GSHTU
1366,,
1367,0P000086IZ,GSIT
1368,0P0001DBZ8,GSKY
1369,0P000177S0,GSM
1370,0P00018OKU,GSUM
1371,0P0000SVN0,GSVC
1372,0P000002HC,GT
1373,0P0001AGFM,GTHX
1374,0P000002H8,GTIM
1375,0P000068CI,GTLS
1376,0P000002C3,GTXI
1377,0P0001977P,GTYH
1378,0P00018X0I,GTYHU
1379,,
1380,0P0000G74J,GULF
1381,0P000006XX,GURE
1382,0P000002BW,GVP
1383,0P00013NOX,GWGH
1384,0P0000YKL5,GWPH
1385,0P0000TEOQ,GWRS
1386,0P000002JW,GYRO
1387,0P000002M2,HA
1388,0P00014MBD,HABT
1389,0P000002KZ,HAFC
1390,,
1391,0P0001BMW3,HAIR
1392,0P000002KO,HALL
1393,0P000002KR,HALO
1394,0P000002LV,HAS
1395,,
1396,,
1397,,
1398,0P00017MJ9,HBANO
1399,0P0000I44N,HBCP
1400,0P000002LS,HBIO
1401,0P0000BN91,HBK
1402,0P0000COWP,HBMD
1403,0P000002PH,HBNC
1404,0P000002QS,HBP
1405,0P0000YQXW,HCAP
1406,,
1407,0P0001DZXG,HCCH
1408,,
1409,0P0001DKMF,HCCHU
1410,,
1411,0P0000CNVU,HCCI
1412,0P000000GA,HCKT
1413,0P00017LBQ,HCM
1414,0P000002MP,HCSG
1415,0P00015081,HDP
1416,0P0000YZ1O,HDS
1417,0P0000YZ1O,HDS
1418,0P0000Q1I3,HEAR
1419,0P00019IMM,HEBT
1420,0P0000068O,HEES
1421,0P000002N8,HELE
1422,0P0000ZJF8,HEWG
1423,0P000002PF,HFBC
1424,0P0000COAU,HFBL
1425,0P0001EDVK,HFFG
1426,0P00019A5P,HFGIC
1427,0P0000CP5P,HGSH
1428,0P000002O7,HIBB
1429,0P000002OK,HIFS
1430,0P000002OE,HIHO
1431,0P0000XZZI,HIIQ
1432,0P00006A01,HIMX
1433,0P0001CDXX,HJLI
1434,,
1435,0P00016CGV,HLG
1436,0P000002LF,HLIT
1437,0P00019RUP,HLNE
1438,0P000101LL,HMHC
1439,0P000002KA,HMNF
1440,0P0000000R,HMNY
1441,0P0000TT2S,HMST
1442,0P000002KB,HMSY
1443,0P0000AMNK,HMTA
1444,0P0000YG0S,HMTV
1445,0P0001BMNF,HNDL
1446,0P000002NJ,HNNA
1447,0P0000072S,HNRG
1448,0P000002PD,HOFT
1449,0P0000COYS,HOLI
1450,0P000002OW,HOLX
1451,0P000060NR,HOMB
1452,0P00018AB7,HONE
1453,0P000003RT,HOPE
1454,0P00008397,HOVNP
1455,0P0000GEDH,HPJ
1456,0P000002PS,HPT
1457,0P00007KP7,HQCL
1458,0P00013O72,HQY
1459,0P0000002H,HRTX
1460,,
1461,0P00013G1V,HSDT
1462,0P00014NNF,HSGX
1463,0P000002NL,HSIC
1464,0P000002N6,HSII
1465,0P000002O0,HSKA
1466,,
1467,0P000002MK,HSTM
1468,0P0000WHB5,HTBI
1469,0P000002NR,HTBK
1470,0P0000Z5HY,HTBX
1471,0P00015X6U,HTGM
1472,0P0000NHZY,HTHT
1473,0P000002MZ,HTLD
1474,0P000002N0,HTLF
1475,0P000002Q0,HUBG
1476,0P00019KBW,HUNT
1477,0P000197NF,HUNTU
1478,,
1479,0P000002QM,HURC
1480,,
1481,0P00019KUG,HVBC
1482,0P0000021J,HWBK
1483,0P000002KW,HWC
1484,0P00005YLX,HWCC
1485,,
1486,,
1487,0P0001C1TY,HX
1488,0P0001C8P0,HYAC
1489,0P0001BUKD,HYACU
1490,,
1491,0P000002QW,HYGS
1492,0P0000Y5O7,HYLS
1493,0P0000ZNQU,HYND
1494,0P0001DK50,HYRE
1495,0P00017P8V,HYXE
1496,0P0000ZNQT,HYZD
1497,0P0000TP6P,HZNP
1498,0P000002RE,IAC
1499,0P0001BRM3,IAM
1500,,
1501,,
1502,0P000002WP,IART
1503,0P00002DAH,IBB
1504,0P000002UV,IBCP
1505,0P000002RF,IBKC
1506,0P00017Z6G,IBKCO
1507,,
1508,0P00008OZD,IBKR
1509,0P000002YH,IBOC
1510,0P0000YE8B,IBTX
1511,0P00016ZZS,IBUY
1512,0P0000063L,ICAD
1513,0P000156V2,ICBK
1514,0P000002TV,ICCC
1515,0P0001A1QO,ICCH
1516,0P00006CVK,ICFI
1517,0P000199GS,ICHR
1518,0P0001CECO,ICLK
1519,,
1520,0P0000Y0AR,ICLR
1521,,
1522,0P0000X4UN,ICPT
1523,0P000002RS,ICUI
1524,0P000002XI,IDCC
1525,0P00016GBA,IDLB
1526,0P000002T8,IDRA
1527,0P000002V2,IDSA
1528,0P000002RA,IDSY
1529,0P000002WY,IDTI
1530,0P0000045J,IDXG
1531,0P000002TA,IDXX
1532,0P00018LCR,IEA
1533,,
1534,0P00002DB3,IEF
1535,0P00007WF4,IEI
1536,0P000000DW,IEP
1537,0P00005TOP,IESC
1538,0P00008SMS,IEUS
1539,0P00008SMT,IFEU
1540,0P0000A0LK,IFGL
1541,0P00016UCT,IFMK
1542,0P0001BW0Q,IFRX
1543,0P000131MA,IFV
1544,0P0000A1V4,IGF
1545,0P00007WFE,IGIB
1546,0P000002Z5,IGLD
1547,0P0000GE8U,IGOV
1548,0P00007WF8,IGSB
1549,0P00008206,III
1550,0P00008206,III
1551,0P0001DIMC,IIIV
1552,0P000002Z6,IIJI
1553,,
1554,0P000002S3,IIVI
1555,0P00002D8J,IJT
1556,0P000002TF,IKNX
1557,,
1558,0P0001CHF7,ILPT
1559,0P00013NDC,IMDZ
1560,,
1561,0P0000UNIK,IMI
1562,0P000002VV,IMKTA
1563,0P0000VVVA,IMMP
1564,0P000002TT,IMMR
1565,0P000002U0,IMMU
1566,0P0000CP7A,IMMY
1567,0P0001917X,IMOS
1568,0P0000UHP3,IMPV
1569,,
1570,,
1571,0P0001BFQ9,IMTE
1572,0P0000TMUU,IMV
1573,,
1574,,
1575,0P000002YB,INAP
1576,0P0000CP28,INBK
1577,,
1578,0P000002UQ,INCY
1579,0P000002UU,INDB
1580,0P0001BIAQ,INDU
1581,0P0001BDFG,INDUU
1582,,
1583,0P0000CN7L,INDY
1584,0P000001QL,INFI
1585,,
1586,0P000002S2,INFO
1587,0P00018TJB,INFR
1588,,
1589,0P000185QC,INNT
1590,0P000002WA,INO
1591,0P000002W3,INOD
1592,0P00015BGX,INOV
1593,0P00001SLT,INPX
1594,0P00015207,INSE
1595,0P000003ZE,INSG
1596,0P000002WI,INSM
1597,0P000003TY,INSY
1598,0P000002X8,INTC
1599,0P000002Y0,INTG
1600,0P000002YF,INTL
1601,0P00000300,INTU
1602,0P000002ZE,INTX
1603,0P000005EY,INVA
1604,0P000004RB,INVE
1605,0P000069UN,INWK
1606,0P0000030Q,IONS
1607,0P0000041C,IOSP
1608,0P00016RIL,IOTS
1609,0P0000KXRO,IOVA
1610,0P000002XF,IPAR
1611,0P0000063G,IPAS
1612,0P000005Q5,IPCI
1613,,
1614,0P00006YLC,IPGP
1615,0P00006PUG,IPHS
1616,0P0001CN6W,IPIC
1617,0P0000ZT2F,IPKW
1618,0P0000ZKZU,IPWR
1619,0P0001CXKA,IQ
1620,0P0000063I,IRBT
1621,0P000000AU,IRCP
1622,0P0000D6I1,IRDM
1623,0P0001325P,IRDMB
1624,0P0000030L,IRIX
1625,0P00013MJJ,IRMD
1626,0P0000TNZG,IROQ
1627,0P00018UZ7,IRTC
1628,0P0000N6EA,IRWD
1629,0P00000306,ISBC
1630,0P000002YZ,ISCA
1631,0P0001DGS0,ISDS
1632,0P0001DGRZ,ISDX
1633,0P0001DGS1,ISEM
1634,0P0000GE8V,ISHG
1635,0P000002WG,ISIG
1636,0P000002TL,ISNS
1637,0P00000301,ISRG
1638,0P0000030W,ISRL
1639,0P000002W7,ISSC
1640,0P0000WUJA,ISTB
1641,0P00013DDW,ISTR
1642,0P00011LPS,ITCI
1643,0P0000030Y,ITI
1644,0P0000030A,ITIC
1645,0P0000030Z,ITRI
1646,0P0001DCOW,ITRM
1647,,
1648,0P000001HK,ITUS
1649,0P0001DGS6,IUS
1650,0P00013BIJ,IUSB
1651,0P00002D91,IUSG
1652,0P0001DGRY,IUSS
1653,0P00002D93,IUSV
1654,0P000002ZO,IVAC
1655,0P00017UVY,IVENC
1656,0P0000WUJ6,IXUS
1657,0P0000S37S,IZEA
1658,0P0000031S,JACK
1659,0P00014JC6,JAGX
1660,0P00000321,JAKK
1661,,
1662,,
1663,0P00008XDS,JAZZ
1664,0P00000318,JBHT
1665,0P0000032G,JBLU
1666,0P0000032M,JBSS
1667,0P0000031E,JCOM
1668,0P000001E7,JCS
1669,0P0000032H,JCTCF
1670,0P000132LM,JD
1671,0P0001DZRM,JG
1672,0P00000315,JJSF
1673,0P0000031R,JKHY
1674,0P00002DCI,JKI
1675,0P00015D18,JMU
1676,0P00019LN5,JNCE
1677,0P0000000K,JOBS
1678,0P0000032U,JOUT
1679,0P0000018K,JRJC
1680,0P0001D90I,JRSH
1681,0P000150UQ,JRVR
1682,,
1683,0P00016Z3C,JSMD
1684,0P00016Z3B,JSML
1685,,
1686,,
1687,0P00017JPR,JSYNU
1688,,
1689,0P0000TUV2,JTPY
1690,0P000001C2,JVA
1691,0P00014J1M,JYNT
1692,0P0001ADP3,KAAC
1693,0P0001A1QP,KAACU
1694,,
1695,0P0001B9GQ,KALA
1696,0P000063RB,KALU
1697,0P00015A1J,KALV
1698,0P00012JI4,KANG
1699,0P00000355,KBAL
1700,0P0001B6AW,KBLM
1701,,
1702,0P0001AGXO,KBLMU
1703,,
1704,0P0000XY2C,KBSF
1705,0P0000U0CS,KBWB
1706,0P0000Q4WP,KBWD
1707,0P0000Q4WR,KBWP
1708,0P0000U0CV,KBWR
1709,0P0000Q4WQ,KBWY
1710,0P00006YLB,KCAP
1711,,
1712,0P00014HI8,KE
1713,0P0000034C,KELYA
1714,0P0000064Q,KELYB
1715,0P0000034S,KEQU
1716,0P0000034Q,KERX
1717,0P0000PY6Z,KEYW
1718,0P0000034N,KFFB
1719,0P00000353,KFRC
1720,0P00000052,KGJI
1721,0P00016CR2,KHC
1722,0P0001BQ2K,KIDS
1723,,
1724,0P000001LT,KINS
1725,0P0000035L,KIRK
1726,0P0000033M,KLAC
1727,0P0000036M,KLIC
1728,0P0001EEJI,KLXE
1729,0P000150R7,KLXI
1730,0P0000JK1O,KMDA
1731,0P00015JL3,KMPH
1732,0P0000CQ6P,KNDI
1733,0P0001DCAS,KNSA
1734,0P00018DLL,KNSL
1735,0P00000361,KONA
1736,0P000005F3,KOOL
1737,,
1738,0P0000036C,KOSS
1739,0P0000ZT5S,KPTI
1740,0P00017RIG,KRMA
1741,0P00015KGE,KRNT
1742,0P00000347,KRNY
1743,0P0001BKUR,KRYS
1744,0P0000034W,KTCC
1745,0P000005Z5,KTOS
1746,0P0001719Q,KTOV
1747,,
1748,0P00012S9U,KTWO
1749,0P00016LD0,KURA
1750,0P0000033T,KVHI
1751,0P000003ZL,KZIA
1752,0P0001DIFX,KZR
1753,0P000003PU,LABL
1754,0P0001CGO3,LACQ
1755,0P0001CBNR,LACQU
1756,,
1757,0P00000382,LAKE
1758,0P00010YIB,LALT
1759,0P00000385,LAMR
1760,0P0000038A,LANC
1761,0P0000XYNZ,LAND
1762,0P00018J43,LANDP
1763,0P0000038I,LARK
1764,0P0001D4ZC,LASR
1765,0P00019MC8,LAUR
1766,0P00000391,LAWS
1767,0P000170S7,LAZY
1768,0P00000380,LBAI
1769,0P0001CB5G,LBC
1770,0P00014IFR,LBRDA
1771,0P00014KRC,LBRDK
1772,0P000003AA,LBTYA
1773,0P00001SJ7,LBTYB
1774,0P00006SNX,LBTYK
1775,0P00018E9G,LCA
1776,0P000182U2,LCAHU
1777,,
1778,0P0000036W,LCNB
1779,0P000003AN,LCUT
1780,0P0000Y6E3,LDRI
1781,0P00012HDC,LE
1782,0P000003AZ,LECO
1783,0P0000RVXZ,LEDS
1784,0P0001C6NP,LEGR
1785,0P0001583D,LENS
1786,0P0001D4SP,LEVL
1787,0P000195BA,LEXEA
1788,0P000195BB,LEXEB
1789,0P0001DW6W,LFAC
1790,0P0001DJ8O,LFACU
1791,,
1792,0P000003BG,LFUS
1793,,
1794,0P00007XZC,LGCY
1795,0P0000ZT5T,LGIH
1796,0P000003AP,LGND
1797,0P0000036Z,LHCG
1798,0P00015WTS,LIFE
1799,0P000169BW,LILA
1800,0P000169BX,LILAK
1801,0P000003AY,LINC
1802,0P0000YR2V,LIND
1803,,
1804,0P000002Y5,LINK
1805,,
1806,0P00016FO3,LITE
1807,0P00000AIP,LIVE
1808,,
1809,0P0000T0T8,LIVX
1810,0P0000037I,LJPC
1811,,
1812,0P000169PU,LKOR
1813,0P00000372,LKQ
1814,0P0000NR29,LLIT
1815,0P00008ZSW,LLNW
1816,0P00006OO5,LMAT
1817,0P00013NKY,LMB
1818,0P000133XE,LMBS
1819,0P00016WLM,LMFA
1820,,
1821,0P0000095Q,LMNR
1822,0P000003CJ,LMNX
1823,0P00014M22,LMRK
1824,0P00014M22,LMRK
1825,0P00018HR5,LMRKO
1826,0P00017Q1Y,LMRKP
1827,0P00006CC3,LMST
1828,0P0000038H,LNDC
1829,0P00017OO0,LNGR
1830,0P00013NYR,LNTH
1831,0P0001ED4J,LOACU
1832,,
1833,0P00016DQB,LOB
1834,0P0000KPPR,LOCO
1835,0P000003BY,LOGI
1836,0P0000I7GS,LOGM
1837,0P0000CHZJ,LONE
1838,0P0000X3UP,LOOP
1839,0P0000I6MX,LOPE
1840,0P000003C5,LORL
1841,0P0001DK4Y,LOVE
1842,0P00013OEV,LOXO
1843,,
1844,0P0000RRUZ,LPLA
1845,0P000003AL,LPNT
1846,,
1847,0P000003AQ,LPTH
1848,0P00013ORD,LPTX
1849,0P0001DZC7,LQDA
1850,0P00001QMB,LQDT
1851,0P000000EC,LRAD
1852,0P00000384,LRCX
1853,0P00019VJ2,LRGE
1854,0P00002A23,LSBK
1855,0P0000038X,LSCC
1856,0P0000038K,LSTR
1857,0P00017UGV,LSXMA
1858,0P00017UGX,LSXMB
1859,0P00017UGZ,LSXMK
1860,0P000009HG,LTBR
1861,0P00013YND,LTRPA
1862,0P00013YNE,LTRPB
1863,0P0000038N,LTRX
1864,0P00006EJL,LTXB
1865,0P00009C0X,LULU
1866,0P00005XCE,LUNA
1867,0P00016N12,LVHD
1868,0P000003AO,LWAY
1869,0P0001CEMO,LX
1870,0P0000039Z,LXRX
1871,0P0001BTVV,LYL
1872,0P0000037E,LYTS
1873,0P0000V6ZF,MACK
1874,0P000003F0,MAGS
1875,0P000007PN,MAMS
1876,0P000003FY,MANH
1877,0P000003FS,MANT
1878,0P000003GU,MAR
1879,0P0000STDD,MARA
1880,0P00009R6B,MARK
1881,0P000003GG,MARPS
1882,0P00009DEE,MASI
1883,0P000003HP,MAT
1884,0P000003HQ,MATW
1885,0P0000031D,MAYS
1886,0P000166ET,MB
1887,0P00007WFP,MBB
1888,,
1889,0P000003CZ,MBFI
1890,0P0001C8JJ,MBFIO
1891,0P0000Z6EI,MBII
1892,,
1893,0P0001BIPD,MBIO
1894,0P0001EC15,MBNAA
1895,0P0001EC17,MBNAB
1896,0P0000054S,MBOT
1897,0P000184U8,MBRX
1898,0P000133XK,MBSD
1899,0P000003D3,MBTF
1900,0P00011ROQ,MBUU
1901,0P000003K6,MBWM
1902,0P000003EL,MCBC
1903,0P00017MQY,MCEF
1904,0P0000UTMT,MCEP
1905,0P00016D02,MCFT
1906,0P0000SOBJ,MCHI
1907,0P000003M7,MCHP
1908,0P000003GB,MCHX
1909,0P0001691C,MCRB
1910,0P000003OR,MCRI
1911,0P0001BRCG,MDB
1912,0P000003D8,MDCA
1913,0P000003JJ,MDCO
1914,0P000080L6,MDGL
1915,0P000162E0,MDGS
1916,,
1917,0P0000WRJF,MDIV
1918,0P0000036D,MDLZ
1919,0P000000A2,MDRX
1920,0P0000KBVL,MDSO
1921,0P00012AZS,MDWD
1922,0P0000COQ0,MDXG
1923,0P00018GO3,MEDP
1924,0P000004JH,MEET
1925,0P000003GY,MEIP
1926,0P00009FL7,MELI
1927,0P00014IFK,MELR
1928,0P000003LG,MEOH
1929,0P000003K9,MERC
1930,0P0001E29C,MESA
1931,0P0000DZ85,MESO
1932,0P00019MP4,METC
1933,,
1934,,
1935,0P000003EP,MFNC
1936,0P000003Q2,MFSF
1937,0P000003DL,MGEE
1938,,
1939,0P000003OV,MGI
1940,0P000003F5,MGIC
1941,,
1942,0P0000ZNNO,MGNX
1943,0P000003DP,MGPI
1944,0P000003IK,MGRC
1945,0P0001DIFY,MGTA
1946,0P0001DGWM,MGTX
1947,0P0000068X,MGYR
1948,0P0000I44S,MHLD
1949,0P0000COH8,MICT
1950,0P000003MU,MIDD
1951,0P00013C9Y,MIK
1952,,
1953,0P00016Z2K,MIME
1954,0P000003O1,MIND
1955,0P000186I8,MINDP
1956,0P000003O8,MINI
1957,0P000003O3,MITK
1958,0P0000NR23,MITL
1959,0P0000CXIZ,MKGI
1960,0P000003DV,MKSI
1961,0P000003GO,MKTX
1962,0P000003KZ,MLAB
1963,0P00007KNM,MLCO
1964,0P000002NX,MLHR
1965,0P0000V6ZG,MLNT
1966,0P000080T2,MLNX
1967,0P0000FX9Y,MLVF
1968,0P000003PZ,MMAC
1969,0P0001AMD9,MMDM
1970,,
1971,0P0001A4NK,MMDMU
1972,,
1973,0P000003H3,MMLP
1974,0P000003KR,MMSI
1975,0P0000POAR,MMYT
1976,0P000003NK,MNDO
1977,0P0000ILCB,MNGA
1978,0P000003G2,MNKD
1979,0P0001CJS0,MNLO
1980,0P00006XQP,MNOV
1981,0P000003P1,MNRO
1982,0P000002L4,MNST
1983,0P000003OP,MNTA
1984,0P000005QN,MNTX
1985,0P000135K8,MOBL
1986,0P0000CQ68,MOFG
1987,0P000185IB,MOGLC
1988,0P00014MHB,MOMO
1989,0P0001D4ZB,MOR
1990,0P0001D4ZB,MOR
1991,0P000003P0,MOSY
1992,0P0001CNF8,MOTS
1993,0P0000ZT3J,MOXC
1994,0P000003PM,MPAA
1995,0P0001AE2Y,MPAC
1996,0P00019WC8,MPACU
1997,,
1998,0P000003MN,MPB
1999,0P00017FJ9,MPCT
2000,0P000003PP,MPVD
2001,0P000003OZ,MPWR
2002,0P00018Q5H,MRAM
2003,0P0001C2OS,MRBK
2004,0P0000X7UO,MRCC
2005,,
2006,0P000003KG,MRCY
2007,,
2008,,
2009,0P00013O7S,MRNS
2010,,
2011,,
2012,0P0000BGX1,MRTX
2013,0P00017ZN2,MRUS
2014,0P000003H5,MRVL
2015,0P00007WAI,MSBF
2016,0P0000TT2H,MSBI
2017,0P000003MV,MSEX
2018,0P000003MH,MSFT
2019,,
2020,0P000003M6,MSTR
2021,0P000006HC,MSVB
2022,0P00013DDX,MTBC
2023,0P00016YQ0,MTBCP
2024,0P00016ZA2,MTCH
2025,0P0001CQZR,MTEC
2026,0P0001CMNK,MTECU
2027,,
2028,0P000005FI,MTEM
2029,0P000003G3,MTEX
2030,0P00018G5Y,MTFB
2031,,
2032,0P00013C0P,MTLS
2033,0P000173U3,MTP
2034,0P000003HL,MTRX
2035,0P000003EG,MTSC
2036,0P0000VKO5,MTSI
2037,0P000003DG,MTSL
2038,0P000003MC,MU
2039,0P0001CU1J,MUDS
2040,0P0001CODD,MUDSU
2041,,
2042,0P000003EH,MVBF
2043,0P000003MK,MVIS
2044,0P000003I0,MXIM
2045,0P000003I6,MXWL
2046,0P0001DZC8,MYFW
2047,,
2048,0P000003Q5,MYL
2049,0P000008Z6,MYND
2050,,
2051,0P00016VDX,MYOK
2052,0P0000K5TF,MYOS
2053,0P0000HOWG,MYRG
2054,0P00018EK0,MYSZ
2055,0P0000YWCZ,MZOR
2056,,
2057,,
2058,,
2059,,
2060,,
2061,,
2062,,
2063,,
2064,,
2065,,
2066,,
2067,,
2068,,
2069,,
2070,,
2071,,
2072,,
2073,,
2074,,
2075,,
2076,,
2077,,
2078,,
2079,,
2080,,
2081,,
2082,,
2083,,
2084,,
2085,,
2086,,
2087,,
2088,,
2089,,
2090,,
2091,,
2092,,
2093,,
2094,,
2095,,
2096,,
2097,,
2098,,
2099,,
2100,,
2101,,
2102,,
2103,,
2104,,
2105,,
2106,,
2107,,
2108,,
2109,,
2110,,
2111,,
2112,,
2113,,
2114,,
2115,,
2116,,
2117,,
2118,,
2119,,
2120,,
2121,,
2122,,
2123,,
2124,,
2125,,
2126,,
2127,,
2128,,
2129,,
2130,,
2131,,
2132,,
2133,0P000007QQ,SSC
2134,,
2135,,
2136,,
2137,,
2138,,
2139,,
2140,,
2141,,
2142,,
2143,,
2144,,
2145,,
2146,,
2147,,
2148,0P00008URO,TRS
2149,,
2150,,
2151,,
2152,,
2153,,
2154,,
2155,,
2156,0P0000SCTV,VC
2157,,
2158,,
2159,,
2160,,
2161,,
2162,,
2163,,
2164,,
2165,,
2166,,
2167,,
2168,,
2169,,
2170,,
2171,,
2172,,
2173,,
2174,,
2175,,
2176,,
2177,,
2178,,
2179,,
2180,,
2181,,
2182,,
2183,,
2184,,
2185,,
2186,,
2187,,
2188,,
2189,0P00016NMH,OASM
2190,0P0000043A,OBAS
2191,0P00000416,OBCI
2192,,
2193,0P0001D7BI,OBNK
2194,0P00019LN4,OBSV
2195,0P0000043B,OCC
2196,0P0000041A,OCFC
2197,0P000000U5,OCLR
2198,0P0000Z3AO,OCSI
2199,0P0000I5T2,OCSL
2200,,
2201,0P00013N8T,OCUL
2202,0P0000041U,ODFL
2203,0P0000041J,ODP
2204,0P0001CAJJ,ODT
2205,0P0000A2WW,OESX
2206,0P0000S9DE,OFED
2207,0P0000044E,OFIX
2208,0P00000424,OFLX
2209,0P0000XAJK,OFS
2210,,
2211,0P00001SJA,OHAI
2212,0P000006RC,OHGI
2213,0P0000CON0,OHRP
2214,0P0000040G,OIIM
2215,0P0001BGW4,OKDCC
2216,0P0000041V,OLBK
2217,0P00017N7O,OLD
2218,0P000005O7,OLED
2219,0P00016D4Z,OLLI
2220,0P00006X7H,OMAB
2221,0P0000042B,OMCL
2222,0P0000Z4SP,OMED
2223,0P0000KUG7,OMER
2224,0P0000041H,OMEX
2225,,
2226,0P0000041W,ONB
2227,0P000159CD,ONCE
2228,0P0000K6LV,ONCS
2229,0P0000042J,ONCY
2230,0P00002DBK,ONEQ
2231,0P00017X3C,ONS
2232,,
2233,0P0000Z5PR,ONTX
2234,,
2235,0P0000TVVU,ONVO
2236,0P00012O4C,OPB
2237,0P0000COYG,OPBK
2238,0P0001CZ8B,OPES
2239,0P0001CTUB,OPESU
2240,,
2241,,
2242,,
2243,0P0000043H,OPHC
2244,0P0000ZJKY,OPHT
2245,0P00000636,OPK
2246,0P0000KXRH,OPNT
2247,0P0000041X,OPOF
2248,0P0001DZZN,OPRA
2249,0P000009QW,OPRX
2250,,
2251,0P0000AQ17,OPTT
2252,0P00006PWX,ORBC
2253,0P0000043U,ORBK
2254,0P00017N8Q,ORG
2255,0P0000MOCH,ORGS
2256,0P0000U26Z,ORIG
2257,0P00007ZFR,ORIT
2258,0P0000040D,ORLY
2259,0P0000COUU,ORMP
2260,,
2261,0P0000044A,ORRF
2262,0P0000041Z,OSBC
2263,0P000083C1,OSBCP
2264,0P0000690G,OSIR
2265,0P0000040T,OSIS
2266,,
2267,,
2268,0P0001CKSX,OSS
2269,0P0000044V,OSTK
2270,0P0000043K,OSUR
2271,0P0000YWD2,OTEL
2272,0P00000431,OTEX
2273,0P00013TC3,OTIC
2274,0P0000042G,OTIV
2275,0P0000044N,OTTR
2276,0P0000CODG,OTTW
2277,0P0000X4QL,OVAS
2278,0P0000041Q,OVBC
2279,0P0001ADWG,OVID
2280,0P000006I8,OVLY
2281,0P00012JTB,OXBR
2282,,
2283,0P0001015A,OXFD
2284,0P0000P11M,OXLC
2285,0P0001AMO4,OXLCM
2286,0P0000Z26F,OXLCO
2287,0P000005BZ,OXSQ
2288,,
2289,0P000000PL,OZK
2290,0P0000047O,PAAS
2291,0P0000Q6FN,PACB
2292,0P0001DG92,PACQ
2293,0P0001D4AH,PACQU
2294,,
2295,0P0000025T,PACW
2296,0P0000HPCJ,PAGG
2297,0P00012KIO,PAHC
2298,0P00011ISG,PANL
2299,0P000156D2,PATI
2300,0P0000048Z,PATK
2301,0P00017XG6,PAVM
2302,,
2303,,
2304,0P0000049D,PAYX
2305,0P0000046F,PBBI
2306,0P000004AG,PBCT
2307,0P00018Y0Q,PBCTP
2308,0P0000048T,PBHC
2309,0P000004I1,PBIP
2310,0P0000ZLDC,PBPB
2311,0P0000U0L0,PBSK
2312,0P0000VQXK,PBYI
2313,0P00000459,PCAR
2314,0P0000CO2S,PCB
2315,0P000004EZ,PCH
2316,0P0000045E,PCMI
2317,0P0000CQ54,PCOM
2318,0P0000SCP8,PCRX
2319,0P0001ABWV,PCSB
2320,0P0000045F,PCTI
2321,0P00012CTY,PCTY
2322,0P0000048A,PCYG
2323,0P000004II,PCYO
2324,0P00011OAP,PDBC
2325,0P000004BU,PDCE
2326,0P00000495,PDCO
2327,0P0001DZXT,PDD
2328,0P000004GO,PDEX
2329,0P0000045H,PDFS
2330,0P0001BPNE,PDLB
2331,0P0000045K,PDLI
2332,0P00006A7Q,PDP
2333,0P00015BBF,PDVW
2334,0P000004AL,PEBK
2335,0P000004AM,PEBO
2336,0P0000049T,PEGA
2337,0P0000ZGT0,PEGI
2338,0P0000046W,PEIX
2339,,
2340,0P000004B0,PEP
2341,0P00000AKB,PERI
2342,0P000004BG,PERY
2343,0P000004BC,PESI
2344,0P0001BBT3,PETQ
2345,0P000004BK,PETS
2346,0P0000YWYW,PETX
2347,0P0001BMW1,PETZ
2348,0P0001D35R,PETZC
2349,0P00006CQE,PEZ
2350,0P000004FI,PFBC
2351,0P000004FP,PFBI
2352,0P0000862W,PFF
2353,0P000004GI,PFG
2354,0P00006CQS,PFI
2355,0P0000CP12,PFIE
2356,0P00006CQS,PFI
2357,0P000004AS,PFIS
2358,0P0000U0BD,PFLT
2359,0P00002DDM,PFM
2360,0P0000WMDD,PFMT
2361,0P0000VU9J,PFPT
2362,0P0000045Q,PFSW
2363,0P0000049K,PGC
2364,0P00002DCT,PGJ
2365,0P0000KOPZ,PGLC
2366,0P000004GZ,PGNX
2367,0P0000045V,PHII
2368,0P0000B1G3,PHIIK
2369,0P00002DE7,PHO
2370,0P00018CBY,PI
2371,0P0000045X,PICO
2372,0P00002DDL,PID
2373,0P0000A494,PIE
2374,0P00012CUJ,PIH
2375,0P0001COSB,PIHPP
2376,0P0000ZK3Q,PINC
2377,0P00008XMW,PIO
2378,0P00013OV3,PIRS
2379,0P00019G58,PIXY
2380,0P0000A493,PIZ
2381,0P0000048E,PKBK
2382,0P0000048D,PKOH
2383,0P00006CQN,PKW
2384,0P000004CP,PLAB
2385,0P0000X3YP,PLAY
2386,0P000004E0,PLBC
2387,0P0000018A,PLCE
2388,0P0001BSF6,PLLL
2389,0P000004FK,PLPC
2390,0P0001821G,PLSE
2391,0P000004DY,PLUG
2392,0P000001ZZ,PLUS
2393,0P00009RLW,PLW
2394,0P000126GN,PLXP
2395,0P000004DX,PLXS
2396,0P00016XGP,PLYA
2397,0P00000470,PMBC
2398,0P000004I4,PMD
2399,0P0000TSE3,PME
2400,0P0001BDK8,PMOM
2401,0P000173LD,PMPT
2402,0P00016POV,PMTS
2403,0P00000492,PNBK
2404,0P000004D1,PNFP
2405,0P00017Y01,PNK
2406,0P00008DL2,PNNT
2407,0P0000CO5M,PNQI
2408,0P000004G9,PNRG
2409,0P000003WV,PNTR
2410,0P00008TJ2,PODD
2411,0P000198C2,POLA
2412,0P000004RE,POOL
2413,0P000004EL,POPE
2414,0P000004F2,POWI
2415,0P000004F1,POWL
2416,0P00000471,PPBI
2417,0P000004CU,PPC
2418,0P0000U0D0,PPH
2419,0P000003DK,PPIH
2420,0P0000J48G,PPSI
2421,0P000004ER,PRAA
2422,0P00014KRE,PRAH
2423,,
2424,0P000004B2,PRCP
2425,0P000004B6,PRFT
2426,0P00006C03,PRFZ
2427,0P000004H2,PRGS
2428,0P0000046C,PRGX
2429,0P00006T6X,PRIM
2430,0P0000Q7R3,PRMW
2431,,
2432,0P0001EHHB,PRNB
2433,0P000004HT,PROV
2434,0P000004JS,PRPH
2435,0P00016J5T,PRPL
2436,,
2437,0P000005HY,PRPO
2438,0P0001478N,PRQR
2439,0P000004HP,PRSC
2440,0P0000VR75,PRSS
2441,0P0000XQYX,PRTA
2442,0P0001977S,PRTH
2443,0P00018NQ7,PRTHU
2444,,
2445,0P00002CDJ,PRTK
2446,0P00014EFR,PRTO
2447,0P000080T3,PRTS
2448,0P0001E0E4,PRVB
2449,0P0001D9O1,PS
2450,0P0000HQUT,PSAU
2451,0P00018BZK,PSC
2452,0P0000N3QV,PSCC
2453,0P0000N3QT,PSCD
2454,0P0000N3QW,PSCE
2455,0P0000N3QX,PSCF
2456,0P0000N3QY,PSCH
2457,0P0000N3QZ,PSCI
2458,0P0000N3R1,PSCM
2459,0P0000N3R0,PSCT
2460,0P0000N3QU,PSCU
2461,0P00019UKX,PSDO
2462,0P000004H9,PSEC
2463,0P000175UA,PSET
2464,0P00006CQF,PSL
2465,0P000004G3,PSMT
2466,0P0000AEPB,PSTI
2467,0P00000487,PTC
2468,0P0000YY2R,PTCT
2469,0P000003FL,PTE
2470,0P000003FL,PTE
2471,0P00006CQK,PTF
2472,0P00018GO4,PTGX
2473,0P00006CQI,PTH
2474,0P00017EIR,PTI
2475,0P0000047E,PTIE
2476,0P0000YSGO,PTLA
2477,0P0000048N,PTNR
2478,0P00000455,PTSI
2479,0P00000647,PTVCA
2480,0P000000OK,PTVCB
2481,0P000002H7,PTX
2482,0P000163QD,PUB
2483,0P00002DDV,PUI
2484,0P0001021W,PULM
2485,0P000195T3,PVAC
2486,0P0001BDK5,PVAL
2487,0P00016EDZ,PVBC
2488,0P000004A9,PWOD
2489,0P00006CQR,PXI
2490,0P000004DG,PXLW
2491,0P00016X9M,PXS
2492,0P0001BDK7,PXUS
2493,0P000175UB,PY
2494,0P0000049G,PYDS
2495,0P00016CGN,PYPL
2496,0P00006CQD,PYZ
2497,0P0000047X,PZZA
2498,0P0000K56Y,QABA
2499,0P0000RYJ1,QADA
2500,0P0000RYJ2,QADB
2501,0P00011VR1,QAT
2502,0P000004J9,QBAK
2503,,
2504,0P000004J4,QCOM
2505,0P000004IQ,QCRH
2506,0P000004JR,QDEL
2507,0P0000YKL4,QIWI
2508,0P000169PT,QLC
2509,0P0000X22X,QLYS
2510,0P0000N9F5,QNST
2511,0P00002DEU,QQEW
2512,0P00002D82,QQQ
2513,0P0000KYMO,QQQC
2514,0P00007KNN,QQQX
2515,0P000081KU,QQXT
2516,0P0000KGEL,QRHC
2517,0P00005TVW,QRTEA
2518,0P00005TVX,QRTEB
2519,0P000155WN,QRVO
2520,0P00002DES,QTEC
2521,0P00018WNY,QTNA
2522,0P00012N3K,QTNT
2523,0P0000B2WC,QTRH
2524,0P0001CAJK,QTRX
2525,0P0001EHHC,QTT
2526,0P000004JP,QUIK
2527,0P000004OR,QUMU
2528,0P00011W9X,QURE
2529,0P0000ZGAG,QYLD
2530,0P000004KU,RADA
2531,0P000002AK,RAIL
2532,0P000004LI,RAND
2533,0P00011S80,RARE
2534,0P00018WDC,RARX
2535,0P000004DH,RAVE
2536,,
2537,0P0001BDNY,RBB
2538,0P0001BDNY,RBB
2539,0P000004NP,RBCAA
2540,,
2541,0P0000CO3A,RBNC
2542,0P000004NG,RCII
2543,0P00015A1K,RCKT
2544,0P000004PP,RCKY
2545,0P0000O9IT,RCM
2546,0P000004KE,RCMT
2547,,
2548,0P000004K8,RDCM
2549,,
2550,0P0000XTNZ,RDHL
2551,0P000004LY,RDI
2552,0P0000068I,RDIB
2553,0P000004GA,RDNT
2554,0P0000V49T,RDUS
2555,0P0001CX1G,RDVT
2556,0P0000ZP42,RDVY
2557,0P000004L4,RDWR
2558,,
2559,0P0001BRQ2,REDU
2560,0P000004NX,REFR
2561,0P0000V191,REGI
2562,,
2563,0P000005WG,REIS
2564,0P000004OK,RELL
2565,0P000004N5,RELV
2566,0P0001246Y,REPH
2567,0P0001DZCA,REPL
2568,,
2569,0P000181M4,RETA
2570,0P0001CB5B,RETO
2571,0P000171IB,RFAP
2572,0P000171IC,RFDI
2573,0P000171ID,RFEM
2574,0P000171IE,RFEU
2575,0P000004KH,RFIL
2576,0P000004KL,RGCO
2577,,
2578,0P000004QF,RGLD
2579,0P0000X2ES,RGLS
2580,0P00016NDY,RGNX
2581,0P0000FTFD,RGSE
2582,0P000003ZZ,RIBT
2583,,
2584,0P000004OM,RICK
2585,0P000004OO,RIGL
2586,0P0000KTJ5,RILY
2587,,
2588,,
2589,,
2590,,
2591,,
2592,0P0000UTLP,RING
2593,0P000000JX,RIOT
2594,0P0000KYKG,RIVE
2595,0P00015YIC,RKDA
2596,0P0000SO4P,RLJE
2597,0P0001DKK9,RLM
2598,0P00013KY4,RMBL
2599,0P000004LE,RMBS
2600,0P000004PO,RMCF
2601,,
2602,0P00016DEH,RMNI
2603,0P000171WP,RMR
2604,0P000004PM,RMTI
2605,0P00018AUT,RNDB
2606,0P0001ACO3,RNDM
2607,0P0001ACO8,RNDV
2608,0P0001ACO4,RNEM
2609,0P0000RXM8,RNET
2610,0P0001ACO5,RNLC
2611,0P0001ACO6,RNMC
2612,0P0001ACO7,RNSC
2613,0P000004NE,RNST
2614,0P000004M0,RNWK
2615,0P0001D6JN,ROAD
2616,0P0001CBM9,ROBT
2617,0P000002F7,ROCK
2618,0P0000AEOU,ROIC
2619,0P0001BMW4,ROKU
2620,0P000004KC,ROLL
2621,0P00017P0H,ROSE
2622,0P00017J7I,ROSEU
2623,,
2624,0P000004Q0,ROST
2625,0P0000POAW,RP
2626,0P00016CZY,RPD
2627,0P0001BVJA,RPIBC
2628,0P00017TZR,RRR
2629,0P00009X0N,RSLS
2630,0P000004L2,RSYS
2631,0P000004MR,RTIX
2632,0P0000Q5MM,RTRX
2633,0P000165SI,RTTR
2634,0P0001DYJ2,RUBY
2635,,
2636,0P000004QQ,RUSHA
2637,0P00000663,RUSHB
2638,0P000004QU,RUTH
2639,,
2640,0P0000057G,RVLT
2641,0P00011UE0,RVNC
2642,0P000004P1,RVSB
2643,0P00013YY3,RWLK
2644,0P0000W4XK,RXII
2645,,
2646,0P000004QW,RYAAY
2647,0P0001BOP7,RYTM
2648,0P00012NEI,SABR
2649,0P0000TSEI,SAEX
2650,0P000004TF,SAFM
2651,0P000004SU,SAFT
2652,0P00013MD2,SAGE
2653,0P000004RG,SAIA
2654,0P000004T2,SAL
2655,0P000004T0,SALM
2656,0P0000XBN1,SAMG
2657,0P000004TL,SANM
2658,0P0000OPN0,SANW
2659,0P000004TI,SASR
2660,0P0000A4G9,SATS
2661,0P0000J09N,SAUC
2662,0P000004R6,SBAC
2663,0P00016Q5X,SBBP
2664,0P00000582,SBBX
2665,0P000004VB,SBCF
2666,0P000004QP,SBFG
2667,0P000157CX,SBFGP
2668,0P000004YS,SBGI
2669,0P0000A9GZ,SBLK
2670,,
2671,0P000004Y1,SBNY
2672,,
2673,0P0000OOQY,SBOT
2674,0P00017LX2,SBPH
2675,0P0000RRG2,SBRA
2676,0P0000051P,SBSI
2677,0P0001C5Q6,SBT
2678,0P00000546,SBUX
2679,0P000195L9,SCAC
2680,0P00018OGD,SCACU
2681,,
2682,0P000004UN,SCHL
2683,,
2684,0P00000503,SCKT
2685,,
2686,0P000093SS,SCOR
2687,0P0001C2ZT,SCPH
2688,0P000004UA,SCSC
2689,0P000004XC,SCVL
2690,0P00017SV0,SCWX
2691,0P00012IIV,SCYX
2692,0P00009ONF,SCZ
2693,0P0001BJV4,SDVY
2694,0P000004V7,SEAC
2695,0P0001BLEX,SECO
2696,0P00015IBD,SEDG
2697,0P00000444,SEED
2698,0P000004RJ,SEIC
2699,0P0000COJQ,SEII
2700,0P000185YL,SELB
2701,0P00012KJZ,SELF
2702,0P00000655,SENEA
2703,0P000004W6,SENEB
2704,0P0000AEPD,SES
2705,0P0000AEPD,SES
2706,0P0000WUUM,SFBC
2707,0P000131A1,SFBS
2708,0P0001ALUV,SFET
2709,0P0001C2LE,SFIX
2710,0P00006D1A,SFLY
2711,0P0000Z6EJ,SFM
2712,0P000004YM,SFNC
2713,0P000002IN,SFST
2714,0P000004SX,SGA
2715,0P0001ALM8,SGBX
2716,0P0000057P,SGC
2717,,
2718,0P0001AHE5,SGH
2719,0P0000COVM,SGLB
2720,,
2721,0P000004XZ,SGMA
2722,0P000004TJ,SGMO
2723,0P000004UU,SGMS
2724,0P0000D8FQ,SGOC
2725,0P00000526,SGRP
2726,0P00016PH6,SGRY
2727,0P0000J07G,SGYP
2728,0P000004XG,SHBI
2729,,
2730,0P0000AEOT,SHIP
2731,,
2732,0P000004VG,SHLD
2733,,
2734,0P000004X8,SHLO
2735,0P00000556,SHOO
2736,0P0000X6S1,SHOS
2737,0P000004XA,SHPG
2738,0P0000SUUX,SHSP
2739,0P00007WF3,SHV
2740,0P00002DB4,SHY
2741,0P0001ECN4,SIC
2742,0P000004XN,SIEB
2743,,
2744,0P000004RO,SIFI
2745,0P000004XU,SIFY
2746,0P000004XV,SIGA
2747,0P000004VZ,SIGI
2748,0P000004Y6,SILC
2749,0P000004YA,SIMO
2750,0P000004RS,SINA
2751,0P0000FXJQ,SINO
2752,0P0000VKNX,SIR
2753,0P000004Z1,SIRI
2754,0P0000J078,SITO
2755,0P000004SH,SIVB
2756,0P0000USDQ,SKIS
2757,0P00013XWV,SKOR
2758,0P00014IQN,SKYS
2759,0P000004ZC,SKYW
2760,0P0000TLDL,SKYY
2761,0P000004Y9,SLAB
2762,0P000007A3,SLCT
2763,0P0001CKIH,SLDB
2764,0P0001CLS6,SLGL
2765,,
2766,0P00017N8P,SLIM
2767,0P000004RZ,SLM
2768,0P000082LQ,SLMBP
2769,0P00013TC2,SLNO
2770,,
2771,0P000004YR,SLP
2772,0P0000Z5WF,SLQD
2773,0P0000KPSZ,SLRC
2774,0P0000CNVQ,SLS
2775,0P0000YLON,SLVO
2776,0P0000051L,SMBC
2777,0P0000CODY,SMBK
2778,0P00015C2H,SMCP
2779,0P000004X0,SMED
2780,0P000004UL,SMIT
2781,0P0000056J,SMMF
2782,0P00015FXV,SMMT
2783,0P00018MMR,SMPL
2784,,
2785,0P0000054N,SMRT
2786,0P000004ZT,SMSI
2787,0P000004W5,SMTC
2788,0P000004S2,SMTX
2789,0P000004VW,SNBR
2790,0P00018XV2,SND
2791,0P00011W1Y,SNDE
2792,0P000136RR,SNDX
2793,0P000195B0,SNES
2794,0P000004VQ,SNFCA
2795,0P000001M3,SNGX
2796,,
2797,0P000004W9,SNH
2798,,
2799,,
2800,0P0000056T,SNHY
2801,,
2802,0P000004WA,SNMX
2803,0P0001BCRX,SNNA
2804,0P00007ZLM,SNOA
2805,,
2806,0P00000591,SNPS
2807,0P00018227,SNSR
2808,0P00000575,SNSS
2809,0P0000U0CB,SOCL
2810,0P0000Q7Y3,SODA
2811,0P0000050N,SOFO
2812,0P000003DQ,SOHO
2813,0P00018LDP,SOHOB
2814,,
2815,0P0001BSBI,SOHOO
2816,0P00000509,SOHU
2817,0P0001B3A6,SOLO
2818,,
2819,0P00006PUC,SONA
2820,0P0000050M,SONC
2821,0P0001E0O4,SONO
2822,0P00006B9T,SORL
2823,0P00002DAM,SOXX
2824,0P0000053T,SP
2825,0P00000528,SPAR
2826,0P0000BYEE,SPCB
2827,0P0000052Y,SPEX
2828,0P0000JJF0,SPHS
2829,0P0001BMW6,SPI
2830,0P00013N8R,SPKE
2831,0P00019X1W,SPKEP
2832,0P0000VU9K,SPLK
2833,0P000168R6,SPNE
2834,0P000004TU,SPNS
2835,0P000005L4,SPOK
2836,0P0000052Q,SPPI
2837,0P0001BULE,SPRO
2838,0P0000057T,SPRT
2839,0P0000NR27,SPSC
2840,,
2841,0P00012NEJ,SPWH
2842,0P0000056Y,SPWR
2843,0P000007BT,SQBG
2844,0P0001AB1D,SQLV
2845,0P0000IMT2,SQQQ
2846,0P0000X6S0,SRAX
2847,0P00000009,SRCE
2848,0P0000054X,SRCL
2849,0P0000057V,SRDX
2850,0P0000VTH2,SRET
2851,0P0000SPFF,SREV
2852,0P0000COE6,SRNE
2853,0P0000003B,SRPT
2854,0P00016CZV,SRRA
2855,0P0001DBZ9,SRRK
2856,0P00018EK8,SRTS
2857,,
2858,0P000004RA,SSB
2859,0P00008614,SSBI
2860,0P000007QQ,SSC
2861,,
2862,,
2863,0P0001CNKL,SSLJ
2864,0P0000NILZ,SSNC
2865,0P0000COY1,SSNT
2866,0P000001TD,SSP
2867,0P000004YF,SSRM
2868,0P0001AJ9N,SSTI
2869,0P0000055P,SSYS
2870,0P0000053J,STAA
2871,0P0000UDMB,STAF
2872,0P0000ZWJH,STAY
2873,0P000004R1,STBA
2874,0P0000SAMO,STBZ
2875,,
2876,0P0000054A,STFC
2877,0P0001DJHR,STIM
2878,0P0000056X,STKL
2879,0P0000UL76,STKS
2880,0P0000054J,STLD
2881,0P00018U3O,STLR
2882,0P00018J1L,STLRU
2883,,
2884,0P0000WLFQ,STML
2885,0P0000053M,STMP
2886,0P0000Q29Q,STND
2887,0P0001CG3G,STNL
2888,0P0001BW0T,STNLU
2889,,
2890,0P0000POXE,STPP
2891,0P0000055Z,STRA
2892,0P00000552,STRL
2893,0P00000389,STRM
2894,0P0000055X,STRS
2895,0P0000055W,STRT
2896,0P000004VE,STX
2897,0P0001D7BH,STXB
2898,0P000084PV,SUMR
2899,0P0000SGOR,SUNS
2900,0P00006CP3,SUNW
2901,,
2902,0P0001D4SO,SURF
2903,0P0001A5EK,SUSB
2904,0P0001A5EL,SUSC
2905,0P000004YW,SVA
2906,0P000004WU,SVBI
2907,0P0000001N,SVRA
2908,0P0000SVWR,SVVC
2909,,
2910,0P000004XS,SWIR
2911,0P000004ZF,SWKS
2912,0P000004R2,SYBT
2913,0P00016P80,SYBX
2914,0P0000058G,SYKE
2915,0P0000058I,SYMC
2916,0P0000058S,SYNA
2917,0P0000VBLX,SYNC
2918,0P00014J84,SYNH
2919,0P0000058R,SYNL
2920,0P00000596,SYNT
2921,0P0000059A,SYPR
2922,0P000187OZ,SYRS
2923,0P000080AF,TA
2924,0P00011PPB,TACO
2925,,
2926,0P000005HP,TACT
2927,0P000005AQ,TAIT
2928,0P00014L2R,TANH
2929,,
2930,,
2931,,
2932,0P0000FY2E,TAOP
2933,0P00013KO1,TAPR
2934,0P00006ZZ4,TAST
2935,0P0000059H,TATT
2936,0P000005BJ,TAYD
2937,0P000005ER,TBBK
2938,0P0001DK55,TBIO
2939,0P00014J85,TBK
2940,0P0000KP4O,TBNK
2941,0P000133JY,TBPH
2942,0P0001DZMW,TBRG
2943,0P0001DJS6,TBRGU
2944,,
2945,0P000005EF,TCBI
2946,,
2947,0P0000YC7Q,TCBIP
2948,,
2949,0P000005IL,TCBK
2950,0P000005BT,TCCO
2951,0P0001DK56,TCDA
2952,0P00000A8K,TCFC
2953,0P0001BL01,TCGP
2954,0P000185YM,TCMD
2955,,
2956,0P0000VTMR,TCPC
2957,0P0000KXX6,TCRD
2958,0P000005JM,TCX
2959,0P0001DIZ1,TDAC
2960,0P0001DDFS,TDACU
2961,,
2962,0P0000WRJG,TDIV
2963,0P000172LN,TEAM
2964,0P000005BN,TECD
2965,0P000005BS,TECH
2966,0P00012I1B,TEDU
2967,0P000003F3,TELL
2968,0P0001DZZM,TENB
2969,0P00000598,TENX
2970,0P00013MDE,TERP
2971,0P000005E9,TESS
2972,0P00008EOO,TFSL
2973,0P000005HL,TGA
2974,,
2975,0P0000W4LG,TGLS
2976,0P000003FZ,TGTX
2977,0P0000026A,THFF
2978,0P000000EN,THRM
2979,0P0000YJ7C,THST
2980,0P0001D40S,TIBR
2981,0P0001CWQI,TIBRU
2982,,
2983,0P000002XX,TILE
2984,0P000091SP,TIPT
2985,0P000005GF,TISA
2986,,
2987,0P000003EU,TIVO
2988,0P0001EIFK,TKKS
2989,,
2990,0P0001ECJD,TKKSU
2991,,
2992,0P000005B0,TLF
2993,0P000002S0,TLGT
2994,0P00018CC0,TLND
2995,0P0001DYJ3,TLRY
2996,0P00002DB5,TLT
2997,0P0001DGM5,TMCX
2998,0P0001D8PD,TMCXU
2999,,
3000,0P0000TN13,TMDI
3001,0P00016NMZ,TMSR
3002,0P00008DL1,TMUS
3003,0P0000O4F8,TNAV
3004,0P0000ZW9A,TNDM
3005,0P0000J56I,TNXP
3006,0P0001A3K6,TOCA
3007,0P000005AA,TOPS
3008,0P0001CKIP,TORC
3009,0P0001EE9B,TOTA
3010,,
3011,0P0001E2IW,TOTAU
3012,,
3013,0P00012UTA,TOUR
3014,,
3015,0P00018CBZ,TPIC
3016,0P000008NC,TPIV
3017,0P00000A6T,TPNL
3018,0P0000IMT1,TQQQ
3019,0P00002A25,TRCB
3020,0P0000LYIP,TRCH
3021,0P0000HEEJ,TREE
3022,0P00018ORL,TRHC
3023,0P000005IX,TRIB
3024,0P0000JJNM,TRIL
3025,0P0000UTBL,TRIP
3026,0P000005IU,TRMB
3027,0P0000ZO1C,TRMD
3028,0P000005JJ,TRMK
3029,0P0001BKPQ,TRMT
3030,0P00013OV6,TRNC
3031,0P000005HU,TRNS
3032,0P0000KQZ8,TROV
3033,0P0000059E,TROW
3034,0P00013ORR,TRPX
3035,0P00008URO,TRS
3036,0P000005JI,TRST
3037,0P000131AV,TRUE
3038,0P00013M2H,TRUP
3039,0P00019BA5,TRVG
3040,,
3041,0P000005FQ,TSBK
3042,0P0000YNEO,TSC
3043,0P0001CXAF,TSCAP
3044,0P000005H8,TSCO
3045,0P000005H2,TSEM
3046,0P0000TN71,TSG
3047,0P0000OQN8,TSLA
3048,0P000005AH,TSRI
3049,0P0000WDY3,TSRO
3050,0P000005F4,TST
3051,0P00018MTW,TTD
3052,0P000005CL,TTEC
3053,0P000005EC,TTEK
3054,0P00008UIH,TTGT
3055,0P000005AJ,TTMI
3056,0P000005FZ,TTNP
3057,0P00013PHN,TTOO
3058,0P0000Y76W,TTPH
3059,0P0000TW7W,TTS
3060,0P000005AS,TTWO
3061,0P000005JN,TUES
3062,0P00008D6P,TUR
3063,0P00008D6P,TUR
3064,0P00006ORT,TUSA
3065,0P00018TCL,TUSK
3066,0P0000RV4P,TVIX
3067,0P000000D0,TVTY
3068,,
3069,0P0001DZ93,TWLV
3070,,
3071,0P0001DJ8N,TWLVU
3072,,
3073,0P000005HG,TWMC
3074,0P00016V0K,TWNK
3075,,
3076,0P00012FOS,TWOU
3077,0P000006WC,TXMD
3078,,
3079,0P000005EL,TXRH
3080,0P00018Q0M,TYHT
3081,0P0000W934,TYME
3082,0P00009BY0,TYPE
3083,0P0001ED4I,TZACU
3084,0P000005I8,TZOO
3085,0P00011VR0,UAE
3086,0P000005KF,UAL
3087,0P000005MP,UBCP
3088,0P000005NG,UBFO
3089,0P00015QZX,UBIO
3090,0P000004PJ,UBNK
3091,0P0000UDS3,UBNT
3092,0P000005MQ,UBOH
3093,0P000005MA,UBSH
3094,0P000005MR,UBSI
3095,0P0001D6JL,UBX
3096,0P000005MU,UCBI
3097,0P000005MV,UCFC
3098,0P000005LO,UCTT
3099,0P00016N11,UDBI
3100,0P000005O8,UEIC
3101,0P000003UA,UEPS
3102,0P000005N3,UFCS
3103,0P000005O9,UFPI
3104,0P000005KM,UFPT
3105,0P000005NS,UG
3106,0P0000UDSC,UGLD
3107,0P000000BO,UHAL
3108,0P0000COHV,UIHC
3109,0P000005LR,ULBI
3110,0P000005OH,ULH
3111,0P00009UPY,ULTA
3112,0P000005LN,ULTI
3113,0P000005KQ,UMBF
3114,0P000005LU,UMPQ
3115,0P0001CXKE,UMRX
3116,0P000005M1,UNAM
3117,0P000005MB,UNB
3118,0P000005N9,UNFI
3119,0P00015UPT,UNIT
3120,0P000005NY,UNTY
3121,0P0000068A,UONE
3122,0P000004KZ,UONEK
3123,0P000005LP,UPL
3124,0P00014J82,UPLD
3125,,
3126,,
3127,0P000005L6,USAK
3128,0P000005OF,USAP
3129,0P000005L5,USAT
3130,0P0000B94I,USATP
3131,0P000001N7,USAU
3132,0P0000Q3VW,USCR
3133,0P000005K8,USEG
3134,0P00007WFF,USIG
3135,0P00016GB9,USLB
3136,0P000005NK,USLM
3137,0P0000UDSE,USLV
3138,0P0001BDK9,USMC
3139,0P0001ACZM,USOI
3140,0P000005NQ,UTHR
3141,0P000005OV,UTMD
3142,0P000005LJ,UTSI
3143,0P000005OK,UVSP
3144,,
3145,0P000005PR,VALU
3146,0P00013NZS,VALX
3147,0P000007LK,VBFC
3148,0P00000955,VBIV
3149,0P00013NSM,VBLT
3150,0P00014CZC,VBTX
3151,0P0000SCTV,VC
3152,0P0000003L,VCEL
3153,0P0000KUPE,VCIT
3154,0P0000KUPH,VCLT
3155,0P0001E0O6,VCNX
3156,0P0000KUPD,VCSH
3157,0P0001CMPZ,VCTR
3158,0P0000ZRII,VCYT
3159,0P0001ADPT,VEAC
3160,0P0001A4GK,VEACU
3161,,
3162,0P000005QC,VECO
3163,,
3164,0P0001AE31,VERI
3165,0P0000024B,VERU
3166,0P0001CK77,VETS
3167,0P0000KUP9,VGIT
3168,0P0000KUPB,VGLT
3169,0P0000KUP4,VGSH
3170,0P00001SJ9,VIA
3171,0P000005RH,VIAB
3172,0P0000031J,VIAV
3173,0P000005RK,VICL
3174,0P000005RM,VICR
3175,0P00016PTD,VIGI
3176,0P0000RV4N,VIIX
3177,0P000005S9,VIRC
3178,0P00015QEC,VIRT
3179,0P0000045Y,VIVE
3180,0P000003KN,VIVO
3181,0P000146IR,VKTX
3182,,
3183,0P000005RX,VLGEA
3184,0P00016YNB,VLRX
3185,0P0000KUPJ,VMBS
3186,0P00002ADQ,VNDA
3187,0P0000SU4X,VNET
3188,0P00013BF0,VNOM
3189,0P0000P0N0,VNQI
3190,0P000005T2,VOD
3191,0P0000P0NU,VONE
3192,0P0000P0NS,VONG
3193,0P0000P0NW,VONV
3194,0P000000L7,VOXX
3195,0P0000Q52F,VRA
3196,0P00014KV8,VRAY
3197,0P0001DHJ7,VRCA
3198,0P00019L6W,VREX
3199,0P00016N0X,VRIG
3200,0P0000019S,VRML
3201,0P0001ABY8,VRNA
3202,0P000123Z6,VRNS
3203,0P000005QT,VRNT
3204,0P0000L2D9,VRSK
3205,,
3206,0P0000J23W,VRTS
3207,0P00019NO2,VRTSP
3208,0P00009DFB,VRTU
3209,0P000005R7,VRTX
3210,0P00012DES,VSAR
3211,0P000005RG,VSAT
3212,0P00019M3H,VSDA
3213,0P000005P7,VSEC
3214,0P00019M3E,VSMV
3215,0P0000V6ZC,VSTM
3216,0P0001BIVV,VTC
3217,,
3218,0P0000P0O2,VTHR
3219,0P0000WM2I,VTIP
3220,0P0001DKG8,VTIQ
3221,0P0001D9O0,VTIQU
3222,0P0001DIM3,VTIQW
3223,0P0000ZWY1,VTL
3224,0P000005ZU,VTNR
3225,0P000005S5,VTSI
3226,0P00016F8D,VTVT
3227,0P0000P0NY,VTWG
3228,0P0000P0O0,VTWO
3229,0P0000P0O1,VTWV
3230,0P0000P18C,VUZI
3231,0P000161JV,VVPR
3232,0P000005SZ,VVUS
3233,0P0000YX16,VWOB
3234,0P000003QA,VXRT
3235,0P0000S9JB,VXUS
3236,0P00016YI4,VYGR
3237,0P00016PTC,VYMI
3238,0P000005WV,WABC
3239,0P000005US,WAFD
3240,,
3241,0P000005UY,WASH
3242,0P00012IIT,WATT
3243,0P00012NEK,WB
3244,0P000005UI,WBA
3245,0P000005VZ,WCFB
3246,0P0000X4V6,WDAY
3247,0P000005X1,WDC
3248,0P000005TS,WDFC
3249,0P000005VY,WEB
3250,0P0000V8FV,WEBK
3251,,
3252,,
3253,0P000005Z9,WETF
3254,0P000005XL,WEYS
3255,0P0000XO4A,WHF
3256,0P000003VF,WHLM
3257,0P0000XHB5,WHLR
3258,0P00018OGA,WHLRD
3259,0P0001304S,WHLRP
3260,,
3261,0P0000SX3A,WIFI
3262,0P000002BH,WILC
3263,,
3264,0P000005YU,WINA
3265,0P000165M1,WING
3266,0P00014HD9,WINS
3267,0P000001XW,WIRE
3268,0P0001E1D7,WISA
3269,0P0000ZT5R,WIX
3270,0P0000KQ9J,WKHS
3271,,
3272,0P000005YH,WLFC
3273,0P000005YG,WLTW
3274,0P0000SCP9,WMGI
3275,,
3276,0P0000VSK0,WMIH
3277,0P000005XB,WNEB
3278,0P0000F4R9,WOOD
3279,0P0000HMMS,WPRT
3280,0P000005ZO,WRLD
3281,0P0001BGGC,WRLS
3282,,
3283,0P0001BDOF,WRLSU
3284,,
3285,0P000005WK,WSBC
3286,0P000005VG,WSBF
3287,0P00016V0L,WSC
3288,0P000005U6,WSCI
3289,0P000005U5,WSFS
3290,0P000004H0,WSTG
3291,0P000005WZ,WSTL
3292,0P000005WO,WTBA
3293,0P000005Z2,WTFC
3294,0P000169TJ,WTFCM
3295,,
3296,0P00016YI5,WVE
3297,0P000005U7,WVFC
3298,0P000005Y6,WVVI
3299,0P00016XX7,WVVIP
3300,0P000005ZK,WWD
3301,0P000005OP,WWR
3302,,
3303,0P0000W74K,XBIO
3304,0P00015MHS,XBIT
3305,0P0000037H,XCRA
3306,0P0000060J,XEL
3307,0P00015HKJ,XELA
3308,0P000003UO,XELB
3309,0P00014DVR,XENE
3310,0P00013NDE,XENT
3311,0P0001DIME,XERS
3312,0P0000TOYF,XGTI
3313,0P0000060T,XLNX
3314,,
3315,0P0000ZWXV,XNCR
3316,0P0000TP6J,XNET
3317,0P00018SRC,XOG
3318,0P0000060U,XOMA
3319,0P0000XZZF,XONE
3320,0P000005EA,XPER
3321,0P000001LY,XRAY
3322,0P0000P7I3,XSPA
3323,0P000153C5,XT
3324,0P0000060F,XTLB
3325,0P00015GU1,YECO
3326,0P0000NIVS,YGYI
3327,0P0001EEY7,YI
3328,0P0001EEY7,YI
3329,0P00015Q8L,YLCO
3330,0P00019VJ3,YLDE
3331,0P0001EI3Z,YMAB
3332,0P0000TDA0,YNDX
3333,0P0001B9HE,YOGA
3334,0P0000061B,YORW
3335,0P00000610,YRCW
3336,0P0000PUKF,YRIV
3337,,
3338,0P00013X4B,YTRA
3339,0P00000397,YVR
3340,0P0000XFDX,YY
3341,0P00016JI8,Z
3342,0P0000COHU,ZAGG
3343,,
3344,0P00015QZS,ZBIO
3345,0P0000061P,ZBRA
3346,,
3347,,
3348,0P0001BG8M,ZEAL
3349,0P00000422,ZEUS
3350,,
3351,0P0000TP6K,ZG
3352,0P0000RRV0,ZGNX
3353,,
3354,,
3355,,
3356,0P00006CIW,ZIOP
3357,0P0000RV4M,ZIV
3358,0P00000620,ZIXI
3359,,
3360,,
3361,0P0001BKK5,ZLAB
3362,0P00016JI8,Z
3363,0P0000USE9,ZNGA
3364,,
3365,0P0001CT73,ZS
3366,,
3367,0P00000629,ZUMZ
3368,,
3369,,
3370,,
3371,,
3372,0P00016FWK,ZYNE
3373,,
3374,,
3375,,
3376,,
3377,,
3378,,
3379,,
3380,,
3381,,
3382,,
3383,,
3384,,
3385,,
3386,,
3387,,
3388,,
3389,,
3390,,
3391,,
3392,,
3393,,
3394,,
3395,,
3396,,
3397,,
3398,,
3399,,
3400,,
3401,,
3402,,
3403,,
3404,,
3405,,
3406,,
3407,,
3408,,
3409,,
3410,,
3411,,
3412,,
3413,,
3414,,
3415,,
3416,,
3417,,
3418,,
3419,,
3420,,
3421,,
3422,,
3423,,
3424,,
3425,,
3426,,
3427,,
3428,,
3429,,
3430,,
3431,,
3432,,
3433,,
3434,,
3435,,
3436,,
3437,,
3438,,
3439,,
3440,,
3441,,
3442,,
3443,,
3444,,
3445,,
3446,,
3447,,
3448,,
3449,,
3450,,
3451,,
3452,,
3453,,
3454,,
3455,,
3456,,
3457,,
3458,,
3459,,
3460,,
3461,,
3462,,
3463,,
3464,,
3465,,
3466,,
3467,,
3468,,
3469,,
3470,,
3471,,
3472,,
3473,,
3474,,
3475,,
3476,,
3477,,
3478,,
3479,,
3480,,
3481,,
3482,,
3483,,
3484,,
3485,,
3486,,
3487,,
3488,,
3489,,
3490,,
3491,,
3492,,
3493,,
3494,,
3495,,
3496,,
3497,,
3498,,
3499,,
3500,,
3501,,
3502,,
3503,,
3504,,
3505,,
3506,,
3507,,
3508,,
3509,,
3510,,
3511,,
3512,,
3513,,
3514,,
3515,,
3516,,
3517,,
3518,,
3519,,
3520,,
3521,,
3522,,
3523,,
3524,,
3525,,
3526,,
3527,,
3528,,
3529,,
3530,,
3531,,
3532,,
3533,,
3534,,
3535,,
3536,,
3537,,
3538,,
3539,,
3540,,
3541,,
3542,,
3543,,
3544,,
3545,,
3546,,
3547,,
3548,,
3549,,
3550,,
3551,,
3552,,
3553,,
3554,,
3555,,
3556,,
3557,,
3558,,
3559,,
3560,,
3561,,
3562,,
3563,,
3564,,
3565,,
3566,,
3567,,
3568,,
3569,,
3570,,
3571,,
3572,,
3573,,
3574,,
3575,,
3576,,
3577,,
3578,,
3579,,
3580,,
3581,,
3582,,
3583,,
3584,,
3585,,
3586,,
3587,,
3588,,
3589,,
3590,,
3591,,
3592,,
3593,,
3594,,
3595,,
3596,,
3597,,
3598,,
3599,,
3600,,
3601,,
3602,,
3603,,
3604,,
3605,,
3606,,
3607,,
3608,,
3609,,
3610,,
3611,,
3612,,
3613,,
3614,,
3615,,
3616,,
3617,,
3618,,
3619,,
3620,,
3621,,
3622,,
3623,,
3624,,
3625,,
3626,,
3627,,
3628,,
3629,,
3630,,
3631,,
3632,,
3633,,
3634,,
3635,,
3636,,
3637,,
3638,,
3639,,
3640,,
3641,,
3642,,
3643,,
3644,,
3645,,
3646,,
3647,,
3648,,
3649,,
3650,,
3651,,
3652,,
3653,,
3654,,
3655,,
3656,,
3657,,
3658,,
3659,,
3660,,
3661,,
3662,,
3663,,
3664,,
3665,,
3666,,
3667,,
3668,,
3669,,
3670,,
3671,,
3672,,
3673,,
3674,,
3675,,
3676,,
3677,,
3678,,
3679,,
3680,,
3681,,
3682,,
3683,,
3684,,
3685,,
3686,,
3687,,
3688,,
3689,,
3690,,
3691,,
3692,,
3693,,
3694,,
3695,,
3696,,
3697,,
3698,,
3699,,
3700,,
3701,,
3702,,
3703,,
3704,,
3705,,
3706,,
3707,,
3708,,
3709,,
3710,,
3711,,
3712,,
3713,,
3714,,
3715,,
3716,,
3717,,
3718,,
3719,,
3720,,
3721,,
3722,,
3723,,
3724,,
3725,,
3726,,
3727,,
3728,,
3729,,
3730,,
3731,,
3732,,
3733,,
3734,,
3735,,
3736,,
3737,,
3738,,
3739,,
3740,,
3741,,
3742,,
3743,,
3744,,
3745,,
3746,,
3747,,
3748,,
3749,,
3750,,
3751,,
3752,,
3753,,
3754,,
3755,,
3756,,
3757,,
3758,,
3759,,
3760,,
3761,,
3762,,
3763,,
3764,,
3765,,
3766,,
3767,,
3768,,
3769,,
3770,,
3771,,
3772,,
3773,,
3774,,
3775,,
3776,,
3777,,
3778,,
3779,,
3780,,
3781,,
3782,,
3783,,
3784,,
3785,,
3786,,
3787,,
3788,,
3789,,
3790,,
3791,,
3792,,
3793,,
3794,,
3795,,
3796,,
3797,,
3798,,
3799,,
3800,,
3801,,
3802,,
3803,,
3804,,
3805,,
3806,,
3807,,
3808,,
3809,,
3810,,
3811,,
3812,,
3813,,
