code,name,pe,2018_profit,2017_profit,,2016_profit,,2015_profit,,2014_profit
310,嘉进投资国际,0,0,957000,,-43.3,,17.13,,-15.82
1341,焯企业,-12.692,-15.93,920000,,-11.98,,0,,0
676,创信国际,0,0,773000,,579000,,1.33,,1.57
329,三龙国际,0,0,646000,,-438,,37.73,,374
915,道和环球,-25.833,0,421000,,505000,,2.69,,0
395,中国智能集团,-2.732,0,299000,,-158,,-177,,-150
2302,中核国际,-7.738,0,257000,,-28.19,,-221,,-156
1658,邮储银行,0,0,224864,,189602,,0,,0
3628,仁恒实业控股,290,0,-943000,7160112.60%,-13.17,-365.52%,4.96,-77.81%,22.35
2010,瑞年国际,0.596,0,-235,15259.48%,-1.53,-100.25%,613,-24.32%,810
1157,中联重科,207.143,0,-8380,5486.67%,-150,-112.61%,1190,-23.08%,1547
317,中船防务,95.647,0,-690,3720.60%,-18.06,-109.76%,185,-124.57%,-753
1908,建发国际集团,160.217,0,776,2723.87%,27.48,-22.53%,35.47,-39.55%,58.68
3836,和谐汽车,7.07,0,1405,2014.37%,66.45,-92.78%,920,-0.43%,924
2362,金川国际,81.333,0,61.19,1743.07%,3.32,-100.90%,-370,-14.35%,-432
450,鸿兴印刷集团,36.429,0,1207,1717.77%,66.4,-7.34%,71.66,74.61%,41.04
39,中国北大荒,54,0,160,1441.43%,10.38,-185.29%,-12.17,-86.13%,-87.76
332,元亨燃气,365,212,-91.33,1399.67%,-6.09,-120.70%,29.42,#DIV/0!,0
996,嘉年华国际,35.556,0,746,1380.45%,50.39,-47.36%,95.73,-31.13%,139
806,惠理集团,82.973,0,2207,1279.38%,160,-57.89%,380,-58.24%,910
1866,中国心连心化肥,8.193,0,485,1109.78%,40.09,-91.61%,478,67.72%,285
564,郑煤机,107.742,0,423,1031.62%,37.38,23.08%,30.37,-86.97%,233
830,远东环球,17.317,0,198,972.01%,18.47,-30.88%,26.72,-181.71%,-32.7
2488,元征科技,117.123,0,65.7,968.29%,6.15,-105.64%,-109,62.32%,-67.15
1226,中国投融资,1.222,-1126,439,958.60%,41.47,1375.80%,2.81,#DIV/0!,0
6,电能实业,15.857,0,2557,914.68%,252,-79.64%,1238,-97.73%,54571
298,庄士中国,10.612,390,1632,860.00%,170,-36.09%,266,#DIV/0!,0
531,顺诚,102.857,0,106,835.57%,11.33,60.48%,7.06,-68.21%,22.21
322,康师傅控股,50.452,0,3393,812.10%,372,-21.02%,471,-32.13%,694
256,冠城钟表珠宝,23.714,0,1433,795.63%,160,-66.17%,473,66.55%,284
456,新城市建设发展,485,0,26.1,790.78%,2.93,-66.67%,8.79,-81.30%,47.01
2233,西部水泥,615,0,974,718.49%,119,-146.30%,-257,-290.37%,135
6123,先达国际物流,32.083,0,124,673.07%,16.04,-75.46%,65.36,-28.76%,91.75
2277,华融投资股份,3.092,0,394,656.38%,52.09,-36.42%,81.93,#DIV/0!,0
708,恒大健康,777.5,0,640,626.53%,88.09,-24.71%,117,#DIV/0!,0
3993,洛阳钼业,62.456,0,5377,615.98%,751,3.30%,727,-66.00%,2138
2211,大健康国际,4.947,0,-561,602.39%,-79.87,-182.18%,97.19,-85.62%,676
635,彩星集团,0.55,0,375,571.44%,55.85,-92.23%,719,-41.64%,1232
1868,同方友友,111.429,0,126,570.21%,18.8,98.31%,9.48,-104.84%,-196
1513,丽珠医药,20.76,0,5658,545.89%,876,26.41%,693,18.46%,585
1538,中奥到家,59.091,0,149,514.18%,24.26,-31.41%,35.37,#DIV/0!,0
3813,宝胜国际,16.809,0,770,453.96%,139,43.79%,96.67,188.05%,33.56
613,渝港国际,12.353,0,143,449.37%,26.03,-83.93%,162,-45.27%,296
672,众安房产,1.916,0,1302,422.89%,249,-75.32%,1009,57.90%,639
2039,中集集团,10.514,0,4172,420.85%,801,-72.79%,2944,-10.73%,3298
6128,泛亚国际,66.885,0,-51.49,399.90%,-10.3,-130.43%,33.85,-17.60%,41.08
1560,星星地产,7.679,0,122,398.37%,24.48,#DIV/0!,0,#DIV/0!,0
1199,中远海运港口,7.241,0,453,378.66%,94.64,-69.07%,306,34.80%,227
3688,莱蒙国际,4.698,0,6879,377.71%,1440,-49.70%,2863,6.91%,2678
2888,渣打集团,-61.279,0,14425,,14060,,15289,,18334
555,御泰中彩控股,1.467,0,-439,356.15%,-96.24,-116.23%,593,2953.55%,19.42
251,爪哇控股,4.921,0,283,332.52%,65.43,-94.13%,1115,30.11%,857
1388,安莉芳控股,5.496,0,675,327.22%,158,-47.16%,299,11.15%,269
2611,国泰君安,0,0,13647,,0,,0,,0
51,海港企业,15.369,0,4119,325.08%,969,-40.26%,1622,44.31%,1124
377,华君控股,3361.111,-925,135,320.30%,32.12,-92.41%,423,#DIV/0!,0
1171,兖州煤业股份,229.75,0,11278,318.48%,2695,333.28%,622,-61.13%,1600
1063,新确科技,4.5,0,-217,315.55%,-52.22,-202.55%,50.92,-256.15%,-32.61
722,联合医务,176,0,57.09,300.63%,14.25,#DIV/0!,0,#DIV/0!,0
919,现代美容,17.333,-23.77,45.4,296.16%,11.46,-86.17%,82.87,#DIV/0!,0
506,中国食品,147.857,0,2512,287.65%,648,6.75%,607,141.83%,251
1223,新沣集团,116,0,117,287.55%,30.19,-84.52%,195,-10203.63%,-1.93
1252,中国天瑞水泥,44.038,0,1354,284.66%,352,12.46%,313,-58.43%,753
3808,中国重汽,143.596,0,4272,283.83%,1113,44.17%,772,-33.10%,1154
1918,融创中国,20.862,0,21876,273.95%,5850,11.05%,5268,36.34%,3864
242,信德集团,13.02,0,1918,262.57%,529,-62.30%,1403,-66.37%,4172
3369,秦港股份,23.704,0,1262,261.60%,349,-78.98%,1660,-22.93%,2154
1070,ＴＣＬ多媒体,205.789,0,1050,254.73%,296,3.86%,285,-54.11%,621
154,北京控股环境集团,13.75,0,358,250.98%,102,-5.56%,108,901.86%,10.78
762,中国联通,322.759,0,2593,230.74%,784,-94.41%,14035,-11.90%,15931
847,哈萨克矿业-S,27.293,0,715,227.98%,218,142.22%,90,221.43%,28
410,ＳＯＨＯ中国,27.823,0,8815,226.12%,2703,37.49%,1966,-68.85%,6311
1051,国际资源,4.824,0,32.54,217.77%,10.24,-89.86%,101,17.31%,86.1
18,东方报业集团,40.435,189,207,217.24%,65.25,-15.88%,77.57,#DIV/0!,0
3939,万国国际矿业,54.545,0,103,211.84%,33.03,21.03%,27.29,-30.35%,39.18
2002,阳光纸业,9.766,0,565,205.41%,185,161.30%,70.8,-518.44%,-16.92
6118,奥星生命科技,236,0,-67.51,192.25%,-23.1,-808.59%,3.26,-96.14%,84.41
3633,中裕燃气,218.378,0,849,187.80%,295,-4.22%,308,-44.70%,557
78,REGAL INT'L,34.884,0,1311,186.87%,457,-14.58%,535,-24.33%,707
488,丽新发展,296.444,0,1794,185.67%,628,-66.31%,1864,26.20%,1477
1321,中国新城市,2.185,0,752,182.71%,266,-75.26%,1075,63.87%,656
802,中国钱包,1.343,0,-421,182.55%,-149,-177.20%,193,-245.11%,-133
1898,中煤能源,-10.612,0,9455,,6136,,43.22,,2497
558,力劲科技,1170,393,259,180.18%,92.44,-50.30%,186,#DIV/0!,0
115,钧濠集团,0.247,0,311,180.18%,111,-90.96%,1228,-2207.43%,-58.27
1250,北控清洁能源集团,58.667,0,1862,179.58%,666,909.70%,65.96,80.61%,36.52
2268,优源控股,10.377,0,1081,179.33%,387,35.31%,286,-11.18%,322
3948,伊泰煤炭,248.485,0,7147,178.64%,2565,772.45%,294,-91.35%,3400
1237,中科生物,3.118,0,-31.78,176.11%,-11.51,-116.42%,70.11,-41.58%,120
746,理文化工,22.328,0,931,173.82%,340,-4.49%,356,-13.38%,411
308,香港中旅,12.988,0,1406,167.30%,526,-65.71%,1534,-8.53%,1677
787,利标品牌,27.813,-1050,197,165.43%,74.22,-59.22%,182,#DIV/0!,0
2699,新明中国,3.843,0,544,164.08%,206,-73.14%,767,#DIV/0!,0
191,丽新国际,31.524,0,2037,163.52%,773,-64.62%,2185,31.71%,1659
991,大唐发电,-9.913,0,7840,,13167,,13315,,13049
367,庄士机构国际,4.812,1646,2067,155.50%,809,15.57%,700,#DIV/0!,0
1022,飞鱼科技,10.577,0,-390,154.90%,-153,-253.41%,99.73,-33.07%,149
3339,中国龙工,102.121,0,1424,154.74%,559,163.68%,212,-64.67%,600
2338,潍柴动力,22.94,0,10385,152.19%,4118,59.74%,2578,-60.88%,6590
2323,中国港桥,7.933,0,557,150.90%,222,1298.87%,15.87,-109.74%,-163
6099,招商证券,0,0,7107,,5824,,0,,0
189,东岳集团,21.368,0,2142,148.49%,862,-208.16%,-797,-215.34%,691
1478,丘钛科技,21.61,0,543,146.82%,220,76.00%,125,-52.29%,262
653,卓悦控股,2.52,0,-188,141.43%,-77.87,-253.53%,50.72,-81.56%,275
1281,隆基泰和智慧能源,64.8,0,177,140.07%,73.73,275.03%,19.66,-122.64%,-86.83
1128,永利澳门,51.075,0,5370,137.09%,2265,-25.30%,3032,-56.47%,6966
3323,中国建材,33.378,0,9563,135.54%,4060,-1.10%,4105,-64.47%,11553
1030,新城发展控股,24.176,0,11155,135.44%,4738,23.48%,3837,25.19%,3065
19,太古股份公司Ａ,13.258,0,35864,133.13%,15384,-6.54%,16461,20.18%,13697
581,中国东方集团,-18.59,0,6405,,1128,,-467,,529
87,太古股份公司Ｂ,10.998,0,35864,133.13%,15384,-6.54%,16461,20.18%,13697
799,IGG,43.777,0,179,131.60%,77.29,71.98%,44.94,-37.25%,71.62
337,绿地香港,28.866,0,2916,130.15%,1267,410.89%,248,192.83%,84.69
2382,舜宇光学科技,103.58,0,3318,129.46%,1446,67.75%,862,35.96%,634
818,高阳科技,9.608,0,300,127.27%,132,1933.90%,6.49,-87.28%,51.01
393,旭日企业,9.643,0,102,126.77%,44.98,-10.65%,50.34,-63.78%,139
14,希慎兴业,36.985,0,4097,126.35%,1810,-49.34%,3573,-36.60%,5636
1313,华润水泥控股,38.325,0,4884,126.32%,2158,119.31%,984,-82.90%,5754
3301,融信中国,5.607,0,4484,124.09%,2001,-2.53%,2053,#DIV/0!,0
2777,富力地产,5.893,0,30053,123.34%,13456,8.35%,12419,10.61%,11228
1062,国开国际投资,7.29,0,178,119.02%,81.27,-31.13%,118,141.06%,48.95
2899,紫金矿业,29.239,0,5027,117.43%,2312,18.93%,1944,-43.82%,3460
355,世纪城市国际,700,0,1212,114.13%,566,94.50%,291,-56.95%,676
252,华信地产财务,24.561,67.73,115,113.71%,53.81,-71.07%,186,#DIV/0!,0
6122,九台农商银行,0,0,5840,,5954,,4268,,0
1812,晨鸣纸业,5.871,0,4418,111.19%,2092,88.81%,1108,567.47%,166
859,镇科集团,440,37.05,70.3,110.35%,33.42,-93.50%,514,#DIV/0!,0
2238,广汽集团,9.219,0,4492,109.81%,2141,453.23%,387,-176.79%,-504
1161,奥思集团,26.316,0,85.72,109.38%,40.94,-40.26%,68.53,5.06%,65.23
311,联泰控股,9.896,0,31.14,108.85%,14.91,-11.62%,16.87,-9.35%,18.61
323,马鞍山钢铁股份,-4.859,0,5649,,1248,,-5093,,58.08
285,比亚迪电子,20.582,0,2992,108.79%,1433,38.32%,1036,2.37%,1012
978,招商局置地,7.081,0,5301,108.54%,2542,174.22%,927,-42.92%,1624
259,亿都（国际控股）,8.55,142,508,108.20%,244,-2.40%,250,#DIV/0!,0
2327,美瑞健康国际,106.25,0,104,108.12%,49.97,1511.94%,3.1,#DIV/0!,0
347,鞍钢股份,-9.908,0,5526,,1591,,-3873,,1565
884,旭辉控股集团,9.765,0,10041,107.59%,4837,27.12%,3805,14.44%,3325
418,方正控股,68.333,0,91.23,106.59%,44.16,72.97%,25.53,136.61%,10.79
175,吉利汽车,62.476,0,12774,105.90%,6204,115.79%,2875,47.97%,1943
1889,武夷药业,15,0,-1035,105.77%,-503,-973.57%,57.58,-239.76%,-41.2
3366,华侨城（亚洲）,7.055,0,2185,105.74%,1062,-24.20%,1401,63.10%,859
848,茂业国际,22.188,0,2750,102.21%,1360,77.31%,767,-66.97%,2322
598,中国外运,9.948,0,3180,102.03%,1574,-4.26%,1644,33.66%,1230
1972,太古地产,11.504,0,34930,101.67%,17320,6.87%,16207,47.44%,10992
583,长城环亚控股,7.143,0,266,100.00%,133,-54.76%,294,59.78%,184
1678,中创环球,0.915,0,-152,98.46%,-76.59,-120.64%,371,-17.00%,447
1539,汇能集团,23.099,145,88.53,98.45%,44.61,23.71%,36.06,#DIV/0!,0
2007,碧桂园,24.921,0,43598,97.06%,22124,36.75%,16178,-2.57%,16605
3778,中国织材控股,45.385,0,56.86,97.02%,28.86,81.97%,15.86,-130.00%,-52.86
2320,合丰集团,14.792,0,172,95.54%,87.96,107.36%,42.42,-89.23%,394
3998,波司登,27.619,923,660,95.27%,338,69.85%,199,#DIV/0!,0
866,中国秦发,-0.139,0,5065,,320,,-7689,,-642
1488,百福控股,108.333,0,46.48,95.21%,23.81,53.41%,15.52,-53.85%,33.63
119,保利置业集团,-4.057,0,4889,,2233,,-1236,,3311
1728,正通汽车,14.311,0,2426,94.39%,1248,-7.62%,1351,-17.07%,1629
517,中远海运国际,13.105,0,219,93.81%,113,-42.05%,195,-20.73%,246
1638,佳兆业集团,3.737,0,6387,93.37%,3303,44.61%,2284,3.02%,2217
3383,雅居乐集团,17.808,0,16598,92.98%,8601,12.64%,7636,-27.21%,10491
719,山东新华制药股份,17.248,0,282,91.84%,147,59.66%,92.07,1.63%,90.59
3308,金鹰商贸集团,13.464,0,1833,90.34%,963,-36.14%,1508,13.98%,1323
163,英皇国际,-3.462,3835,4648,,-1851,,1626,,0
1232,金轮天地控股,80,0,859,90.04%,452,493.57%,76.15,-81.74%,417
921,海信科龙,14.597,0,2010,88.73%,1065,239.17%,314,-51.84%,652
2314,理文造纸,10.783,0,6323,88.52%,3354,21.96%,2750,24.49%,2209
1001,沪港联合,6.545,-90.68,401,88.26%,213,-38.79%,348,#DIV/0!,0
1266,西王特钢,16.634,0,1432,87.68%,763,169.61%,283,-61.76%,740
194,廖创兴企业,10.231,0,970,86.90%,519,10.19%,471,-86.27%,3431
3958,东方证券,0,0,4389,,2813,,0,,0
6869,长飞光纤光缆,31.515,0,1447,84.80%,783,15.66%,677,22.20%,554
588,北京北辰实业股份,9.481,0,3425,84.64%,1855,7.23%,1730,-9.14%,1904
3989,首创环境,71.667,0,348,84.13%,189,501.15%,31.44,-154.73%,-57.45
190,香港建设（控股）,9.275,0,1674,83.35%,913,-383.54%,-322,-221.05%,266
522,ASM PACIFIC,27.181,0,3274,82.60%,1793,31.55%,1363,-32.79%,2028
2608,阳光１００中国,8.654,0,1227,82.05%,674,-30.23%,966,-26.37%,1312
1829,中国机械工程,6.38,0,2848,81.75%,1567,-0.63%,1577,-23.85%,2071
993,华融金控,6.951,0,1264,81.35%,697,1328.86%,48.78,#DIV/0!,0
2600,中国铝业,188.824,0,3006,81.08%,1660,760.10%,193,-101.21%,-15966
1212,利福国际,16.008,0,3411,80.95%,1885,-29.53%,2675,-5.54%,2832
236,香港生力啤,51.739,0,20.69,79.76%,11.51,-199.57%,-11.56,-127.76%,41.64
665,海通国际,11.069,0,3572,79.32%,1992,-33.29%,2986,145.56%,1216
771,自动系统,24.906,0,69.75,78.94%,38.98,41.33%,27.58,-6.79%,29.59
230,五矿地产,8.105,0,3558,78.17%,1997,70.25%,1173,32.09%,888
512,远大医药,57.5,0,559,78.03%,314,30.29%,241,18.72%,203
455,天大药业,83.333,29.94,32.75,77.80%,18.42,-175.93%,-24.26,#DIV/0!,0
1302,先健科技,2390,0,192,77.78%,108,14.35%,94.45,89.73%,49.78
6178,光大证券,0,0,3994,,3932,,0,,0
1088,中国神华,11.96,0,73293,77.67%,41253,19.50%,34520,-43.36%,60945
1087,威讯控股,5.714,0,-87.85,77.37%,-49.53,-227.10%,38.97,-39.02%,63.91
3333,中国恒大,23.267,0,85245,76.77%,48225,49.23%,32316,13.18%,28553
1205,中信资源,18.696,0,608,76.74%,344,-105.29%,-6503,-1793.49%,384
833,华讯,17.593,0,173,75.74%,98.44,55.15%,63.45,-5.65%,67.25
680,南海控股,9.4,0,4216,75.59%,2401,589.94%,348,-148.00%,-725
1293,广汇宝信,25.534,0,1880,75.21%,1073,16.00%,925,-43.94%,1650
811,新华文轩,7.624,0,942,74.77%,539,-13.48%,623,1.47%,614
3669,永达汽车,17.352,0,2008,74.31%,1152,48.26%,777,10.21%,705
3883,中国奥园,14.377,0,3626,73.91%,2085,10.67%,1884,30.02%,1449
925,北京建设,10.789,0,299,73.84%,172,-46.75%,323,8.39%,298
86,新鸿基公司,2.589,0,2609,73.70%,1502,-64.51%,4232,96.20%,2157
914,安徽海螺水泥股份,25.766,0,21839,73.49%,12588,13.54%,11087,-30.81%,16025
6839,云南水务,7.919,0,1201,73.05%,694,65.63%,419,#DIV/0!,0
1268,美东汽车,29.741,0,416,71.90%,242,22.84%,197,-2.48%,202
2222,雷士照明,32.857,0,436,71.65%,254,25.12%,203,-164.44%,-315
3399,粤运交通,9.069,0,695,71.18%,406,-2.87%,418,38.87%,301
3313,雅高控股,6.103,0,16.47,70.67%,9.65,-90.45%,101,-29.86%,144
412,中国新金融,61.25,726,191,70.54%,112,-186.15%,-130,#DIV/0!,0
3900,绿城中国,32.449,0,6391,70.52%,3748,27.70%,2935,-50.49%,5928
3838,中国淀粉,5.85,0,496,69.28%,293,144.17%,120,76.55%,67.97
268,金蝶国际,82.613,0,421,69.08%,249,8.73%,229,-23.67%,300
877,昂纳科技集团,25.435,0,273,68.52%,162,100.25%,80.9,68.86%,47.91
532,WKK INTL (HOLD),18.413,0,160,68.51%,94.95,7.05%,88.7,-16.32%,106
874,白云山,29.833,0,2461,67.76%,1467,4.04%,1410,3.45%,1363
1098,路劲基建,8.206,0,5441,67.67%,3245,63.64%,1983,#DIV/0!,0
27,银河娱乐,42.091,0,10628,67.42%,6348,50.82%,4209,-60.16%,10564
889,连达科技控股,144.444,0,43.13,67.37%,25.77,342.02%,5.83,-83.66%,35.67
889,连达科技控股,144.444,0,43.13,67.37%,25.77,342.02%,5.83,-83.66%,35.67
889,连达科技控股,144.444,0,43.13,67.37%,25.77,342.02%,5.83,-83.66%,35.67
889,连达科技控股,144.444,0,43.13,67.37%,25.77,342.02%,5.83,-83.66%,35.67
1233,时代地产,7.577,0,5288,67.29%,3161,20.60%,2621,17.27%,2235
1771,新丰泰集团,20,0,301,67.22%,180,10.43%,163,-56.18%,372
207,大悦城地产,15.238,0,4105,67.07%,2457,48.82%,1651,-48.18%,3186
960,龙湖地产,11.15,0,26554,66.42%,15956,14.48%,13938,2.28%,13627
369,永泰地产,7.512,0,2032,66.15%,1223,1.58%,1204,-43.95%,2148
1184,S.A.S. DRAGON,19.612,0,424,64.98%,257,103.97%,126,-42.47%,219
1572,中国艺术金融,9.535,0,221,64.93%,134,#DIV/0!,0,#DIV/0!,0
3355,先进半导体,33.333,0,53.37,64.67%,32.41,-4.98%,34.11,-29.87%,48.64
6882,东瀛游,3.11,0,37.82,64.08%,23.05,-86.90%,176,95.17%,90.18
1558,东阳光药,43.122,0,752,63.48%,460,35.29%,340,#DIV/0!,0
1622,力高地产,36.131,0,1541,63.07%,945,16.09%,814,17.29%,694
838,亿和控股,7.946,0,188,62.07%,116,-55.04%,258,-25.00%,344
1606,国银租赁,0,0,2808,,2068,,0,,0
25,CHEVALIER INT'L,11.366,1341,734,62.03%,453,-71.42%,1585,#DIV/0!,0
180,开达集团,9.237,0,165,61.76%,102,-11.30%,115,2586.92%,4.28
135,昆仑能源,388.824,0,11480,61.35%,7115,44.41%,4927,-58.79%,11956
186,GRANDE HOLDINGS,-6.774,176,2632,,0,,-235,,-2
1009,国际娱乐,57.037,-63.98,93.13,61.26%,57.75,-32.73%,85.85,#DIV/0!,0
2118,天山发展控股,15.25,0,546,61.06%,339,-14.18%,395,-30.94%,572
700,腾讯控股,101.866,0,90302,60.92%,56117,38.13%,40627,33.02%,30542
1117,现代牧业,17.105,0,-666,60.10%,-416,-162.09%,670,-35.33%,1036
35,远东发展,12.027,2156,1567,60.06%,979,-26.28%,1328,#DIV/0!,0
6166,中国宏泰发展,9.439,0,1498,59.19%,941,38.18%,681,-26.93%,932
1523,珩湾科技,24.468,0,10.63,59.13%,6.68,#DIV/0!,0,#DIV/0!,0
384,中国燃气,76.201,8600,5902,58.74%,3718,-22.70%,4810,#DIV/0!,0
1132,橙天嘉禾,-7.424,0,2551,,-90.99,,-252,,-7.96
1486,思城控股,22.026,0,41.78,58.74%,26.32,-24.63%,34.92,-6.63%,37.4
152,深圳国际,12.776,0,5587,58.50%,3525,-4.81%,3703,-23.05%,4812
885,仁天科技控股,64,0,606,56.99%,386,689.53%,48.89,-94.59%,904
855,中国水务,27.077,2691,2271,56.73%,1449,27.44%,1137,#DIV/0!,0
814,北京京客隆,25.694,0,161,56.31%,103,11.82%,92.11,-23.24%,120
1966,中骏置业,5.03,0,5461,56.30%,3494,37.07%,2549,0.39%,2539
863,品牌中国,49.779,0,-53.46,55.68%,-34.34,-166.46%,51.67,-7.50%,55.86
1086,好孩子国际,22.905,0,252,55.56%,162,-38.64%,264,151.43%,105
754,合生创展集团,8.993,0,8746,55.40%,5628,98.24%,2839,-43.16%,4995
3908,中金公司,9.992,0,3531,55.28%,2274,-9.65%,2517,#DIV/0!,0
611,中国核能科技,13.913,0,148,54.88%,95.56,332.59%,22.09,-134.52%,-64
356,鼎立资本,93,0,8.04,54.32%,5.21,229.75%,1.58,-142.25%,-3.74
987,中国再生能源投资,8.077,0,32.68,53.79%,21.25,2.76%,20.68,1269.54%,1.51
2768,佳源国际控股,58.387,0,2259,53.67%,1470,203.72%,484,#DIV/0!,0
1778,彩生活,39.333,0,457,53.36%,298,18.25%,252,18.87%,212
2299,百宏实业,63.804,0,696,52.63%,456,26.32%,361,9.39%,330
530,高银金融,24.609,0,2351,52.27%,1544,-25.34%,2068,79.98%,1149
129,泛海集团,3.238,1704,1726,52.20%,1134,13.17%,1002,#DIV/0!,0
1958,北京汽车,12.261,0,17518,52.07%,11520,157.20%,4479,214.98%,1422
2283,东江集团控股,24.9,0,345,51.98%,227,8.10%,210,9.95%,191
2689,玖龙纸业,30.605,0,6561,51.49%,4331,33.67%,3240,-10.57%,3623
1142,西伯利亚矿业,-0.119,-505,2027,,-466,,-655,,0
881,中升控股,21.333,0,5885,51.21%,3892,93.63%,2010,-14.97%,2364
1862,景瑞控股,-7.147,0,2009,,918,,-86.74,,556
1308,海丰国际,19.296,0,198,51.15%,131,-11.49%,148,18.40%,125
2300,澳科控股,7.22,0,533,48.88%,358,-32.96%,534,-17.21%,645
2236,惠生工程,19.5,0,229,48.70%,154,-50.48%,311,16.48%,267
275,凯华集团,-0.292,-329,1965,,-145,,-85.89,,0
2866,中远海发,-3.953,0,1960,,517,,-2488,,2010
1290,中国汇融,23.864,0,93.58,48.59%,62.98,-58.29%,151,-34.63%,231
81,中国海外宏洋集团,7.105,0,3167,48.48%,2133,22.31%,1744,-35.09%,2687
214,汇汉控股,0,1717,1929,,1266,,954,,0
1446,鸿福堂,50,0,9.15,47.82%,6.19,-51.30%,12.71,-142.91%,-29.62
841,木薯资源,20,32.43,20.16,47.69%,13.65,-92.82%,190,#DIV/0!,0
826,天工国际,41.282,0,335,47.58%,227,6.57%,213,-68.77%,682
832,建业地产,9.056,0,1910,47.49%,1295,-33.01%,1933,-15.66%,2292
1628,禹洲地产,7.918,0,6190,47.49%,4197,33.53%,3143,16.75%,2692
1717,澳优,50.421,0,439,47.32%,298,7762.80%,3.79,-97.23%,137
606,中国粮油控股,-48.254,0,1862,,1785,,-53.81,,-338
436,新宇环保,36,0,131,47.12%,89.04,25.62%,70.88,-14.81%,83.2
580,赛晶电力电子,12.069,0,250,46.20%,171,116.05%,79.15,-345.50%,-32.24
291,华润啤酒,-24.785,0,1816,,1739,,-2453,,1841
1105,星岛,12.603,0,64.88,46.19%,44.38,-21.13%,56.27,-59.52%,139
1011,泰凌医药,22.162,0,270,45.16%,186,36.76%,136,41.56%,96.07
1816,中广核电力,11.341,0,13841,44.52%,9577,4.22%,9189,#DIV/0!,0
240,利基控股,4.711,0,257,44.38%,178,83.37%,97.07,78.04%,54.52
2000,晨讯科技,12.6,0,139,44.04%,96.5,7.64%,89.65,78.66%,50.18
6198,青岛港,11.566,0,3961,43.83%,2754,66.10%,1658,17.09%,1416
286,同佳健康,62.857,0,47.28,43.80%,32.88,-32.97%,49.05,22.63%,40
956,新天绿色能源,44.63,0,1764,43.65%,1228,72.96%,710,-35.04%,1093
179,德昌电机控股,14.506,335,296,43.00%,207,-14.81%,243,#DIV/0!,0
486,RUSAL,3.488,0,1523,42.60%,1068,-24.20%,1409,49.58%,942
656,复星国际,11.043,0,22971,41.09%,16281,0.61%,16183,27.38%,12705
345,VITASOY INT'L,55.599,822,848,40.63%,603,13.99%,529,#DIV/0!,0
639,首钢资源,-23.038,0,1648,,144,,-836,,-84.21
2607,上海医药,16.523,0,5321,40.58%,3785,4.24%,3631,18.54%,3063
1113,长实地产,13.453,0,38127,40.31%,27174,12.23%,24213,#DIV/0!,0
633,中国全通,3.968,0,360,40.08%,257,-51.42%,529,44.14%,367
3639,亿达中国,0,0,1599,,1031,,1442,,1492
123,越秀地产,10.216,0,5074,40.05%,3623,-1.92%,3694,-18.09%,4510
3839,正大企业国际,10.324,0,19.07,40.01%,13.62,-9.44%,15.04,#DIV/0!,0
158,万邦投资,0,0,1546,,312,,590,,36.43
1681,康臣药业,21.382,0,560,39.65%,401,25.31%,320,21.21%,264
380,冠力国际,13.8,0,76.03,39.50%,54.5,37.52%,39.63,50.06%,26.41
358,江西铜业股份,39.202,0,2904,39.35%,2084,71.38%,1216,-68.92%,3912
610,惠记集团,4.538,0,1064,39.27%,764,62.90%,469,-17.57%,569
3380,龙光地产,15.655,0,11561,39.21%,8305,97.27%,4210,10.47%,3811
2393,巨星医疗控股,24.951,0,530,38.02%,384,37.14%,280,90.48%,147
1799,新特能源,0,0,1492,,1170,,967,,0
693,陈唱国际,17.647,0,952,37.97%,690,-10.97%,775,-39.22%,1275
1126,德林国际,22.646,0,488,37.85%,354,76.12%,201,20.36%,167
1999,敏华控股,16.988,1923,2052,37.72%,1490,18.35%,1259,#DIV/0!,0
2298,都市丽人,11.331,0,420,37.70%,305,-55.73%,689,19.83%,575
6868,天福,34.155,0,333,37.60%,242,-7.98%,263,-27.35%,362
255,龙记集团,19.095,0,385,37.50%,280,64.71%,170,-1.16%,172
2202,万科企业,12.787,0,64173,36.98%,46848,17.40%,39903,35.31%,29490
570,中国中药,30.896,0,1786,36.96%,1304,75.27%,744,36.51%,545
1381,粤丰环保,30.882,0,749,36.93%,547,43.57%,381,28.28%,297
83,信和置业,10.931,0,10614,36.90%,7753,-27.00%,10621,2.88%,10324
47,合兴集团,23.857,0,242,36.72%,177,88.10%,94.1,94.90%,48.28
258,汤臣集团,8.216,0,2401,36.42%,1760,45.82%,1207,446.15%,221
272,瑞安房地产,14.746,0,7190,36.38%,5272,427.20%,1000,-60.94%,2560
3326,保发集团,3.653,0,53.79,36.28%,39.47,-40.20%,66,#DIV/0!,0
999,I.T,30.412,758,572,35.87%,421,-14.78%,494,#DIV/0!,0
2221,创业集团控股,28.145,0,95.34,35.72%,70.25,0.37%,69.99,#DIV/0!,0
6886,HTSC,6.141,0,11045,35.70%,8139,-41.20%,13843,#DIV/0!,0
618,北大资源,-7,0,1338,,106,,-6.64,,-130
1257,中国光大绿色环保,0,0,1314,,0,,0,,0
8,电讯盈科,16.791,0,5734,35.65%,4227,-4.80%,4440,-18.89%,5474
12,恒基地产,7.07,0,23796,35.64%,17543,10.47%,15880,27.10%,12494
878,金朝阳集团,-67.459,0,1303,,3103,,23.08,,1801
1798,大唐新能源,44,0,2868,35.60%,2115,1.49%,2084,-1.88%,2124
1459,巨匠建设,3.435,0,168,35.48%,124,-7.46%,134,#DIV/0!,0
1208,五矿资源,-23.49,0,1277,,265,,-1126,,244
85,中国电子,6.304,0,184,35.29%,136,-71.49%,477,37.07%,348
1207,上置集团,-0.47,0,1263,,74.2,,-2257,,924
1317,枫叶教育,48.253,0,441,35.28%,326,50.23%,217,347.98%,48.44
856,伟仕控股,13.98,0,1082,35.25%,800,18.17%,677,-19.79%,844
1138,中远海能,26.96,0,2055,35.11%,1521,156.93%,592,83.85%,322
934,中石化冠德,8.16,0,748,35.02%,554,-24.11%,730,296.74%,184
257,中国光大国际,14.911,0,6306,34.89%,4675,30.73%,3576,33.43%,2680
1447,新福港,13.064,0,175,34.62%,130,37.25%,94.72,#DIV/0!,0
1522,中国城市轨道科技,34.118,0,40.09,34.53%,29.8,-7.25%,32.13,-68.19%,101
1181,唐宫中国,10.29,0,195,34.48%,145,124.53%,64.58,-3.74%,67.09
1668,华南城,3.371,6783,6592,34.42%,4904,-16.30%,5859,#DIV/0!,0
1980,天鸽互动,41.724,0,389,34.14%,290,53.44%,189,-10.43%,211
131,卓能（集团）,0,0,1197,,1157,,257,,395
1589,中国物流资产,0,0,1192,,1083,,0,,0
1828,大昌行集团,13.369,0,1427,33.99%,1065,-2.56%,1093,#DIV/0!,0
731,森信纸业集团,14.324,320,202,33.77%,151,-38.37%,245,#DIV/0!,0
1461,鲁证期货,8.626,0,207,33.55%,155,34.78%,115,#DIV/0!,0
413,南华集团控股,11.476,0,431,33.44%,323,-3.87%,336,140.00%,140
1733,易大宗,-0.301,0,1162,,1166,,-1751,,-1164
2098,卓尔集团,32.609,0,3284,33.17%,2466,12.81%,2186,#DIV/0!,0
725,恒都集团,18.904,0,26.46,33.17%,19.87,22.81%,16.18,-39.96%,26.95
2138,香港医思医疗集团,27.136,330,245,33.15%,184,#DIV/0!,0,#DIV/0!,0
1363,中滔环保,8.547,0,936,33.14%,703,-4.87%,739,41.57%,522
1296,国电科环,-0.422,0,1104,,998,,-3427,,1216
505,欢悦互娱,35,0,214,32.92%,161,121.58%,72.66,152.82%,28.74
173,嘉华国际,9.272,0,6735,32.79%,5072,80.18%,2815,3.99%,2707
2005,石四药集团,59.493,0,851,32.76%,641,18.27%,542,-22.13%,696
1050,嘉利国际,19.322,264,199,32.67%,150,59.61%,93.98,#DIV/0!,0
1272,大唐环境,0,0,1078,,1265,,0,,0
1249,通力电子,10.8,0,256,32.64%,193,-0.52%,194,0.52%,193
1982,南旋控股,7.548,396,395,32.55%,298,#DIV/0!,0,#DIV/0!,0
270,粤海投资,21.536,0,7621,32.49%,5752,9.65%,5246,-14.01%,6101
825,新世界百货中国,65.185,0,278,32.38%,210,-9.09%,231,-65.88%,677
50,香港小轮（集团）,13.163,0,385,32.30%,291,26.52%,230,-81.19%,1223
800,Ａ８新媒体,25,0,42.11,32.17%,31.86,-0.65%,32.07,-25.45%,43.02
59,天誉置业,-46.491,0,1039,,95.76,,-208,,-168
3600,现代牙科,19.394,0,202,32.03%,153,13.33%,135,#DIV/0!,0
1083,港华燃气,21.46,0,1918,31.82%,1455,14.75%,1268,-17.18%,1531
2669,中海物业,39.855,0,438,31.53%,333,104.29%,163,#DIV/0!,0
1373,国际家居零售,18.804,0,96.64,31.50%,73.49,-23.11%,95.58,-41.72%,164
1458,周黑鸭,0,0,999,,963,,0,,0
1093,石药集团,63.352,0,3482,31.45%,2649,22.30%,2166,29.39%,1674
1928,金沙中国有限公司,34.396,0,1773,31.14%,1352,-10.99%,1519,-42.11%,2624
2303,恒兴黄金,100,0,337,31.13%,257,379.57%,53.59,-257.57%,-34.01
743,亚洲水泥（中国）,-22.807,0,985,,330,,-247,,1091
1882,海天国际,17.02,0,2373,31.03%,1811,17.14%,1546,4.04%,1486
467,联合能源集团,23.878,0,1875,30.75%,1434,-140.73%,-3521,-249.38%,2357
2666,环球医疗,11.604,0,1576,30.68%,1206,34.00%,900,#DIV/0!,0
10,恒隆集团,7.864,0,11291,30.67%,8641,24.22%,6956,-51.98%,14486
3737,中智药业,9.784,0,89.88,29.96%,69.16,-31.52%,101,#DIV/0!,0
1530,三生制药,58.603,0,1102,29.65%,850,44.56%,588,#DIV/0!,0
1300,俊知集团,5.043,0,351,29.52%,271,-24.51%,359,-18.78%,442
2018,瑞声科技,33.113,0,5996,29.42%,4633,34.88%,3435,33.09%,2581
320,金宝通,9.915,159,163,29.37%,126,22.33%,103,#DIV/0!,0
563,上实城市开发,12.407,0,3328,28.69%,2586,156.29%,1009,-41.71%,1731
1333,中国忠旺,8.186,0,4733,28.65%,3679,4.43%,3523,18.62%,2970
1043,光宇国际集团科技,167.5,0,292,28.63%,227,166.90%,85.05,47.58%,57.63
603,中油燃气,-17.222,0,916,,976,,174,,857
1124,沿海家园,-9.138,365,901,,-389,,-412,,0
219,顺豪物业,0,0,896,,462,,250,,961
219,顺豪物业,0,0,896,,462,,250,,961
219,顺豪物业,0,0,896,,462,,250,,961
219,顺豪物业,0,0,896,,462,,250,,961
253,顺豪控股,0,0,892,,458,,247,,958
1238,宝龙地产,6.374,0,6523,28.61%,5072,25.11%,4054,85.11%,2190
1282,中国金洋,22.619,0,1053,28.57%,819,290.00%,210,-137.23%,-564
756,天溢森美,13.091,0,109,28.43%,84.87,-20.68%,107,-34.36%,163
683,嘉里建设,8.037,0,10938,28.24%,8529,62.67%,5243,-36.30%,8231
1076,博华太平洋,-80,0,871,,1097,,-55.17,,-1552
451,协鑫新能源,-315,0,864,,267,,23.33,,-137
451,协鑫新能源,-315,0,864,,267,,23.33,,-137
451,协鑫新能源,-315,0,864,,267,,23.33,,-137
451,协鑫新能源,-315,0,864,,267,,23.33,,-137
1910,新秀丽,21.088,0,424,28.10%,331,7.12%,309,3.34%,299
1788,国泰君安国际,13.154,0,1953,28.07%,1525,7.55%,1418,38.48%,1024
111,信达国际控股,11.111,0,81.95,27.99%,64.03,38.20%,46.33,160.13%,17.81
218,申万宏源,20.097,0,116,27.60%,90.91,-55.22%,203,100.99%,101
101,恒隆地产,11.306,0,10478,27.25%,8234,26.50%,6509,-53.73%,14067
898,万事昌国际,0,0,837,,881,,1295,,699
2008,凤凰卫视,14.348,0,610,27.08%,480,64.38%,292,-74.87%,1162
388,香港交易所,49.222,0,8756,27.08%,6890,-26.71%,9401,50.56%,6244
976,齐合天地,-3.592,0,815,,-410,,-1144,,-1068
553,南京熊猫电子股份,14.947,0,176,26.62%,139,1804.11%,7.3,-85.72%,51.13
161,中航国际控股,5.423,0,2313,26.60%,1827,57.36%,1161,-38.11%,1876
2278,海蓝控股,0,0,789,,283,,0,,0
3918,金界控股,12.435,0,263,26.44%,208,10.05%,189,33.10%,142
6826,昊海生物科技,23.48,0,462,26.23%,366,14.02%,321,#DIV/0!,0
61,北亚资源,-0.898,0,753,,310,,-4451,,-1100
88,TAI CHEUNG HOLD,23.798,242,65.5,26.20%,51.9,-89.82%,510,#DIV/0!,0
420,福田实业,14.096,0,212,26.19%,168,10.53%,152,22.58%,124
3377,远洋集团,12.773,0,11730,25.94%,9314,53.32%,6075,-17.78%,7389
1135,亚洲卫星控股,4.545,0,642,25.64%,511,-16.09%,609,-16.12%,726
1277,力量能源,0,0,746,,248,,63.28,,171
1618,中国中冶,7.647,0,8779,25.52%,6994,17.76%,5939,12.27%,5290
2198,中国三江化工,-13.011,0,744,,693,,-165,,147
438,彩虹新能源,2.384,0,133,25.47%,106,-79.85%,526,-131.11%,-1691
2286,辰兴发展,2.198,0,296,25.42%,236,-46.36%,440,#DIV/0!,0
2286,辰兴发展,2.198,0,296,25.42%,236,-46.36%,440,#DIV/0!,0
2286,辰兴发展,2.198,0,296,25.42%,236,-46.36%,440,#DIV/0!,0
2286,辰兴发展,2.198,0,296,25.42%,236,-46.36%,440,#DIV/0!,0
1107,当代置业,3.462,0,1358,25.39%,1083,-19.18%,1340,14.82%,1167
363,上海实业控股,6.933,0,9393,25.26%,7499,31.42%,5706,-15.58%,6759
717,英皇证券,5.337,0,794,25.24%,634,21.92%,520,93.31%,269
3318,中国香精香料,20.077,0,314,25.10%,251,102.42%,124,42.61%,86.95
2009,金隅股份,10.884,0,3974,24.97%,3180,27.10%,2502,-15.22%,2951
593,天洋国际控股,4.047,0,223,24.58%,179,-79.54%,875,-664.52%,-155
2020,安踏体育,38.028,0,3989,24.54%,3203,18.76%,2697,33.58%,2019
1169,海尔电器,21.05,0,4350,24.50%,3494,4.49%,3344,5.62%,3166
1452,迪诺斯环保,4.121,0,-71.33,24.38%,-57.35,659.60%,-7.55,#DIV/0!,0
3996,中国能源建设,4.41,0,11955,23.92%,9647,12.36%,8586,#DIV/0!,0
992,联想集团,-45.556,387,672,,-61.82,,1109,,0
2788,精熙国际,33.158,0,7.62,23.90%,6.15,22.27%,5.03,-9.53%,5.56
2688,新奥能源,39.176,0,5190,23.72%,4195,4.17%,4027,-15.17%,4747
1170,信星集团,11.724,228,163,23.48%,132,29.41%,102,#DIV/0!,0
220,统一企业中国,39.307,0,1187,23.26%,963,-6.60%,1031,177.15%,372
1448,福寿园,46.298,0,685,22.98%,557,21.09%,460,34.90%,341
819,天能动力,16.733,0,1408,22.97%,1145,53.49%,746,-283.29%,-407
1049,时富投资,10.95,0,-67.34,22.95%,-54.77,-310.17%,26.06,-59.85%,64.9
6136,康达环保,6.223,0,537,22.88%,437,-1.35%,443,15.97%,382
106,朗诗绿色地产,5.106,0,1175,22.78%,957,31.10%,730,61.86%,451
694,北京首都机场股份,19.051,0,3553,22.77%,2894,3.39%,2799,16.97%,2393
296,英皇娱乐酒店,8.426,469,410,22.75%,334,-55.99%,759,#DIV/0!,0
98,兴发铝业,8.103,0,567,22.73%,462,-1.70%,470,9.56%,429
1813,合景泰富,5.99,0,5555,22.71%,4527,-2.90%,4662,0.34%,4646
1635,大众公用,0,0,627,,681,,0,,0
868,信义玻璃,10.217,0,4093,22.62%,3338,57.97%,2113,41.43%,1494
6830,华众车载,26.923,0,214,22.29%,175,27.74%,137,-13.84%,159
1104,亚太资源,-605,0,617,,-15.71,,-850,,913
357,航基股份,6.829,0,649,22.22%,531,-7.01%,571,31.87%,433
2293,百本医护,22.388,0,39.52,22.20%,32.34,17.77%,27.46,#DIV/0!,0
66,港铁公司,24.025,0,14300,22.12%,11710,-13.34%,13513,-7.96%,14682
2128,中国联塑,6.874,0,2955,21.86%,2425,17.43%,2065,11.80%,1847
2368,鹰美,15.16,274,185,21.71%,152,16.92%,130,#DIV/0!,0
2023,中国绿岛科技,153.333,0,29.46,21.64%,24.22,303.00%,6.01,-75.87%,24.91
1061,亿胜生物科技,33.777,0,197,21.60%,162,23.66%,131,36.81%,95.75
168,青岛啤酒股份,28.6,0,1992,21.46%,1640,-11.59%,1855,-18.78%,2284
709,佐丹奴国际,16.304,0,689,21.30%,568,2.16%,556,2.58%,542
2799,中国华融,3.405,0,76083,21.24%,62755,29.29%,48538,#DIV/0!,0
306,冠忠巴士集团,6.765,317,420,21.04%,347,-21.32%,441,#DIV/0!,0
4,九龙仓集团,3.626,0,20622,20.84%,17065,14.89%,14853,3.99%,14283
354,中国软件国际,36.905,0,633,20.57%,525,25.00%,420,41.41%,297
867,康哲药业,31.909,0,1808,20.53%,1500,40.98%,1064,-5.84%,1130
1190,航标控股,1.023,0,-370,20.52%,-307,-332.58%,132,-43.83%,235
995,安徽皖通高速公路,6.906,0,1602,20.45%,1330,2.54%,1297,-1.44%,1316
2588,中银航空租赁,0,0,551,,474,,0,,0
331,丰盛机电,6.444,0,202,20.24%,168,#DIV/0!,0,#DIV/0!,0
1970,IMAX CHINA,29.389,0,55.11,20.20%,45.85,8.21%,42.37,#DIV/0!,0
1109,华润置地,10.282,0,46094,20.08%,38387,18.04%,32520,21.41%,26786
1319,霭华押业信贷,7.5,158,158,19.70%,132,22.22%,108,#DIV/0!,0
813,世茂房地产,9.858,0,17679,19.29%,14820,-5.09%,15614,-0.36%,15671
968,信义光能,8.299,0,2914,19.04%,2448,73.62%,1410,144.37%,577
2030,卡宾,8.491,0,301,18.97%,253,-35.95%,395,22.67%,322
2880,大连港,19.474,0,711,18.90%,598,29.72%,461,0.22%,460
1548,金斯瑞生物科技,177.193,0,38.52,18.49%,32.51,41.47%,22.98,#DIV/0!,0
267,中信股份,6.658,0,450536,18.31%,380822,-8.63%,416813,#DIV/0!,0
3378,厦门港务,9.917,0,1238,17.79%,1051,26.17%,833,-18.89%,1027
2280,慧聪网,53.976,0,505,17.72%,429,1437.63%,27.9,-85.62%,194
2313,申洲国际,49.004,0,4288,17.71%,3643,26.19%,2887,13.53%,2543
3360,远东宏信,9.178,0,4787,17.56%,4072,13.74%,3580,11.49%,3211
1986,彩客化学,20.251,0,181,17.53%,154,4.05%,148,#DIV/0!,0
425,敏实集团,22.691,0,2488,17.41%,2119,35.05%,1569,15.71%,1356
390,中国中铁,9.068,0,21994,17.16%,18772,10.31%,17017,4.83%,16233
2345,上海集优,7.391,0,352,16.94%,301,6.74%,282,#DIV/0!,0
1359,中国信达,4.567,0,24513,16.91%,20968,8.65%,19298,18.34%,16307
1099,国药控股,20.284,0,11906,16.57%,10214,11.40%,9169,16.62%,7862
1075,首都信息,10.119,0,141,16.53%,121,18.63%,102,#DIV/0!,0
1314,翠华控股,19.02,107,128,16.36%,110,-42.11%,190,#DIV/0!,0
1708,三宝科技,14.362,0,242,16.35%,208,17.51%,177,23.78%,143
1066,威高股份,20.943,0,1528,16.29%,1314,-1.65%,1336,4.70%,1276
1666,同仁堂科技,23.294,0,1168,15.99%,1007,14.30%,881,23.74%,712
2869,绿城服务,0,0,485,,417,,0,,0
548,深圳高速公路股份,12.17,0,1908,15.99%,1645,0.61%,1635,12.06%,1459
1292,长安民生物流,2.578,0,219,15.87%,189,-43.92%,337,10.86%,304
26,中华汽车,12.709,0,71.75,15.74%,61.99,13.58%,54.58,-44.83%,98.93
572,未来世界金融,-9.917,0,475,,132,,-46.77,,4.35
3337,安东油田服务,-10.286,0,474,,143,,92.47,,37.97
292,泛海酒店,0,260,473,,293,,148,,0
156,力宝华润,-5.676,-22.11,469,,-411,,447,,0
226,力宝,-10.053,275,468,,-233,,878,,0
89,大生地产,0,0,468,,427,,331,,713
1036,万科置业海外,13.353,0,162,15.71%,140,-23.08%,182,10.30%,165
3306,江南布衣,0,0,460,,0,,0,,0
3966,中国宝丰国际,0,0,459,,146,,19.16,,30.13
148,建滔化工,17.247,0,8365,15.59%,7237,186.84%,2523,-28.20%,3514
2331,李宁,1062.5,0,446,15.54%,386,30.41%,296,-155.95%,-529
1610,中粮肉食,0,0,448,,949,,0,,0
529,SIS INT'L,0,0,448,,278,,282,,186
1176,珠光控股,12.679,0,1208,15.49%,1046,214.11%,333,-74.73%,1318
6837,海通证券,4.443,0,12889,15.47%,11162,-47.15%,21119,102.68%,10420
2389,北控医疗健康,-38,0,445,,-86.16,,-44.48,,-147
3768,滇池水务,0,0,443,,0,,0,,0
1559,均安控股,31.786,34.67,36.7,15.45%,31.79,22.46%,25.96,#DIV/0!,0
1247,米格国际控股,4.091,0,-150,15.38%,-130,-273.26%,75.03,-61.91%,197
1186,中国铁建,6.593,0,20910,15.33%,18131,9.16%,16609,15.49%,14381
16,新鸿基地产,10.341,0,43336,15.18%,37625,11.43%,33765,-9.02%,37113
71,美丽华酒店,6.712,0,1686,15.16%,1464,-5.12%,1543,4.89%,1471
225,博富临置业,0,0,436,,273,,183,,192
958,华能新能源,11.974,0,5651,15.14%,4908,19.24%,4116,23.01%,3346
3329,交银国际,0,0,435,,0,,0,,0
520,呷哺呷哺,57.568,0,543,14.80%,473,46.44%,323,73.66%,186
216,建业实业,5.409,3505,1024,14.80%,892,-64.76%,2531,#DIV/0!,0
669,创科实业,24.726,0,505,14.77%,440,13.70%,387,19.08%,325
416,锦州银行,3.589,0,18806,14.57%,16414,42.52%,11517,#DIV/0!,0
2886,滨海投资,9.864,0,299,14.56%,261,-12.42%,298,-30.70%,430
2388,中银香港,14.227,0,48769,14.49%,42595,6.01%,40181,#DIV/0!,0
2186,绿叶制药,31.734,0,1116,14.46%,975,8.57%,898,23.69%,726
636,嘉里物流,9.85,0,3064,14.46%,2677,3.84%,2578,10.74%,2328
1500,现恒建筑,3.482,27.66,128,14.29%,112,24.71%,89.81,#DIV/0!,0
1297,中国擎天软件,18.117,0,252,14.03%,221,16.32%,190,21.02%,157
6808,高鑫零售,33.289,0,4487,14.00%,3936,10.10%,3575,-15.16%,4214
1006,长寿花食品,8.246,0,367,13.98%,322,11.42%,289,-10.80%,324
1114,华晨中国汽车,13.446,0,3900,13.87%,3425,3.01%,3325,-37.77%,5343
279,民众金融科技,-1.683,324,408,,-405,,462,,0
2355,宝业集团,4.259,0,872,13.84%,766,-20.13%,959,14.03%,841
2196,复星医药,30.7,0,4062,13.72%,3572,5.93%,3372,24.06%,2718
6188,迪信通,0,0,401,,442,,430,,430
116,周生生,8.802,0,1137,13.70%,1000,-26.90%,1368,0.44%,1362
1636,中国金属利用,-17.138,0,400,,-184,,-427,,355
1738,飞尚无烟煤,-3.011,0,399,,-111,,-503,,-109
1848,中国飞机租赁,12.311,0,972,13.68%,855,77.75%,481,36.26%,353
1265,天津津燃公用,41.25,0,56.98,13.64%,50.14,7.76%,46.53,-46.69%,87.29
696,中国民航信息网络,30.154,0,2473,13.60%,2177,24.54%,1748,39.28%,1255
546,阜丰集团,12.302,0,1715,13.58%,1510,46.18%,1033,-6.77%,1108
11,恒生银行,23.906,0,50076,13.47%,44133,0.25%,44021,#DIV/0!,0
571,丰德丽控股,19.231,0,987,13.19%,872,-37.18%,1388,9.72%,1265
3311,中国建筑国际,7.694,0,6790,12.94%,6012,26.41%,4756,17.49%,4048
20,会德丰,6.755,0,23857,12.88%,21135,5.40%,20053,27.49%,15729
922,安贤园中国,58,39.04,12.71,12.88%,11.26,-74.45%,44.07,#DIV/0!,0
142,第一太平,23.117,0,884,12.76%,784,22.12%,642,-12.89%,737
3,香港中华煤气,28.111,0,11097,12.71%,9846,-0.61%,9906,0.31%,9875
1347,华虹半导体,28.261,0,172,12.42%,153,22.40%,125,3.31%,121
3969,中国通号,13.705,0,4286,12.32%,3816,21.37%,3144,#DIV/0!,0
1566,华夏动漫,21.473,21.47,128,12.28%,114,19.82%,95.14,#DIV/0!,0
1838,CHINAPROPERTIES,0,0,382,,1047,,2065,,2546
1329,首创钜大,0,0,379,,450,,377,,-48.8
373,联合集团,2.97,0,5882,12.14%,5245,-14.17%,6111,68.58%,3625
1177,中国生物制药,45.194,0,4196,12.10%,3743,8.68%,3444,22.96%,2801
3393,威胜集团,8.241,0,391,12.03%,349,-25.74%,470,-13.28%,542
6878,鼎丰集团控股,19.355,0,216,11.92%,193,35.92%,142,43.75%,98.78
1579,颐海国际,0,0,369,,255,,0,,0
6030,中信证券,7.523,0,15570,11.91%,13913,-47.78%,26642,80.10%,14793
900,Aeon信贷财务,10.988,639,626,11.79%,560,-13.71%,649,#DIV/0!,0
1085,亨鑫科技,6.76,0,143,11.72%,128,-5.19%,135,16.38%,116
171,银建国际,-49.655,0,366,,-109,,-120,,47.54
857,中国石油股份,24.31,0,67722,11.69%,60635,-23.49%,79252,-53.34%,169833
160,汉国置业,6.635,3494,1004,11.68%,899,-64.61%,2540,#DIV/0!,0
45,大酒店,24.7,0,919,11.53%,824,-18.74%,1014,-8.24%,1105
1263,柏能集团,-163.409,0,359,,158,,-16.18,,64.96
1858,春立医疗,27.699,0,78.98,11.52%,70.82,62.80%,43.5,2.96%,42.25
3330,灵宝黄金,-2.779,0,358,,152,,-110,,298
1608,伟能集团,0,0,357,,253,,0,,0
1285,嘉士利集团,6.424,0,128,11.30%,115,-15.44%,136,51.26%,89.91
1929,周大福,27.721,5832,4378,11.23%,3936,-40.89%,6659,#DIV/0!,0
1044,恒安国际,21.304,0,5272,11.15%,4743,-22.89%,6151,6.97%,5750
112,勒泰商业地产,-38.772,0,351,,-218,,-39.26,,-18.46
641,恒天立信,0,0,351,,151,,211,,151
1818,招金矿业,45.188,0,888,11.14%,799,43.96%,555,-18.74%,683
718,太和控股,-9.524,0,350,,-159,,-74.75,,0
718,太和控股,-9.524,0,350,,-159,,-74.75,,0
718,太和控股,-9.524,0,350,,-159,,-74.75,,0
718,太和控股,-9.524,0,350,,-159,,-74.75,,0
3899,中集安瑞科,24.063,0,740,11.11%,666,-7.24%,718,-41.29%,1223
3903,瀚华金控,6.203,0,420,11.11%,378,-22.22%,486,-26.92%,665
1260,皓天财经集团,5.931,169,324,10.96%,292,21.67%,240,#DIV/0!,0
212,NANYANG HOLD,0,0,337,,152,,160,,284
3618,重庆农村商业银行,4.717,0,23970,10.65%,21662,-1.04%,21889,10.54%,19802
29,达力集团,17.488,0,147,10.53%,133,9.02%,122,2.52%,119
1469,结好金融,0,340,331,,414,,0,,0
6822,科劲国际,5.339,0,179,10.49%,162,-16.49%,194,65.81%,117
916,龙源电力,14.515,0,8337,10.45%,7548,5.94%,7125,8.63%,6559
121,卜蜂莲花,-3.704,0,327,,-432,,73.93,,52.72
2329,国瑞置业,6.55,0,3567,10.43%,3230,19.63%,2700,31.13%,2059
3608,永盛新材料,15.952,0,121,10.00%,110,35.55%,81.15,10.89%,73.18
2686,亚美能源,-67.391,0,322,,197,,230,,0
2348,东瑞制药,10.245,0,366,9.91%,333,-11.67%,377,45.56%,259
440,大新金融,8.414,0,5499,9.85%,5006,2.86%,4867,#DIV/0!,0
411,南顺（香港）,0,0,319,,269,,172,,181
1258,中国有色矿业,-3.071,0,319,,69.1,,-352,,169
1345,中国先锋医药,15.094,0,309,9.57%,282,36.23%,207,-32.13%,305
99,王氏国际,0,0,316,,367,,227,,248
289,WING ON CO,8.013,0,648,9.46%,592,6.28%,557,-19.39%,691
3799,达利食品,23.299,0,4352,9.43%,3977,8.04%,3681,#DIV/0!,0
842,理士国际,9.149,0,307,9.25%,281,108.15%,135,20.54%,112
1573,中国优质能源,0,0,313,,302,,0,,0
2,中电控股,17.77,0,18698,9.05%,17146,-22.13%,22020,47.83%,14895
837,谭木匠,8.743,0,157,9.03%,144,-5.26%,152,-8.43%,166
6169,宇华教育,0,0,309,,0,,0,,0
434,博雅互动,3.756,0,230,9.00%,211,-44.18%,378,15.60%,327
1776,广发证券,4.875,0,11644,8.77%,10705,-39.88%,17806,#DIV/0!,0
359,海升果汁,-290,0,306,,141,,7.03,,24.63
2356,大新银行集团,10.382,0,5132,8.73%,4720,2.90%,4587,10.13%,4165
688,中国海外发展,6.482,0,62874,8.58%,57905,26.13%,45908,8.24%,42414
1103,大生农业金融,1.396,0,488,8.44%,450,17.80%,382,44.15%,265
23,东亚银行,25.27,0,15953,8.42%,14714,-7.27%,15867,#DIV/0!,0
334,华显光电,15,0,132,8.20%,122,722.66%,14.83,#DIV/0!,0
540,迅捷环球控股,14.146,0,50.54,7.72%,46.92,17.39%,39.97,-2.51%,41
831,利亚零售,16.54,0,183,7.65%,170,22.30%,139,-7.95%,151
3698,徽商银行,5.113,0,22508,7.60%,20918,23.21%,16977,#DIV/0!,0
2014,浩泽净水,101.053,0,286,7.52%,266,407.15%,52.45,-67.42%,161
371,北控水务集团,14.397,0,5656,7.51%,5261,23.38%,4264,22.78%,3473
932,御药堂,15.25,-133,16.42,7.46%,15.28,-62.01%,40.22,#DIV/0!,0
1599,城建设计,9.705,0,609,7.41%,567,22.73%,462,11.59%,414
1221,信和酒店（集团）,21.037,0,190,7.34%,177,-19.55%,220,-13.73%,255
177,江苏宁沪高速公路,15.993,0,4724,7.29%,4403,25.37%,3512,1.30%,3467
1038,长江基建集团,13.541,0,10928,7.14%,10200,-12.45%,11650,-63.98%,32346
46,科联系统,13.942,0,60.85,7.13%,56.8,13.42%,50.08,-9.47%,55.32
2789,远大中国,-2.757,0,291,,174,,-168,,296
1700,华地国际控股,11.711,0,531,7.06%,496,-28.74%,696,-24.35%,920
1206,同方泰德,5.945,0,320,7.02%,299,12.83%,265,548.56%,40.86
524,E-KONG GROUP,50,0,-60.86,6.87%,-56.95,61.06%,-35.36,45.81%,-24.25
2068,中铝国际,15.496,0,1418,6.86%,1327,36.95%,969,-24.53%,1284
1035,ＢＢＩ生命科学,24.602,0,69.31,6.73%,64.94,24.69%,52.08,194.57%,17.68
679,亚洲联网科技,0,0,281,,1050,,34.21,,14.32
690,联康生物科技集团,-9.667,0,278,,-53.82,,-57.23,,-40.62
6823,香港电讯－ＳＳ,16.068,0,6080,6.70%,5698,24.25%,4586,38.97%,3300
2357,中航科工,22.01,0,2913,6.66%,2731,12.71%,2423,21.45%,1995
5,汇丰控股,143.529,0,63776,6.58%,59836,-15.83%,71092,-4.69%,74593
185,正恒国际控股,0,0,275,,-51.97,,-51.33,,0
817,中国金茂,9.79,0,8825,6.44%,8291,3.99%,7973,-24.35%,10540
1288,农业银行,5.452,0,542898,6.42%,510128,-5.68%,540862,3.19%,524126
6068,睿见教育,0,0,270,,0,,0,,0
417,谢瑞麟,18.661,121,116,6.42%,109,#DIV/0!,0,#DIV/0!,0
56,联合地产（香港）,2.826,0,5590,6.35%,5256,-15.66%,6232,80.74%,3448
590,六福集团,17.894,1621,1289,6.35%,1212,-38.66%,1976,#DIV/0!,0
939,建设银行,6.299,0,594031,6.10%,559860,-4.57%,586687,5.38%,556740
1569,民生教育,0,0,263,,251,,0,,0
576,浙江沪杭甬,7.64,0,5183,6.01%,4889,-10.24%,5447,44.56%,3768
126,佳宁娜,11.649,484,161,5.92%,152,-11.63%,172,#DIV/0!,0
1383,太阳世纪集团,-7.706,0,262,,-50.2,,209,,431
1396,毅德国际,2.5,0,987,5.90%,932,-30.76%,1346,#DIV/0!,0
245,中国民生金融,-37.143,0,259,,51.43,,-44.53,,-43.3
1193,华润燃气,28.084,0,6305,5.88%,5955,12.13%,5311,11.58%,4760
552,中国通信服务,12.289,0,3232,5.76%,3056,8.18%,2825,7.37%,2631
428,汇嘉中国,0.086,0,-206,5.64%,-195,-161.71%,316,-964.10%,-36.57
733,合富辉煌,9.407,0,491,5.59%,465,46.23%,318,35.32%,235
1460,扬科集团,17.714,-7.8,41.73,5.35%,39.61,29.87%,30.5,#DIV/0!,0
1398,工商银行,6.037,0,675654,5.29%,641681,-4.05%,668733,5.34%,634858
1065,天津创业环保股份,12.527,0,819,5.27%,778,14.75%,678,9.00%,622
97,恒基发展,4.49,0,125,5.04%,119,-63.94%,330,-1600.00%,-22
698,通达集团,12.778,0,1256,4.93%,1197,37.27%,872,35.83%,642
2001,新高教集团,0,0,250,,113,,0,,0
3968,招商银行,10.546,0,220039,4.81%,209949,3.85%,202166,#DIV/0!,0
1600,天伦燃气,27.408,0,637,4.77%,608,15.59%,526,41.78%,371
1689,华禧控股,16.165,35.45,53.08,4.49%,50.8,-37.42%,81.17,#DIV/0!,0
312,岁宝百货,32.5,0,60.13,4.30%,57.65,23.21%,46.79,88.90%,24.77
638,建溢集团,-13.473,182,245,,-31.57,,-115,,0
1588,畅捷通,-17.938,0,243,,-137,,-88.82,,106
3363,正业国际,0,0,243,,125,,56.72,,59.77
1963,重庆银行,3.544,0,10015,4.29%,9603,11.75%,8593,14.83%,7483
1361,３６１度,10.505,0,988,4.11%,949,3.72%,915,26.38%,724
385,建联集团,0,0,240,,279,,212,,166
1090,大明国际,-9.41,0,239,,678,,-198,,336
601,权智（国际）,-48,0,239,,-31,,-111,,0
608,达利国际,12.368,0,88.6,3.95%,85.23,49.50%,57.01,-53.65%,123
62,载通,14.377,0,1022,3.86%,984,35.35%,727,65.60%,439
468,纷美包装,17.189,0,441,3.76%,425,4.68%,406,11.54%,364
626,大众金融控股,8.865,0,1601,3.62%,1545,-1.02%,1561,6.92%,1460
2633,雅各臣科研制药,0,297,235,,0,,0,,0
335,美建集团,0,166,234,,520,,317,,0
316,东方海外国际,-28.892,0,232,,-138,,353,,329
1052,越秀交通基建,9.69,0,1649,3.45%,1594,42.32%,1120,12.34%,997
3709,珂莱蒂尔,20.956,0,307,3.37%,297,10.82%,268,48.07%,181
224,建生国际,0,192,227,,191,,153,,0
1528,红星美凯龙,6.388,0,5916,3.30%,5727,-3.62%,5942,#DIV/0!,0
1883,中信国际电讯,8.675,0,1061,3.21%,1028,1.78%,1010,-19.07%,1248
1316,耐世特,11.947,0,428,3.13%,415,32.59%,313,32.07%,237
906,中粮包装,10.855,0,410,3.02%,398,3.38%,385,-15.57%,456
503,朗生医药,29.487,0,9.46,2.94%,9.19,-33.50%,13.82,-26.96%,18.92
52,FAIRWOOD HOLD,18.726,255,250,2.88%,243,35.00%,180,#DIV/0!,0
3689,康华医疗,0,0,218,,198,,0,,0
1899,兴达国际,16.667,0,481,2.78%,468,59.73%,293,-49.04%,575
342,新海能源,3.542,0,852,2.77%,829,4.15%,796,-13.67%,922
1596,翼辰实业,0,0,216,,358,,0,,0
579,京能清洁能源,5.271,0,3447,2.77%,3354,-0.56%,3373,44.76%,2330
1568,承达集团,22.677,0,486,2.53%,474,6.52%,445,#DIV/0!,0
117,天利控股集团,-22.911,0,214,,-44.13,,-21.1,,-49.89
1122,庆铃汽车股份,9.784,0,581,2.47%,567,0.35%,565,8.03%,523
1168,百仕达控股,-12.174,0,213,,-143,,-343,,122
536,贸易通,11.845,0,94.17,2.44%,91.93,6.92%,85.98,2.79%,83.65
1777,花样年控股,7.564,0,2567,2.43%,2506,-7.90%,2721,7.55%,2530
40,金山工业,0,197,210,,205,,300,,0
6866,佐力小贷,0,0,209,,201,,197,,125
681,中民控股,-4.24,257,207,,-97.72,,251,,0
2307,锦兴国际控股,11.045,0,86.16,2.43%,84.12,-1.76%,85.63,-19.97%,107
3800,保利协鑫能源,3.568,0,2912,2.39%,2844,-18.16%,3475,24.33%,2795
3300,中国玻璃,-1.779,0,207,,162,,-426,,202
6196,郑州银行,4.172,0,10213,2.33%,9980,26.96%,7861,#DIV/0!,0
430,东方网库,-16.125,0,202,,63.38,,-20.49,,127
2638,港灯－ＳＳ,20.197,0,5280,2.09%,5172,-2.19%,5288,5.19%,5027
1800,中国交通建设,6.239,0,31768,2.07%,31124,20.65%,25798,8.46%,23785
998,中信银行,4.552,0,157231,1.99%,154159,5.92%,145545,16.59%,124839
114,HERALD HOLD,0,-26.11,202,,48.03,,21.66,,0
2188,泰坦能源技术,-25,0,200,,10.95,,-30.33,,-45.17
41,鹰君,9.37,0,3375,1.87%,3313,16.04%,2855,-4.87%,3001
2016,浙商银行,6.154,0,34264,1.82%,33653,33.92%,25130,#DIV/0!,0
1127,汇星印刷,0,0,199,,212,,203,,177
77,进智公共交通,10.541,-23.25,39.83,1.76%,39.14,-330.91%,-16.95,#DIV/0!,0
941,中国移动,10.825,0,120126,1.73%,118088,14.74%,102922,-12.28%,117334
1575,慕容控股,0,0,198,,112,,0,,0
1111,创兴银行,7.562,0,2710,1.35%,2674,16.67%,2292,#DIV/0!,0
3328,交通银行,5.117,0,196388,1.25%,193966,-0.27%,194482,8.93%,178536
3818,中国动向,7.644,0,1027,1.08%,1016,1.09%,1005,1.62%,989
3623,集成金融,15.455,0,32.34,1.00%,32.02,-9.09%,35.22,8.07%,32.59
1146,中国服饰控股,6.583,0,67.92,0.97%,67.27,-47.45%,128,-53.62%,276
1045,亚太卫星,5.463,0,638,0.95%,632,-2.47%,648,-6.09%,690
1200,美联集团,-15.108,0,192,,37.49,,-97.14,,119
1234,中国利郎,20.401,0,669,0.90%,663,-16.50%,794,16.59%,681
605,中国金融投资管理,6.596,0,504,0.80%,500,1.42%,493,8.83%,453
760,新天地产集团,-2.262,0,188,,-54.97,,-191,,-18.9
2006,锦江酒店,16.237,0,2178,0.37%,2170,7.96%,2010,28.19%,1568
798,中电光谷,3.826,0,872,0.35%,869,18.39%,734,23.36%,595
489,东风集团股份,4.744,0,15775,0.23%,15739,11.90%,14065,-4.21%,14683
2868,首创置业,4.486,0,3835,0.16%,3829,6.10%,3609,25.53%,2875
755,上海证大,-2.797,0,186,,-909,,-1053,,-916
1673,华章科技,61.579,0,38.87,0.08%,38.84,1.12%,38.41,6.28%,36.14
728,中国电信,12.162,0,27220,0.07%,27201,2.87%,26442,-7.25%,28508
3636,保利文化,10.33,0,484,0.00%,484,24.42%,389,-20.12%,487
201,华大酒店,0,0,183,,153,,177,,969
1115,西藏水资源,23.178,0,393,0.00%,393,8.26%,363,-21.09%,460
521,海航实业股份,-5.233,0,180,,-20.95,,-237,,-352
1565,成实外教育,83.621,0,322,0.00%,322,157.60%,125,#DIV/0!,0
1110,金活医药集团,19.298,0,95.7,-0.02%,95.72,94.75%,49.15,-0.30%,49.3
3788,中国罕王,-3.896,0,178,,-207,,-407,,33.21
1,长和,2.269,0,46418,-0.10%,46463,-63.85%,128520,477.44%,22257
408,叶氏化工集团,31.294,0,391,-0.26%,392,141.98%,162,-56.33%,371
6138,哈尔滨银行,3.533,0,14134,-0.27%,14172,18.64%,11945,16.50%,10253
511,电视广播,7.881,0,543,-0.37%,545,-43.05%,957,-44.87%,1736
3988,中国银行,5.356,0,483761,-0.39%,485656,2.48%,473912,3.85%,456328
303,VTECH HOLDINGS,15.477,231,200,-0.99%,202,-8.18%,220,#DIV/0!,0
527,瑞风新能源,-8.219,0,176,,127,,55.58,,69.71
1322,创达科技控股,0.664,0,299,-0.99%,302,9.42%,276,-20.69%,348
2208,金风科技,7.667,0,3491,-1.72%,3552,9.39%,3247,53.96%,2109
341,大家乐集团,21.561,570,603,-1.95%,615,-11.51%,695,#DIV/0!,0
6116,拉夏贝尔,6.697,0,737,-1.99%,752,-9.18%,828,12.81%,734
3331,维达国际,24.047,0,984,-2.38%,1008,33.86%,753,-8.39%,822
887,英皇钟表珠宝,-47.778,0,173,,-59.84,,-117,,169
6836,天韵国际控股,9.023,0,164,-2.38%,168,28.24%,131,#DIV/0!,0
1518,新世纪医疗,0,0,173,,175,,0,,0
6818,中国光大银行,4.397,0,92018,-2.49%,94365,1.07%,93364,18.53%,78771
202,润中国际控股,-1.487,-601,172,,-1522,,-352,,0
551,裕元集团,12.684,0,635,-2.61%,652,34.71%,484,27.37%,380
2255,海昌海洋公园,27.246,0,407,-2.63%,418,-9.72%,463,23.47%,375
2398,友佳国际,11.971,0,85.07,-2.94%,87.65,56.66%,55.95,-61.41%,145
929,国际精密,14.086,0,130,-3.70%,135,32.35%,102,-17.74%,124
6189,爱得威建设集团,0,0,167,,142,,0,,0
666,新工投资,0,0,167,,-73.59,,-104,,88.26
305,五菱汽车,6.949,0,385,-3.75%,400,65.29%,242,70.42%,142
1480,恩达集团控股,7.345,0,29.25,-3.81%,30.41,-38.84%,49.72,-2.24%,50.86
702,中国油气控股,-1.111,0,165,,55.29,,-461,,9.96
2200,浩沙国际,1.762,0,316,-4.53%,331,-2.65%,340,-30.47%,489
42,东北电气,128.571,0,-88.12,-4.55%,-92.32,-1327.66%,7.52,-18.79%,9.26
752,笔克远东集团,12.764,0,356,-4.56%,373,10.03%,339,14.14%,297
1125,丽丰控股,212.963,0,1209,-5.10%,1274,-21.50%,1623,-1.64%,1650
2281,兴泸水务,0,0,163,,166,,0,,0
1888,建滔积层板,21.54,0,4643,-5.30%,4903,218.38%,1540,15.88%,1329
1385,上海复旦,26.515,0,246,-5.38%,260,34.72%,193,4.89%,184
589,宝国国际,-24.968,0,161,,128,,-23.42,,170
338,上海石油化工股份,7.828,0,6402,-5.55%,6778,73.39%,3909,-764.80%,-588
3898,中车时代电气,13.515,0,2816,-5.79%,2989,-8.57%,3269,31.50%,2486
184,激成投资,9.064,0,390,-5.80%,414,0.73%,411,15.77%,355
1112,合生元,118.598,0,1369,-6.04%,1457,189.09%,504,-54.92%,1118
2120,康宁医院,31.036,0,73.25,-6.11%,78.02,13.35%,68.83,#DIV/0!,0
3398,华鼎控股,-18.421,0,158,,124,,-13.05,,-139
1811,中广核新能源,9.514,0,166,-6.21%,177,11.32%,159,6.00%,150
3999,大成食品,0,0,157,,193,,-49.13,,-28.18
124,粤海置地,19.02,0,146,-6.41%,156,-11.36%,176,93.62%,90.9
850,投融长富,-2.833,0,155,,-178,,-138,,-139
3606,福耀玻璃,20.264,0,3711,-6.52%,3970,23.79%,3207,#DIV/0!,0
392,北京控股,8.756,0,3774,-6.56%,4039,24.97%,3232,-2.97%,3331
53,国浩集团,13.358,0,707,-6.73%,758,-9.11%,834,-3.47%,864
1430,苏创燃气,0,0,148,,169,,185,,154
1617,南方通信,0,0,148,,115,,0,,0
1091,中信大锰,-18.269,0,147,,-131,,-942,,-35.32
950,李氏大药厂,24.824,0,277,-7.05%,298,4.20%,286,23.81%,231
565,锦艺集团控股,0,0,147,,580,,20.9,,31.4
735,中国电力新能源,32.936,0,1043,-7.12%,1123,73.57%,647,-13.27%,746
602,佳华百货控股,5.481,0,59.86,-7.39%,64.64,-1.30%,65.49,-18.16%,80.02
989,广泽国际发展,-14.318,83.62,146,,-65.08,,-18.62,,0
386,中国石油化工股份,22.344,0,71470,-7.41%,77193,35.36%,57028,-22.40%,73487
604,深圳控股,6.798,0,7665,-7.57%,8293,27.37%,6511,11.20%,5855
2083,大自然家居,-7.385,0,143,,66.44,,-186,,-19.84
2218,安德利果汁,13.774,0,95.87,-7.82%,104,54.49%,67.32,22.56%,54.93
1988,民生银行,3.651,0,141947,-7.86%,154051,0.20%,153751,13.88%,135007
3828,明辉国际,-3.228,0,142,,123,,-199,,75.91
882,天津发展,5.905,0,654,-8.40%,714,-7.87%,775,-8.82%,850
6838,盈利时,0,0,140,,59.02,,99.91,,57.69
775,长江生命科技,17.333,0,330,-8.59%,361,5.87%,341,6.23%,321
3666,小南国,-3.867,0,139,,60.41,,-93.96,,8.12
3396,联想控股,9.137,0,7432,-8.69%,8139,49.67%,5438,#DIV/0!,0
107,四川成渝高速公路,6.132,0,1311,-8.77%,1437,4.51%,1375,5.77%,1300
1382,互太纺织,8.766,827,1057,-8.80%,1159,4.32%,1111,#DIV/0!,0
1766,中国中车,11.547,0,15399,-9.07%,16935,-0.66%,17048,117.14%,7851
816,华电福新,6.911,0,4861,-9.16%,5351,12.30%,4765,-3.58%,4942
586,海螺创业,20.995,0,700,-9.33%,772,6.48%,725,29.46%,560
815,中国白银集团,4.726,0,388,-9.35%,428,6014.29%,7,-97.47%,277
3678,弘业期货,0,0,131,,106,,90.02,,0
136,恒腾网络,-88.333,0,131,,6.98,,-72.28,,0
1240,青建国际,5.011,0,819,-9.60%,906,-17.71%,1101,746.92%,130
726,中民筑友科技,-9.091,0,130,,-75.46,,-2.54,,0
951,超威动力,10.129,0,636,-9.79%,705,29.12%,546,644.27%,73.36
764,永恒策略,1.882,0,-181,-9.95%,-201,-281.08%,111,-52.36%,233
2727,上海电气,15,0,4481,-10.00%,4979,-17.11%,6007,15.47%,5202
64,结好控股,3.786,453,489,-10.11%,544,71.61%,317,#DIV/0!,0
2033,时计宝,7.676,0,290,-10.77%,325,-32.29%,480,13.74%,422
509,世纪阳光,3.097,0,406,-11.16%,457,-8.05%,497,6.20%,468
1627,安保工程控股,0,209,128,,0,,0,,0
596,浪潮国际,0,0,127,,87.74,,22.17,,-61.82
704,和嘉资源,-3.207,0,127,,68.93,,-139,,-1096
935,龙翔集团,12.571,0,87.11,-11.69%,98.64,-11.14%,111,-2.63%,114
2136,利福中国,15.644,0,641,-11.71%,726,#DIV/0!,0,#DIV/0!,0
295,江山控股,-12.769,0,125,,64.89,,-83.42,,28.48
1365,润东汽车,11.653,0,377,-11.71%,427,31.79%,324,-30.77%,468
288,万洲国际,14.036,0,1501,-11.86%,1703,30.80%,1302,-8.31%,1420
366,陆氏集团（越南）,0,0,124,,128,,122,,119
975,MONGOL MINING,-0.745,0,124,,-29.8,,-105,,-247
525,广深铁路股份,22.722,0,1350,-11.99%,1534,5.50%,1454,37.69%,1056
3382,天津港发展,9.135,0,2195,-12.06%,2496,-3.18%,2578,-2.46%,2643
2017,沧海控股,0,0,123,,160,,0,,0
1415,高伟电子,2.759,0,31.11,-12.17%,35.42,-54.94%,78.61,11.20%,70.69
120,COSMOPOL INT'L,-22.692,0,121,,-34.94,,-280,,-52.58
2226,老恒和酿造,6.787,0,216,-12.90%,248,-9.82%,275,11.79%,246
1577,汇鑫小贷,0,0,120,,114,,0,,0
980,联华超市,-4.358,0,119,,-221,,-146,,300
166,新时代能源,0,0,119,,-197,,-1708,,-90.97
659,新创建集团,10.734,0,3433,-13.09%,3950,1.00%,3911,9.98%,3556
494,利丰,6.982,0,330,-13.16%,380,-36.13%,595,-4.65%,624
1253,中国绿地博大绿泽,16.607,0,178,-13.17%,205,1.99%,201,35.81%,148
1219,天喔国际,2.252,0,325,-13.33%,375,-31.07%,544,5.22%,517
239,白花油,0,0,114,,74.73,,74.61,,159
2330,中国上城,-5.222,0,114,,42.48,,-36.1,,51.67
1029,铁货,-0.185,0,113,,-18.81,,-504,,-300
1585,雅迪控股,15.912,0,479,-13.54%,554,#DIV/0!,0,#DIV/0!,0
871,中国疏浚环保,-0.675,0,111,,122,,-237,,162
1578,天津银行,3.983,0,10143,-14.15%,11815,-0.90%,11922,#DIV/0!,0
533,金利来集团,7.824,0,388,-14.16%,452,-1.09%,457,-8.78%,501
6033,电讯数码控股,0,152,109,,104,,97.25,,0
2738,华津国际控股,0,0,108,,118,,0,,0
178,莎莎国际,31.194,549,395,-14.32%,461,-53.53%,992,#DIV/0!,0
459,美联工商m,0,0,108,,21.37,,4.28,,43.18
234,新世纪集团,-21.333,199,106,,-21.81,,115,,0
1211,比亚迪股份,32.811,0,5621,-14.42%,6568,73.07%,3795,334.21%,874
970,耀莱集团,-26.364,113,106,,16.13,,-410,,0
7,凯富能源,-44.545,0,105,,16.98,,-22.91,,-35.75
560,珠江船务,8.13,0,237,-15.05%,279,40.20%,199,-4.78%,209
1443,富临集团控股,8.333,60.41,105,-15.32%,124,-38.31%,201,#DIV/0!,0
513,恒和集团,0,0,103,,-186,,65.16,,51.97
2282,美高梅中国,20.851,0,2624,-15.33%,3099,-5.55%,3281,-43.13%,5769
2877,神威药业,14.695,0,588,-15.40%,695,-12.80%,797,-7.75%,864
70,海王集团,-0.709,0,98.93,,-483,,-996,,504
315,数码通电讯,10.708,0,929,-15.85%,1104,-11.25%,1244,54.15%,807
1639,安捷利实业,0,0,98.86,,45.26,,44000,,32.24
96,YUSEI,0,0,98.17,,81.63,,73.5,,56.99
1570,伟业控股,0,0,97.85,,89.52,,0,,0
1669,环球信贷集团,7.458,0,74,-16.05%,88.15,53.28%,57.51,31.84%,43.62
495,PALADIN,0,0,96.97,,734,,-121,,195
480,香港兴业国际,8.554,2637,1084,-16.16%,1293,-27.44%,1782,#DIV/0!,0
1037,云智汇科技,-6.25,0,96.22,,-96.24,,-29.24,,0
3888,金山软件,60.231,0,814,-16.34%,973,79.52%,542,6.69%,508
1197,中国恒石,5.597,0,260,-16.67%,312,48.57%,210,#DIV/0!,0
6183,中国绿宝,2.027,0,188,-16.81%,226,2.26%,221,#DIV/0!,0
607,丰盛控股,33.905,0,3113,-16.96%,3749,155.73%,1466,-238.43%,-1059
1202,成都普天电缆股份,-7.851,0,95.3,,11.04,,-46.65,,-46.99
880,澳博控股,22.263,0,1947,-17.08%,2348,-5.70%,2490,-63.76%,6870
2066,盛京银行,3.48,0,13250,-17.77%,16114,13.61%,14184,26.59%,11205
896,兴胜创建,1.725,648,554,-17.93%,675,32.09%,511,#DIV/0!,0
3315,金邦达宝嘉,5.677,0,199,-18.78%,245,-17.23%,296,15.18%,257
1428,耀才证券金融,10.781,768,373,-19.09%,461,40.12%,329,#DIV/0!,0
109,天成国际,-95,0,92.12,,10.94,,21.47,,25.62
1222,WANG ON GROUP,5.043,1835,360,-19.10%,445,-36.43%,700,#DIV/0!,0
54,合和实业,8.48,0,2610,-19.20%,3230,-3.50%,3347,71.99%,1946
95,绿景中国地产,14.607,0,1497,-19.21%,1853,213.54%,591,1298.15%,42.27
1005,美力时集团,17.222,0,109,-19.26%,135,-65.99%,397,215.08%,126
144,招商局港口,9.994,0,3141,-19.40%,3897,30.73%,2981,15.05%,2591
2317,味丹国际,12.419,0,23.05,-19.63%,28.68,76.60%,16.24,-1537.17%,-1.13
113,迪生创建,-4.6,164,87.94,,-276,,-83.31,,0
90,琥珀能源,6.911,0,90.56,-19.86%,113,2.73%,110,-216.27%,-94.61
153,中国赛特,2.488,0,314,-19.90%,392,-12.50%,448,-2.40%,459
497,资本策略地产,2.69,1109,1367,-20.11%,1711,508.90%,281,#DIV/0!,0
125,新兴光学,0,74.71,86.69,,63.42,,82.6,,0
1196,伟禄集团,150,0,166,-20.19%,208,330.20%,48.35,3830.89%,1.23
1556,建业建荣,2.375,0,97.23,-20.30%,122,-29.07%,172,#DIV/0!,0
2121,一化控股,4.167,0,225,-20.77%,284,15.92%,245,-8.58%,268
460,四环医药,6.709,0,1688,-20.79%,2131,-20.90%,2694,36.13%,1979
1368,特步国际,19.326,0,725,-20.94%,917,-0.43%,921,13.84%,809
2341,中怡国际,10.764,0,237,-21.26%,301,36.20%,221,8.33%,204
519,实力建业,3.005,0,291,-21.35%,370,4717.71%,7.68,-108.11%,-94.75
1993,雅仕维,-23.077,0,85.53,,49.1,,-16.54,,230
1520,时尚环球,11.538,0,-13.88,-21.89%,-17.77,-191.65%,19.39,-38.58%,31.57
1100,飞达控股,0,0,85.03,,84.68,,55.91,,35.25
684,亚伦国际,0,55.45,84.23,,143,,85.93,,0
3686,祈福生活服务,0,0,84.22,,41.3,,0,,0
1823,华昱高速,-1.461,0,83.89,,62.63,,-113,,91.66
271,丹枫控股,65.4,0,83.55,-22.64%,108,41.16%,76.51,68.75%,45.34
1979,天宝集团,3.814,0,207,-22.76%,268,71.79%,156,#DIV/0!,0
2728,裕华能源（新）,-18.571,0,82.51,,43.89,,5.88,,10.06
2678,天虹纺织,7.946,0,1451,-23.23%,1890,64.35%,1150,91.67%,600
1310,香港宽频,49.388,0,257,-23.28%,335,76.32%,190,#DIV/0!,0
1431,原生态牧业,10.3,0,-67.91,-23.33%,-88.57,-231.74%,67.23,-83.99%,420
176,联太工业,-49.286,0,79.05,,7.76,,-7.73,,0
336,华宝国际,9.957,1638,1340,-23.34%,1748,-24.66%,2320,#DIV/0!,0
57,震雄集团,-7.055,129,78.76,,-140,,42.5,,0
2099,中国黄金国际,-80.375,0,78.63,,34.38,,38.72,,73.36
836,华润电力,7.243,0,12480,-23.69%,16355,-18.26%,20008,31.46%,15220
3789,御佳控股,0,67.98,78.38,,0,,0,,0
374,四洲集团,0,387,78.38,,66.58,,185,,0
1131,鸿宝资源,4.904,766,388,-23.77%,509,138.97%,213,#DIV/0!,0
894,万裕科技,-35.161,0,77.56,,12.28,,-10.36,,81.54
1273,香港信贷,0,82.14,76.83,,76.95,,72.59,,0
1885,中国优材,23,0,74.78,-24.04%,98.45,-1.36%,99.81,20.85%,82.59
6066,中信建投证券,5.918,0,5349,-24.25%,7061,#DIV/0!,0,#DIV/0!,0
670,中国东方航空股份,11.777,0,9431,-24.47%,12486,-1.10%,12625,108.40%,6058
1230,雅士利国际,50.323,0,-335,-24.55%,-444,1003.11%,-40.25,#DIV/0!,0
543,太平洋网络,5.969,0,127,-24.85%,169,-24.55%,224,-18.84%,276
483,包浩斯国际,0,56.81,74.11,,61.86,,149,,0
2722,重庆机电,4.889,0,213,-25.00%,284,-17.44%,344,-0.29%,345
1580,大森控股,0,0,73.8,,79.76,,0,,0
157,自然美,8.971,0,147,-25.00%,196,15.29%,170,46.55%,116
484,云游控股,-7.774,0,73.14,,-383,,-124,,-36.47
206,ＴＳＣ集团,22.174,0,-80.06,-25.18%,-107,-1726.14%,6.58,-76.10%,27.53
195,利海资源,-3.464,0,71.82,,173,,-219,,-2.07
1140,东英金融投资,103.448,88.97,16.08,-25.69%,21.64,-124.66%,-87.76,#DIV/0!,0
6816,PROSPER CONS,0,0,71.29,,84.04,,0,,0
677,金源米业,0,53.18,70.93,,-35.25,,124,,0
738,莱尔斯丹,5.902,85.53,124,-26.63%,169,-44.77%,306,#DIV/0!,0
6881,中国银河,2.951,0,4809,-26.88%,6577,-49.92%,13134,162.52%,5003
1372,比速科技,-26.506,0,69.89,,-32.35,,19.05,,0
1830,必瘦站,17.931,251,112,-27.27%,154,-9.41%,170,#DIV/0!,0
364,坪山茶业,-3.604,0,69.57,,-862,,-706,,-357
1378,中国宏桥,10.663,0,7092,-27.37%,9764,85.66%,5259,-28.23%,7328
1118,高力集团,0,0,69.17,,111,,125,,142
1055,中国南方航空股份,11.74,0,9156,-27.40%,12612,-6.15%,13438,183.02%,4748
2112,优库资源,556.667,0,4.02,-28.09%,5.59,104.76%,2.73,-7.77%,2.96
535,金地商置,8.144,0,2752,-28.20%,3833,69.90%,2256,138.73%,945
165,中国光大控股,4.404,0,4315,-28.24%,6013,287.69%,1551,-13.79%,1799
449,志高控股,-0.827,0,66.7,,86.12,,-653,,-8.57
1836,九兴控股,10.739,0,63.24,-28.35%,88.26,-31.58%,129,-5.15%,136
281,川河集团,4.872,0,93.59,-29.10%,132,374.48%,27.82,-59.54%,68.76
17,新世界发展,11.287,0,11751,-29.14%,16583,-40.71%,27971,66.27%,16823
2289,创美药业,20.699,0,55.92,-30.00%,79.89,92.14%,41.58,#DIV/0!,0
912,信佳国际,7.197,82.93,61.67,-30.43%,88.65,-50.20%,178,#DIV/0!,0
1175,鲜驰达控股,2.479,14.73,49.39,-30.99%,71.57,23.89%,57.77,#DIV/0!,0
619,南华金融,-14.5,0,63.54,,-47.08,,2.6,,-61.97
118,大同机械,-1.3,0,63.35,,-270,,-24.68,,7.12
908,珠海控股投资,10.227,0,369,-31.03%,535,13.35%,472,71.64%,275
1026,环球实业科技,0,0,62.3,,60.31,,-56.13,,13.02
1198,皇朝家h,-10.492,0,61.81,,22.82,,-113,,-163
858,精优药业,11.214,29.19,18.93,-31.14%,27.49,-95.05%,555,#DIV/0!,0
141,大中华集团,0,0,61.59,,17.58,,11.86,,186
574,百信药业,3.407,0,19.5,-31.43%,28.44,-64.70%,80.57,#DIV/0!,0
6865,福莱特玻璃,3.019,0,499,-31.92%,733,36.75%,536,#DIV/0!,0
1375,中州证券,3.87,0,674,-32.12%,993,-47.49%,1891,150.46%,755
1148,新晨动力,3.413,0,154,-32.46%,228,-15.87%,271,-14.51%,317
711,亚洲联合基建控股,3.411,230,236,-32.57%,350,141.38%,145,#DIV/0!,0
1047,毅兴行,0,0,59.17,,-4.54,,43.46,,26.68
716,胜狮货柜,-131.111,0,58.39,,-58.35,,8.94,,52.52
213,NATIONAL ELEC H,4.958,254,169,-32.67%,251,88.72%,133,#DIV/0!,0
2111,超盈国际控股,7.589,0,360,-32.84%,536,29.47%,414,36.18%,304
1229,南南资源,-3.077,42.62,57.42,,-73.54,,7.14,,0
697,首长国际企业,-0.516,0,57.29,,-427,,-3894,,-2042
2662,承兴国际控股,-122.83,0,57.26,,-50.83,,-77.78,,-265
753,中国国航,10,0,11756,-32.95%,17533,12.74%,15552,114.16%,7262
1533,庄园牧场,9.316,0,70.79,-33.22%,106,-2.75%,109,#DIV/0!,0
699,神州租车,10.29,0,1175,-33.24%,1760,5.45%,1669,225.34%,513
63,中国烯谷集团,0,0,56.67,,-43.95,,-26.47,,-24.04
222,闽信集团,0,0,56.06,,-165,,-21.92,,46
6168,中国优通,34.848,0,-147,-35.53%,-228,-503.61%,56.49,-36.66%,89.19
75,渝太地产,0,0,55.71,,366,,562,,508
2326,百灵达国际控股,4.111,310,144,-35.71%,224,676.70%,28.84,#DIV/0!,0
193,冠中地产,-2.278,0,53.9,,-141,,-59.39,,-90.09
229,利民实业,12.895,0,46.64,-35.85%,72.7,62.46%,44.75,1.31%,44.17
6898,中国铝罐,7.32,0,78.55,-36.14%,123,26.22%,97.45,186.36%,34.03
751,创维数码,3.966,908,1984,-37.02%,3150,-24.57%,4176,#DIV/0!,0
287,永发置业,0,364,53.33,,6.05,,75.28,,0
6139,金茂酒店－ＳＳ,16.937,0,370,-37.39%,591,-27.75%,818,-41.61%,1401
1609,创建集团控股,0,41.72,53.3,,0,,0,,0
1194,麦盛资本,-9.655,0,53.13,,-8.9,,212,,494
663,金山能源,0.269,0,-112,-37.43%,-179,-109.78%,1830,-199.13%,-1846
864,永利地产发展,0,0,52.45,,2.47,,28.88,,86.27
55,中星集团控股,-1.315,0,52.09,,86.72,,-68.27,,-79.58
2698,魏桥纺织,3.32,0,945,-37.62%,1515,14.17%,1327,196.87%,447
1884,ＥＰＲＩＮＴ集团,12.449,28.86,14.35,-37.85%,23.09,-37.07%,36.69,#DIV/0!,0
327,百富环球,7.328,0,428,-37.88%,689,4.71%,658,42.12%,463
695,东吴水泥,-51.538,0,50.49,,8.63,,-13.02,,11.49
1938,珠江钢管,30,0,-888,-38.46%,-1443,-1102.08%,144,-140.79%,-353
1456,国联证券,6.648,0,517,-39.88%,860,-56.78%,1990,#DIV/0!,0
554,汉思能源,-9.2,0,49.36,,-16.12,,-26.88,,-36.33
1900,中国智能交通,-1.493,0,49.09,,183,,-197,,-128
854,威雅利,-6.428,132,48.23,,-57.95,,42.35,,0
637,利记,-3.972,102,48.04,,-109,,36.48,,0
853,微创医疗,-136.364,0,47.86,,45.93,,10.02,,-39.37
2213,益华控股,0,0,47.77,,121,,40.15,,45.93
1060,阿里影业,38.333,-1613,-901,-40.09%,-1504,274.13%,-402,#DIV/0!,0
865,建德国际控股,0,0,46.99,,-504,,-8.31,,34.21
1633,上谕集团,0,-30.29,46.95,,0,,0,,0
1251,华油能源,-2.399,0,46.81,,-268,,-448,,204
1495,集一家居,4.773,0,20.59,-40.27%,34.47,-32.07%,50.74,#DIV/0!,0
685,世界华文媒体,4.024,-4.16,25.15,-41.02%,42.64,-24.05%,56.14,#DIV/0!,0
1002,威铖国际,-7.048,0,45.82,,-11.87,,4.55,,7.44
568,山东墨龙,-3.299,0,45.59,,-606,,-324,,15.59
2380,中国电力,2.693,0,3108,-41.92%,5351,-31.94%,7862,33.48%,5890
1129,中国水业集团,-23.788,0,45.11,,125,,-50.66,,291
2386,中石化炼化工程,18.854,0,1112,-42.53%,1935,-49.67%,3845,-4.80%,4039
423,经济日报集团,0,88.01,43.69,,64.97,,49.62,,0
1586,中国力鸿,0,0,43.14,,38.06,,0,,0
182,协合新能源,5.847,0,271,-42.95%,475,-13.48%,549,40.05%,392
127,华人置业,2.936,0,4126,-43.15%,7258,-11.44%,8196,-9.02%,9009
3822,三和建筑集团,2.13,7.47,98.87,-43.18%,174,-31.50%,254,#DIV/0!,0
599,怡邦行控股,4.046,54.38,50.79,-43.37%,89.68,10.13%,81.43,#DIV/0!,0
1151,依利安达,0,0,42.74,,16.57,,-756000,,5.93
34,九龙建业,8.163,0,446,-43.97%,796,-37.57%,1275,7.41%,1187
640,星谦发展,0,0,42.07,,36.6,,53.88,,52.81
794,锦胜集团（控股）,-5.495,135,41.98,,-48.42,,69.26,,0
1271,佳明集团控股,7.945,235,249,-44.04%,445,19.62%,372,#DIV/0!,0
400,科通芯城,11.242,0,353,-45.61%,649,43.27%,453,69.03%,268
6880,腾邦控股,0,0,41.32,,-15.01,,16,,0
94,绿心集团,-1.66,0,40.82,,-980000,,-616,,-183
31,航天控股,2.194,0,932,-45.91%,1723,-34.91%,2647,263.60%,728
1008,贵联控股,3.715,0,193,-45.94%,357,-24.04%,470,-19.80%,586
217,中国诚通发展集团,26.364,0,53.6,-46.01%,99.28,-21.21%,126,-901.02%,-15.73
294,长江制衣,132.857,17.1,12.56,-46.12%,23.31,203.91%,7.67,#DIV/0!,0
6896,金嗓子,4.879,0,94.2,-46.17%,175,-13.37%,202,#DIV/0!,0
1661,智美体育,18.421,0,72.29,-46.45%,135,101.91%,66.86,-81.22%,356
1289,盛力达科技,-2.21,0,38.52,,14.28,,-96.43,,142
262,迪臣发展国际,0,63.23,38.19,,220,,144,,0
1023,时代集团控股,5.946,0,236,-46.97%,445,-12.40%,508,-18.06%,620
3869,弘和仁爱医疗,0,0,37.75,,59.4,,0,,0
1418,盛诺集团,5.347,0,58.24,-47.53%,111,-54.51%,244,-1.21%,247
1217,中国创新投资,-4.2,0,37.01,,-54.17,,-138000,,-15.91
701,北海集团,8.222,0,58.25,-47.99%,112,-2.61%,115,-37.50%,184
727,皇冠环球集团,19.531,110,128,-48.59%,249,881.47%,25.37,#DIV/0!,0
1312,同方康泰,-54.286,0,35.97,,-20.13,,-26.99,,46.11
368,中外运航运,-4.596,0,35.56,,-246,,-86.09,,-27.57
990,荣晖国际,-32.8,0,35.32,,-23.91,,-23.73,,-22.25
852,海峡石油化工,28.947,0,20.99,-49.30%,41.4,-1.17%,41.89,-111.60%,-361
2223,卡撒天娇,-12.836,0,33.14,,14.59,,-14.39,,20.13
2358,久融控股,-16.9,0,33.12,,-32.46,,-43.38,,20.55
1419,盈健医疗,18.298,0,20.1,-49.90%,40.12,#DIV/0!,0,#DIV/0!,0
573,稻香控股,8.036,0,108,-50.00%,216,8.54%,199,-20.72%,251
902,华能国际电力股份,5.342,0,9183,-50.03%,18378,-36.94%,29143,15.30%,25275
370,国华,-7,0,32.54,,-16.46,,-49.32,,-28.01
138,中建富通,2.032,0,173,-50.85%,352,1.15%,348,0.87%,345
1349,复旦张江,22.024,0,76,-50.97%,155,1.31%,153,17.69%,130
1041,林达控股,-0.52,0,32.12,,-136,,-257,,129
132,中国兴业控股,0,0,31.9,,1.25,,13.58,,75.67
1581,进N集团控股,0,7.96,31.77,,0,,0,,0
539,冠华国际控股,1.079,349,138,-51.06%,282,-48.26%,545,#DIV/0!,0
6893,衍生集团,41.923,1.06,13.02,-51.74%,26.98,74.63%,15.45,#DIV/0!,0
104,ASIA COMM HOLD,-12.174,53,31.1,,-35.63,,-34.97,,0
290,中国富强金融,-10.167,-62.22,30.91,,-42.68,,-157,,0
1397,碧瑶绿色集团,0,0,29.84,,36.1,,36.28,,33.38
911,前海健康,-0.761,0,29.79,,-564,,-397,,231
609,天德化工,3.498,0,155,-52.31%,325,31.58%,247,15.96%,213
668,东银国际控股,-15.5,0,29.33,,-35.75,,-46.47,,-63.6
2333,长城汽车,5.161,0,5854,-52.31%,12276,32.28%,9280,0.39%,9244
927,富士高实业,0,66.31,28.92,,24.41,,15.35,,0
297,中化化肥,25.405,0,-2270,-52.89%,-4818,-1476.57%,350,28.68%,272
1305,伟志控股,-5.052,0,28.33,,6.78,,-37.66,,81.59
1305,伟志控股,-5.052,0,28.33,,6.78,,-37.66,,81.59
1305,伟志控股,-5.052,0,28.33,,6.78,,-37.66,,81.59
1305,伟志控股,-5.052,0,28.33,,6.78,,-37.66,,81.59
1985,美高域,0,35.89,28.09,,0,,0,,0
1057,浙江世宝,6.733,0,32.46,-53.37%,69.61,26.86%,54.87,39.19%,39.42
2113,东盈控股,0,10.93,27.15,,0,,0,,0
1662,义合控股,0,35.92,26.88,,113,,0,,0
2288,宏基资本,0,37.18,26.7,,-72.38,,38.01,,0
905,环球大通投资,0,0,26.47,,-87.07,,-64.05,,-17.6
1330,绿色动力环保,14.363,0,255,-53.47%,548,50.14%,365,15.51%,316
1623,海隆控股,9.292,0,225,-54.27%,492,15.76%,425,-20.71%,536
431,大中华金融,-0.783,0,26,,-967,,134,,-27.62
686,联合光伏,5.579,0,174,-54.57%,383,2.68%,373,-22.13%,479
1089,乐游科技控股,-88.889,0,25.1,,130,,-16.39,,-9.51
628,国美金融科技,0,0,24.91,,6.46,,-32.08,,0
1660,善乐国际,0,36.4,24.83,,0,,0,,0
1071,华电国际电力股份,3.82,0,4379,-55.67%,9879,-45.08%,17988,22.18%,14723
750,兴业太阳能,3.947,0,270,-56.94%,627,40.27%,447,-36.05%,699
1611,桐成控股,39.677,0,10.03,-57.17%,23.42,#DIV/0!,0,#DIV/0!,0
869,彩星玩具,3.202,0,74.13,-57.64%,175,-55.81%,396,-38.89%,648
829,神冠控股,8.113,0,65.33,-57.85%,155,-54.01%,337,-50.15%,676
250,中国数码信息,30.667,0,24.83,-59.34%,61.07,2.06%,59.84,-157.54%,-104
28,天安,1.121,0,2556,-59.43%,6300,102.77%,3107,93.95%,1602
1591,汛和集团,0,6.56,24.08,,0,,0,,0
3708,日成控股,28,0,6.9,-59.77%,17.15,4.00%,16.49,#DIV/0!,0
469,凯普松国际,0,0,23.1,,34.37,,14.25,,-137
1499,前进控股集团－新,53.571,34.66,15.07,-61.14%,38.78,#DIV/0!,0,#DIV/0!,0
278,华厦置业,0,24.65,21.95,,18.57,,18.33,,0
834,康大食品,0,0,21.69,,49,,18.96,,44.84
1064,中华国际,5.426,0,134,-61.16%,345,84.49%,187,47.24%,127
1612,永胜医疗,0,0,20.88,,48.15,,0,,0
907,高雅光学,-6.754,-13.89,20.8,,-92.43,,-88.24,,0
321,德永佳集团,4.513,468,520,-61.34%,1345,56.76%,858,#DIV/0!,0
658,中国高速传动,13.316,0,527,-61.45%,1367,1.48%,1347,338.76%,307
403,星光集团,0,-42.28,20.62,,102,,19.39,,0
981,中芯国际,19.008,0,125,-63.13%,339,52.70%,222,70.77%,130
445,中国消防,54.167,0,14.32,-63.86%,39.62,-0.78%,39.93,-108.13%,-491
3336,巨腾国际,1.821,0,263,-64.75%,746,-35.13%,1150,13.97%,1009
621,坛金矿业,1.267,-199,178,-64.82%,506,-351.74%,-201,#DIV/0!,0
1338,霸王集团,-5.489,0,19.23,,41.09,,-111,,-116
710,精电,2.774,0,20.63,-65.44%,59.7,-81.63%,325,19.05%,273
703,FUTURE ＢRIGHT,-515,0,18.96,,-2.5,,-43.28,,208
715,中泛控股,44.444,0,86.56,-66.32%,257,67.97%,153,27.50%,120
715,中泛控股,44.444,0,86.56,-66.32%,257,67.97%,153,27.50%,120
1989,松龄护老集团,0,18.92,17.39,,0,,0,,0
974,中国顺客隆,0,0,16.91,,34.47,,41.11,,0
715,中泛控股,44.444,0,86.56,-66.32%,257,67.97%,153,27.50%,120
715,中泛控股,44.444,0,86.56,-66.32%,257,67.97%,153,27.50%,120
538,味千（中国）,16.298,0,302,-67.42%,927,155.37%,363,-13.37%,419
465,富通科技,0,0,15.98,,59.85,,65.1,,108
387,力丰（集团）,0,0,15.96,,15.97,,6.39,,7.48
1637,顺兴集团控股,0,43.18,15.65,,0,,0,,0
1547,IＢI GROUP HLDGS,0,22.56,15.48,,0,,0,,0
1239,金宝宝控股,0,0,15.44,,52.99,,14.53,,22.19
1496,亚积邦租赁,0,26.3,15.28,,29.03,,0,,0
1496,亚积邦租赁,0,26.3,15.28,,29.03,,0,,0
1496,亚积邦租赁,0,26.3,15.28,,29.03,,0,,0
1496,亚积邦租赁,0,26.3,15.28,,29.03,,0,,0
237,安全货仓,2.49,499,283,-67.58%,873,41.03%,619,#DIV/0!,0
1667,进阶发展,0,20.77,14.88,,0,,0,,0
2193,万景控股,10.571,9.11,10.96,-67.86%,34.1,#DIV/0!,0,#DIV/0!,0
2028,映美控股,5,0,27.67,-68.02%,86.52,-26.68%,118,16.83%,101
1165,顺风清洁能源,16.875,0,-768,-68.05%,-2404,-2902.84%,85.77,-94.10%,1454
876,美加医学,-75,0,13.6,,9.25,,-35.27,,-125
2239,国微技术,0,0,13.57,,7,,0,,0
396,兴利（香港）控股,0,0,13.48,,14.95,,19.8,,37.82
3626,HSSP INTL,0,0,13.39,,7.85,,0,,0
997,普汇中金国际,37.407,-5.46,53.3,-68.08%,167,-319.28%,-76.16,#DIV/0!,0
886,银基集团,10.5,-133,6.2,-68.69%,19.8,-129.57%,-66.95,#DIV/0!,0
767,PACIFIC PLYWOOD,1.723,0,129,-69.43%,422,-393.06%,-144,619.28%,-20.02
137,金辉集团,-0.277,0,12.35,,-1433,,-2984,,-644
1626,嘉耀控股,0,0,12.25,,9.15,,9.01,,22.02
79,世纪建业,-9.032,0,11.56,,-25.97,,-18.04,,15.36
2166,芯智控股,0,0,11.38,,11.92,,0,,0
2399,虎都,14.54,0,63.94,-70.26%,215,-50.57%,435,5.84%,411
1532,中国派对文化,3.712,0,23.7,-70.73%,80.98,-19.82%,101,#DIV/0!,0
1028,千百度,9.868,0,80.91,-71.00%,279,-18.18%,341,0.00%,341
2199,维珍妮,14.194,286,160,-71.63%,564,#DIV/0!,0,#DIV/0!,0
1145,勇利航业,-0.184,0,9.88,,-17.77,,-36.84,,-9.71
730,首长四方(集团),-5.966,0,9.79,,-84.23,,-78.1,,12.26
1509,和美医疗,11.111,0,33.95,-72.62%,124,-12.68%,142,#DIV/0!,0
1498,培力控股,17.931,0,10.33,-73.29%,38.67,-3.64%,40.13,#DIV/0!,0
556,泛亚环保,14.747,0,24.69,-74.26%,95.91,-5.04%,101,117.95%,46.34
181,闽港控股,0,0,9.33,,1.51,,-2.95,,-548355
406,有利集团,0,78.12,9.3,,-110,,124,,0
1685,博耳电力,1.075,0,-202,-74.72%,-799,-212.54%,710,13.96%,623
15,盈信控股,1.674,508,188,-76.99%,817,437.50%,152,#DIV/0!,0
1213,万保刚集团,0,-3.39,8.99,,18.21,,19.84,,0
1332,中国透云,2.571,0,-249,-77.53%,-1108,-532.81%,256,1845.29%,13.16
1366,江南集团,3.061,0,145,-77.86%,655,-24.71%,870,14.78%,758
183,宏辉集团,-9.429,0,8.12,,-40.87,,-25.6,,44.71
732,信利国际,6.1,0,187,-78.56%,872,-22.35%,1123,-30.76%,1622
1699,普甜食品,-22.375,0,7.9,,18.17,,-8.11,,60.4
1536,煜荣集团,0,2.92,7.9,,0,,0,,0
1380,中国金石,0,0,7.8,,-125,,-199,,-31.77
1380,中国金石,0,0,7.8,,-125,,-199,,-31.77
1380,中国金石,0,0,7.8,,-125,,-199,,-31.77
1380,中国金石,0,0,7.8,,-125,,-199,,-31.77
333,黛丽斯国际,11,0,8.45,-78.84%,39.94,-5.20%,42.13,-8.15%,45.87
1629,盟科控股,0,0,6.96,,-5.54,,0,,0
1201,天臣控股,12.5,0,18.35,-79.23%,88.36,-14.21%,103,21.95%,84.46
2086,龙杰智能卡,0,0,6.83,,-17.83,,24.39,,27.4
2086,龙杰智能卡,0,0,6.83,,-17.83,,24.39,,27.4
2086,龙杰智能卡,0,0,6.83,,-17.83,,24.39,,27.4
2086,龙杰智能卡,0,0,6.83,,-17.83,,24.39,,27.4
1027,中国集成控股,0,0,6.71,,13.51,,50.03,,102
2336,海亮国际,-36,0,6.32,,-20.2,,-22.2,,-12.85
199,德祥地产,1.324,184,303,-79.36%,1468,78.16%,824,#DIV/0!,0
499,青岛控股,-32.609,7.92,6.14,,-11.3,,7.42,,0
43,卜蜂国际,8.75,0,86.73,-79.45%,422,-2.76%,434,13.02%,384
2031,澳至尊,0,14.88,5.65,,0,,0,,0
2342,京信通信,12.299,0,50.82,-79.83%,252,-23.40%,329,62.87%,202
1583,亲亲食品,0,0,5.36,,41.9,,0,,0
768,开明投资,-8.7,-19.68,4.83,,-10.17,,66.88,,0
3322,永嘉集团,3.49,0,37.31,-80.87%,195,-33.45%,293,640.46%,39.57
655,香港华人有限公司,11.961,330,49.8,-82.09%,278,-31.86%,408,#DIV/0!,0
330,思捷环球,193.636,0,-102,-82.89%,-596,-83.82%,-3683,-1120.22%,361
346,延长石油国际,-0.273,0,3.73,,-274,,-4609,,-4577
1358,普华和顺,11.007,0,44.68,-83.99%,279,12.50%,248,15.89%,214
2343,太平洋航运,-10.539,0,3.26,,-85.56,,-17.36,,-284
328,ALCO HOLDINGS,1.466,-70.09,78.27,-84.98%,521,341.53%,118,#DIV/0!,0
187,京城机电股份,-4.467,0,3.03,,-198,,-298,,-63.91
982,卓智控股,0,0,2.79,,6.81,,17.38,,19.82
557,CITY E-SOLUTION,-8.333,0,2.62,,-69.4,,-48,,-24.27
1164,中广核矿业,6.081,0,67.75,-85.40%,464,33.33%,348,995.37%,31.77
822,嘉瑞国际,-5.282,0,2.42,,122,,-62.96,,99.33
1462,金诚控股,406,210,3.53,-85.56%,24.45,-49.14%,48.07,#DIV/0!,0
840,天业节水,-22.813,0,2.19,,-62.48,,-11.97,,1.91
3332,中生联合,3.402,0,14.09,-88.26%,120,-35.14%,185,32.14%,140
1362,新龙移动,0,0,1.9,,-7.77,,2.98,,-13.3
1786,铁建装备,4.752,0,64.43,-88.37%,554,5.32%,526,#DIV/0!,0
200,新濠国际发展,334.848,0,1130,-88.62%,9929,10683.01%,92.08,-93.58%,1435
2308,研祥智能,4.685,0,39.72,-89.09%,364,37.36%,265,110.32%,126
1172,勤达集团国际,8.214,18.3,9.64,-89.72%,93.73,-1126.62%,-9.13,#DIV/0!,0
439,光启科学,150,0,74.55,-89.88%,737,7435.79%,9.78,-106.39%,-153
687,香港国际建投,3.744,0,95.47,-89.97%,952,15.67%,823,#DIV/0!,0
645,安域亚洲,0,-1.8,1.11,,-13.4,,1.69,,0
1439,中华包装控股,4.39,0,4.05,-91.70%,48.79,-37.62%,78.22,0.57%,77.78
211,STYLAND HOLD,0,-17.35,1.08,,-5.76,,94.08,,0
1718,宏基集团控股,32.353,-63.2,2.56,-92.31%,33.3,#DIV/0!,0,#DIV/0!,0
3389,亨得利,9.722,0,36.07,-92.41%,475,-14.10%,553,-46.47%,1033
1808,企展控股,24,0,-21.86,-92.59%,-295,-1653.45%,18.99,-15.94%,22.59
1561,万辉化工,22.917,0,3.16,-93.39%,47.84,-7.64%,51.8,#DIV/0!,0
1203,广南（集团）,12.192,0,5.52,-93.45%,84.3,-3.33%,87.2,-45.16%,159
1655,OKURA HOLDINGS,0,0,0,,0,,0,,0
888,路讯通,-27.778,0,-1.34,,-42.1,,-41.14,,48.09
770,SHANGHAI GROWTH,0,0,-1.42,,-1.51,,-3.89,,2.2
76,南海石油,-0.655,0,-1.48,,-31.61,,-8.12,,-23.33
1822,弘达金融控股,-315,0,-1.54,,-19.39,,-4.72,,-46.03
1243,宏安地产,30,2005,24.21,-93.84%,393,#DIV/0!,0,#DIV/0!,0
1010,太睿国际控股,-30,0,-2.64,,-4.9,,-25.8,,17.27
1243,宏安地产,30,2005,24.21,-93.84%,393,#DIV/0!,0,#DIV/0!,0
1243,宏安地产,30,2005,24.21,-93.84%,393,#DIV/0!,0,#DIV/0!,0
442,KTL INT'L,0,-33.58,-3.92,,2.62,,48.12,,0
318,黄河实业,0,0,-4.24,,8.73,,-6.26,,-32.38
299,新体育,-126.667,0,-4.28,,-709,,-31.5,,-45.65
248,香港通讯国际控股,-6.96,5.68,-4.38,,-22.72,,-3.42,,0
979,绿色能源科技集团,-5.368,0,-4.4,,-36.83,,-43.15,,-37.16
3816,ＫＦＭ金德,-5.921,39.42,-4.42,,-29.32,,51.58,,0
37,远东酒店实业,-19.444,10.06,-4.78,,-10.55,,-68.02,,0
776,帝国集团环球控股,-119.167,0,-5,,-13.57,,-5.86,,-2.63
1220,志道国际,-14.5,3.84,-5.04,,-73.13,,-6.04,,0
953,邵氏兄弟控股,0,0,-5.07,,-38.81,,-106,,-165
1007,大庆乳业,-75.667,0,-5.1,,-8.84,,-3.41,,-2.62
1079,松景科技,-12.222,0,-5.26,,-6.98,,-5.77,,1.03
627,佑威国际,-104,0,-5.66,,-2.65,,3.8,,17.47
765,威发国际集团,-37.308,0,-5.69,,36.87,,-10.71,,13.84
1160,大唐投资国际,0,-10.44,-5.98,,-11.92,,1.13,,0
1632,膳源控股,0,-1.75,-6.15,,0,,0,,0
471,中播控股,-0.389,0,-6.26,,-16.74,,-21.66,,-2.12
1683,皇中国际,0,0,-6.29,,28.28,,25.05,,0
1108,洛阳玻璃股份,-6.589,0,-6.49,,-80.26,,-184,,-63.26
339,安利时投资,-2.66,0,-6.59,,-13.04,,-19.7,,645136
277,太兴置业,0,123,-6.95,,-40.55,,252,,0
1241,双桦控股,-5.764,0,-7.12,,-16.95,,-43.38,,12.65
926,碧生源,-8.824,0,-7.18,,-70.67,,64.44,,54.51
918,第一德胜控股,-5.455,16.85,-7.53,,-20.62,,3.43,,0
1803,北京体育文化,-53.8,0,-7.89,,-50.51,,-35.1,,23.28
2011,KEE,0,0,-8.33,,31.66,,7.18,,6.55
657,环科国际,0,-8.95,-9.01,,-9.3,,-4.71,,0
102,凯升控股,-13.448,0,-9.85,,-7.96,,-85.37,,-78.87
2088,西王置业,-18.333,0,-9.91,,-14.89,,-20.44,,-87.76
936,鹏程亚洲,-17.885,0,-9.93,,-75.71,,-43.4,,-10.96
401,万嘉集团,-6.667,-35.87,-9.93,,4.06,,-757,,0
2878,SOLOMON SYSTECH,-14.318,0,-10.3,,-7.38,,-6.43,,-2.98
60,香港食品投资,-15.833,77.78,-10.7,,-15.83,,21.36,,0
2322,仁瑞投资,-80,-47.83,-10.77,,-15.17,,8.82,,0
1152,新融宇集团,0,0,-10.84,,-42.37,,-75.67,,-20.93
1682,高锐中国物联,-11.458,8,-11.44,,-24.78,,-3.57,,0
365,紫光控股,-337.5,0,-11.82,,-8.87,,4.32,,0
2183,利福地产,-169.189,0,-12.95,,-30.75,,18.35,,-13.65
422,越南制造加工出口,0,0,-13.21,,-3.27,,-11.01,,-15.54
600,中国基建投资,0,0,-13.6,,-16.24,,-5.76,,15.31
1243,宏安地产,30,2005,24.21,-93.84%,393,#DIV/0!,0,#DIV/0!,0
204,中国投资开发,-7,-19.37,-14.71,,-23.97,,-88.89,,0
3663,协众国际控股,0,0,-15.14,,61.49,,69.21,,65.13
128,安宁控股,-14.308,0,-15.91,,-7.78,,-111,,4.8
383,中国医疗网络,-4.032,0,-16.13,,-775,,156,,898
309,新华通讯频媒,-6.818,-36.54,-16.21,,-59.81,,-1.39,,0
3683,荣丰联合控股,-6.81,3.25,-16.59,,-38.08,,-35.24,,0
352,富阳,-48.214,0,-16.64,,-5.45,,-8.67,,-5.06
264,中玺国际,-17.711,0,-16.68,,-26.23,,-25.23,,0
1878,南戈壁－Ｓ,-0.154,0,-16.77,,-38.11,,-167,,-82.73
274,中富资源,-2.833,0,-17.42,,22.9,,-13.88,,-915
485,中国华星,-6.643,-24.11,-17.45,,-14.5,,-246,,0
2310,申基国际,-1.582,0,-17.83,,-72.5,,-74.03,,-94.05
2371,中国创联教育,-1.1,0,-18.08,,-199,,-294,,28.49
643,恒富控股,0,0,-18.77,,-45.35,,-37.51,,-14.23
1069,中国农林低碳,-2.038,0,-18.8,,-52.74,,-61.77,,-90.43
1123,中港照相,-5.932,44.55,-19.1,,-65.7,,-30.82,,0
68,利兴发展,-1.684,0,-19.36,,-499,,13.5,,70.82
1235,专业旅运,9.836,1.38,2.21,-93.98%,36.73,-32.42%,54.35,#DIV/0!,0
1106,中国海景,-11.818,0,-19.88,,22.22,,-38.63,,5.08
1360,MEGAEXPO HLDG,-26.957,0,-20.24,,-64.54,,50.96,,20.98
660,伟俊矿业集团,-70,0,-20.63,,-41.97,,-25.67,,-17.69
3893,易纬集团,0,0,-20.86,,16.29,,0,,0
464,建福集团,-46.078,-38.16,-20.93,,-21.53,,2.68,,0
1315,允升国际,28.889,-18.76,1.09,-94.81%,21,-118.10%,-116,#DIV/0!,0
1173,威高国际,0,9.28,-21.98,,76.81,,121,,0
498,保华集团,0,714,-22.7,,-474,,332,,0
1215,开源控股,-32,0,-23.19,,-344,,-36.9,,87.05
1466,钱唐控股,-151.951,-129,-24.36,,-10.56,,16.53,,0
759,CEC 国际控股,-12,0,-25.32,,-6.87,,59.9,,46.56
943,意科控股,-0.747,0,-26.61,,-878000,,-19.96,,-6.14
2080,奥克斯国际,-16.627,-19.08,-27.12,,-27.03,,2.83,,0
747,渖阳公用发展股份,-100,0,-27.71,,12.03,,3.72,,45.22
2668,百德国际,0,0,-27.74,,-42.91,,-8,,0
736,中国置业投资,-0.209,-564,-27.96,,-95.79,,-7.26,,0
1470,滴达国际,-47.5,0,-28.12,,-11.49,,28.37,,0
1102,环能国际,-18.286,0,-28.94,,-77,,-78.31,,-89.79
3638,华邦金融,78.571,13.65,1.66,-95.80%,39.55,-1.30%,40.07,#DIV/0!,0
575,励晶太平洋,-1.755,0,-29.28,,-31.54,,-13.52,,-17.76
986,中国环保能源,-0.889,-340,-29.28,,-104,,-152,,0
149,中国农产品交易,-0.069,0,-29.51,,-583,,-226,,-60.08
616,高山企业,-0.528,54.61,-29.59,,-61.24,,35.12,,0
379,恒嘉融资租赁,0,0,-29.63,,96.84,,-106000,,50.55
988,楼东俊安资源,-0.302,0,-29.75,,-641,,-1115,,-64.37
844,广豪国际,-33.333,0,-29.76,,-8.12,,-1.92,,41.53
777,网龙,-47.267,0,-29.99,,-387,,-61.15,,252
954,常茂生物,10.857,0,1.22,-96.46%,34.44,-31.56%,50.32,11.65%,45.07
723,永保林业,0,21.68,-32,,-38.25,,-55.38,,0
361,顺龙控股,0,0,-32.21,,-144,,-91.07,,8.72
72,现代传播,0,0,-32.36,,12.2,,30.11,,50.31
577,十三集团,-3.502,-1570,-32.45,,-210,,25.94,,0
38,第一拖拉机股份,15.556,0,8.52,-96.49%,243,40.46%,173,3056.93%,5.48
159,布莱克万矿业,-2.547,0,-34.12,,-757,,-1604,,-212
2133,中国多金属,-1.254,0,-34.51,,-146,,-127,,21.2
544,大同集团,-28.667,0,-35.35,,-12.33,,-6.44,,-23.85
542,新岭域集团,-10,0,-35.77,,-465,,-59.06,,32.13
592,ＢOSSINI INT'L,1.816,0,9.76,-96.79%,304,130.30%,132,-14.84%,155
389,通天酒业,-3.019,0,-37.09,,-99.08,,13.43,,-763
901,鹰力投资,-6,0,-37.45,,-71.3,,-58.65,,-25.2
381,侨雄国际,-1.034,0,-37.7,,-40.27,,-66.94,,-40.16
475,中发展控股,-8.898,-23.1,-37.94,,-36.81,,-22.15,,0
1355,^F国际,-2.514,0,-38.39,,-94.43,,-114,,-40.6
647,JOYCE ＢOUTIQUE,-5.729,-58.49,-38.84,,-78.86,,44.04,,0
928,野马国际,-17.786,0,-38.96,,-34.34,,-45.3,,-111
1326,天马影视,-12.414,0,-39.91,,-73.81,,-227,,30.67
2212,高鹏矿业,-190,0,-42.4,,-10.91,,-1.46,,-12.46
724,瑞鑫国际集团,-8,0,-42.75,,-50.01,,-23.21,,-40.43
1255,港大零售,0,0,-42.93,,-37.31,,-16.36,,12.12
1367,恒宝企业控股,-509.091,0,-43.19,,-3.44,,-4.38,,-16.8
810,中国互联网投资,-1.083,0,-43.47,,-66,,-48.05,,-85.77
803,昌兴国际,-1.963,-828,-43.63,,-920,,-1156,,0
2312,中国金融租赁,-7.5,0,-45.37,,-37.66,,-34.15,,-34.87
646,中国环保科技,-3.333,0,-45.52,,-53,,-59.46,,-60.3
143,GLOＢAL TECH,-40,0,-45.85,,-25.3,,-23.37,,-15.97
510,时富金融服务集团,-9.583,0,-46.03,,-53.4,,11.76,,70.96
1180,汇彩控股,0,0,-46.77,,-352,,-149,,44.89
1231,新矿资源,-57.143,0,-47.2,,-544,,-45.64,,-45.81
862,远见控股,-46.111,0,-47.38,,-29.02,,-46.61,,-14.18
2339,京西国际,4.567,0,5.78,-96.96%,190,14.46%,166,-57.33%,389
567,大昌微线集团,0,-80.08,-47.93,,-56.94,,22.77,,0
689,长盈集团（控股）,-2.393,0,-48.42,,-30.99,,-277,,-381
706,美丽中国控股,-3.75,0,-48.7,,-46.97,,-59.39,,-50.15
343,文化传信,-8.229,-57.78,-49.84,,-61.2,,-117,,0
1395,强泰环保,0,0,-50.89,,18.52,,36.23,,22.14
1395,强泰环保,0,0,-50.89,,18.52,,36.23,,22.14
1395,强泰环保,0,0,-50.89,,18.52,,36.23,,22.14
1395,强泰环保,0,0,-50.89,,18.52,,36.23,,22.14
22,茂盛控股,9.111,713000,1.32,-97.11%,45.63,-0.72%,45.96,#DIV/0!,0
1340,惠生国际,0.649,0,2.07,-97.13%,72,-38.46%,117,12.50%,104
58,新威国际,1.721,0,-3.83,-97.86%,-179,-156.29%,318,-184.35%,-377
1483,誉宴集团,-152.143,0,-53.74,,-50.88,,-5.67,,27.23
2340,新昌管理集团,0,0,-53.75,,-34.95,,67.52,,56.1
130,慕诗国际,0,-21.62,-55.14,,-62.31,,6.64,,0
620,大唐西市,-66.129,0,-55.84,,-56.08,,-34.38,,0
1526,瑞慈医疗,0,0,-57.67,,90.38,,0,,0
265,东胜中国,0,0,-57.92,,-179,,-104000,,3.33
1130,中国环境资源,-3.421,0,-58.16,,-123,,-84.6,,-79.06
758,JUNEFIELD GROUP,-11.029,0,-58.98,,-51,,-73.55,,-82.4
1831,十方控股,-0.651,0,-59,,-44.46,,-159,,-253
903,冠捷科技,6.772,0,1.83,-98.54%,125,111.94%,58.98,-34.25%,89.71
875,中国金控,-10.75,0,-59.11,,-520,,-44.3,,-164
1387,人和商业,-1,0,-59.18,,47.55,,-5710,,-1458
595,AV CONCEPT HOLD,135,164,276,-99.96%,757000,-1175931.00%,-64.38,#DIV/0!,0
948,融达控股,575,28.75,1.78,-100.00%,629651,-1247427.65%,-50.48,#DIV/0!,0
1298,天美（控股）,111.034,0,1.48,-100.00%,902000,25195430.73%,3.58,11.18%,3.22
1013,伟俊集团控股,-16,-39.98,-61,,-61.71,,-34.34,,0
1833,银泰商业,68.377,0,0,-100.00%,1986,7.82%,1842,2.05%,1805
984,永旺,0,0,-63.21,,-10.61,,122,,306
426,万华媒体,0,-20.95,-63.83,,-11.85,,21.7,,0
938,民生国际,0,-87.05,-64.75,,104,,63.73,,0
105,凯联国际酒店,0,247,-65.93,,965,,1380,,0
1328,精英国际,0,0,-66,,-37.81,,27.62,,48.9
821,汇盈控股,-47.5,0,-66.78,,-56.74,,-12.54,,-8.08
458,联亚集团,0,0,-67.33,,-63.2,,-14.86,,234
895,东江环保,23.426,0,0,-100.00%,584,61.33%,362,19.47%,303
1133,哈尔滨电气,14.529,0,0,-100.00%,701,151.25%,279,-23.56%,365
108,国锐地产,-25.806,0,-67.63,,-34.68,,-18.41,,-8.15
209,瀛晟科学,-1.316,0,-67.83,,-224,,-130,,-120
617,百利保控股,166.316,0,0,-100.00%,560,91.78%,292,-54.94%,648
673,中国卫生控股,-2.31,-36.72,-69.08,,-78.31,,-68.23,,0
661,中国大冶有色金属,-1.015,0,-69.53,,-117,,-1453,,-158
151,中国旺旺,21.553,5193,0,-100.00%,4811,559.95%,729,-6.18%,777
1166,星凯控股,-6.962,0,-71.74,,-272,,-366,,-37.59
1178,共享经济集团,-1.056,0,-72.28,,-113,,-28.91,,0
174,盛洋投资,-1.886,0,-72.34,,-248,,-1133,,-145
433,北方矿业,-1.16,0,-73.16,,-330,,-819,,-233
340,中国矿业,-110,0,-74.09,,-23.14,,-86.58,,623
1991,大洋集团,-4.725,0,-74.1,,-73.02,,-159,,-221
21,大中华地产控股,0,0,-74.26,,-4.47,,-5.84,,-34.64
103,首长宝佳,0,0,-75.21,,5.94,,-378,,-275
266,天德地产,0,276,-76.06,,969,,1416,,0
769,中国稀土,-3.292,0,-77.53,,-94.5,,-263,,-103
2623,爱德新能源,-1.306,0,-78.27,,-85.15,,-260,,-74.63
280,景福集团,0,-19.17,-79.17,,-116,,-146,,0
122,鳄鱼恤,750,0,86.87,-100.02%,-566000,-1040349.95%,54.41,-50.08%,109
872,启迪国际,-4.36,0,-80.85,,-40.36,,-199,,-136
147,国际商业结算,-26.667,-61.09,-81.09,,-287,,-228,,0
1150,米兰站,-2.423,0,-81.29,,-74.07,,-47.79,,-53.44
550,先传媒,-19.872,0,-81.53,,-16.21,,-19.81,,120
3833,新疆新鑫矿业,-2.375,0,-82.55,,-259,,-1005,,25.59
472,新丝路文旅,0,0,-83.34,,-71.63,,-34.5,,-224
923,综合环保集团,-4.545,-60.88,-84.3,,-112,,-167,,0
391,美亚娱乐资讯,-20,-46.19,-84.41,,-73.51,,-40.27,,0
1182,胜龙国际,-1.615,-22.47,-85.12,,-132,,-38.37,,0
167,IDT INT'L,-5.8,0,-85.7,,-62,,-57.2,,0
812,西证国际证券,25.833,0,4.09,-102.45%,-167,-1390.57%,12.94,#DIV/0!,0
528,金达控股,8.22,0,-3.1,-103.35%,92.62,-43.52%,164,9.33%,150
860,奥立仕控股,-78.462,0,-88.14,,11.45,,-215,,-1147
674,文化地标投资,-1.226,-4.78,-88.35,,-133,,-472,,0
622,威华达控股,4.734,0,86.31,-107.59%,-1137,-231.60%,864,32.31%,653
2883,中海油田服务,25.874,0,1428,-112.56%,-11368,-796.57%,1632,-80.63%,8426
1195,京维集团,-5.571,0,-91.5,,-49.02,,18.67,,0
362,中国天化工,-2.703,0,-91.74,,-444,,-279,,-638
629,悦达矿业,-2.488,0,-92.87,,-55.16,,-195,,-303
1348,甏锔豢毓,0,-28.37,-93.44,,-72.77,,-517000,,0
713,世界（集团）,-9.31,0,-93.6,,-12.49,,-25.78,,-41.79
899,亚洲资源,-6.389,-128,-94.12,,-91.1,,-245,,0
244,先施,-0.389,-92.86,-94.99,,-183,,-126,,0
1003,欢喜传媒,-25.309,0,-95.16,,-1254,,-84.17,,-12.8
33,亚投金融集团,-6.545,0,-95.36,,-69,,-29.08,,-5.19
1000,北青传媒,0,0,-95.74,,-73.36,,-58.49,,-51.34
1389,美捷汇控股,36.667,9.59,-2.27,-123.70%,9.58,-67.36%,29.35,#DIV/0!,0
1327,时间由你,-0.248,0,-96.98,,-339,,129,,161
351,亚洲能源物流,-4.333,0,-97.4,,-433,,-344,,-242
1058,粤海制革,0,0,-98.88,,-39.97,,-38.89,,5.29
969,华联国际,0,0,-101,,-660,,-704,,-266
3344,互益集团,-0.216,0,-102,,-350,,-962,,-181
6899,联众,4.54,0,-36.6,-125.07%,146,5.04%,139,24.11%,112
196,宏华集团,-6.526,0,-103,,-610,,-42.6,,396
1468,英裘控股,-7.057,-543322,-103,,-93.35,,38.07,,0
491,汉传媒,-2.083,0,-104,,-16.6,,-80.65,,-64.43
375,YGM TRADING,0,-72.83,-105,,-113,,50.41,,0
515,达进东方照明,-0.58,0,-106,,-89.95,,-84,,-113
1143,华夏健康产业,0,0,-108,,-71.67,,-26.96,,-20.14
6133,维太移动,0,0,-108,,19.06,,217,,0
169,万达酒店发展,-63.846,0,-109,,405,,764,,-123
273,民信金控,9.059,0,217,-127.36%,-793,-427.69%,242,-67.47%,744
1046,寰宇国际金融,0,0,-112,,-168,,198,,-18.47
1046,寰宇国际金融,0,0,-112,,-168,,198,,-18.47
1046,寰宇国际金融,0,0,-112,,-168,,198,,-18.47
1046,寰宇国际金融,0,0,-112,,-168,,198,,-18.47
84,宝光实业,-1.923,-100,-115,,-94.94,,218,,0
1371,华彩控股,-3.714,0,-116,,-382,,-305,,490
2366,星美文化旅游,0,0,-119,,74.36,,55.58,,-568
707,协盛协丰,-65,0,-119,,31.09,,-5.01,,23.26
518,同得仕（集团）,-4.839,-42.35,-120,,-65.53,,191,,0
231,平安证券集团控股,-4.813,0,-121,,-33.35,,-274,,-723
1227,国盛投资,-0.076,0,-124,,-114,,-313,,-113
145,香港建屋贷款,-0.132,0,-125,,-139,,-779,,-193
1210,克莉丝汀,0,0,-125,,-119,,-146,,-136
1189,珀丽酒店,0,0,-128,,-92.53,,-120,,376
238,长兴国际,-5.625,0,-128,,-79.63,,-78.54,,-15.49
1450,世纪睿科,0,0,-130,,71.51,,65.92,,120
93,TERMＢRAY IND,-2.236,91.91,-130,,-407,,-149,,0
93,TERMＢRAY IND,-2.236,91.91,-130,,-407,,-149,,0
93,TERMＢRAY IND,-2.236,91.91,-130,,-407,,-149,,0
93,TERMＢRAY IND,-2.236,91.91,-130,,-407,,-149,,0
1072,东方电气,21,0,620,-131.06%,-1996,-619.79%,384,-71.04%,1326
712,卡姆丹克太阳能,-0.247,0,-131,,-1008,,-435,,-90.32
1357,美图公司,0,0,-134,,-652,,0,,0
235,中策集团,1.56,0,178,-134.36%,-518,-174.75%,693,81.89%,381
2178,百勤油服,-1.211,0,-138,,-417,,-344,,-398
582,蓝鼎国际（六万）,-54.086,0,-140,,-1315,,-1089,,-344
419,华谊腾讯娱乐,-4.933,0,-141,,-139,,-128,,26.3
1020,华耐控股,-1.509,0,-142,,-142,,-279,,-182
3889,大成糖业,-0.264,0,-143,,-254,,-747,,-1082
476,中国动力控股,-3.515,-272,-143,,-145,,-60.71,,0
1323,NEWTREE GROUP,-2.685,-27.35,-145,,-296,,-257,,0
861,神州控股,7.018,0,-47.82,-134.65%,138,-88.62%,1213,6.22%,1142
1515,华润凤凰医疗,35.514,0,560,-138.57%,-1452,-685.48%,248,-21.77%,317
630,隽泰控股,-5.833,0,-148,,-18.46,,-18.37,,-48.29
559,德泰新能源集团,-0.327,0,-150,,-557,,-30.36,,-85.57
3368,百盛集团,15.484,0,83.66,-141.42%,-202,113.82%,-94.47,-129.07%,325
3933,联邦制药,116.176,0,68.95,-144.48%,-155,-165.96%,235,-64.61%,664
631,三一国际,384.286,0,315,-144.49%,-708,-2078.76%,35.78,-79.55%,175
612,中国投资基金公司,-116.634,0,-155,,-123,,-92.7,,-35.6
444,SINCEREWATCH HK,-3.143,-58.35,-155,,-126,,49.24,,0
24,宝威控股,-10.769,0,-155,,-128,,-75.44,,48.53
65,弘海高新资源,0,0,-156,,-93.81,,-205,,-77.46
139,中国软实力,-0.385,0,-156,,-1215,,-1275,,0
1259,中国儿童护理,-2.356,0,-157,,-106,,-49.26,,215
146,TAI PING CARPET,0,0,-159,,871000,,36.18,,55.7
482,圣马丁国际,0,0,-167,,-92.74,,-97.94,,-256
1094,中国公共采购,-1.107,0,-171,,-202,,-1084,,-663
569,中国自动化,-9.836,0,-175,,-423,,-131,,79.42
399,领航医药生物科技,-2.781,-231,-178,,-241,,-457,,0
2882,香港资源控股,-3.333,0,-180,,-106,,-93.09,,-141
1616,银仕来控股,121.818,0,-29.26,-148.16%,60.76,147.70%,24.53,-13.63%,28.4
851,盛源控股,-48.8,0,-182,,-15.03,,-31.73,,-2.65
1856,依波路,-39.706,0,-183,,-143,,-6.75,,79.05
261,中建置地,0,0,-183,,-154,,-76,,-43
721,中国金融国际,-3.911,0,-184,,-491,,-1.61,,-216
1096,中能国际控股,-0.303,0,-184,,-229,,-477,,-119
1613,协同通信,-0.431,-540,-184,,-456,,86.33,,0
198,星美控股,82.258,0,-253,-151.32%,493,10.29%,447,10.10%,406
223,易生活控股,1.246,-144,-153,-155.84%,274,-326.45%,-121,#DIV/0!,0
30,万隆控股集团,-12,-184398,-189,,-41.43,,-118,,0
326,中国星集团,1.634,0,174,-156.49%,-308,-324.82%,137,-39.65%,227
6833,兴科蓉医药,0,0,-195,,25.57,,86.64,,0
578,融信资源,-0.155,0,-197,,-264,,-385,,-378
3773,年年卡,7.103,0,-19.73,-156.94%,34.65,-10.07%,38.53,#DIV/0!,0
1137,香港电视,-2.61,0,-204,,-257,,-812,,-237
276,蒙古能源,-0.381,-145,-205,,-553,,-6868,,0
6828,北京燃气蓝天,166.667,0,-59.84,-160.14%,99.5,5136.84%,1.9,-102.70%,-70.48
241,阿里健康,-285.357,-95.15,-207,,-197,,-104,,0
2309,伯明翰环球,-0.942,0,-207,,-60.03,,-7.88,,0
378,五龙动力,-0.371,-1029,-208,,-1971,,-1896,,0
162,世纪金花,22.917,143,-191,-163.67%,300,48.51%,202,#DIV/0!,0
1557,剑虹集团控股,14.887,-27.67,-33.46,-164.72%,51.7,#DIV/0!,0,#DIV/0!,0
500,先丰服务集团,-11.983,0,-221,,-199,,-116,,-134
1386,国投集团控股,-5.086,-146,-221,,-146,,-85.5,,0
678,云顶香港,-2.854,0,-227,,-496,,2114,,398
110,中国长远,0,0,-228,,-107,,-28.65,,-30.39
353,能源国际投资,-1.506,0,-232,,-248,,-635,,-911
48,中国汽车内饰,0,0,-233,,-134,,170,,32.22
910,中国三迪,5.056,252,-131,-166.84%,196,-154.90%,-357,#DIV/0!,0
3963,融众金融,0,-335,-237,,74.18,,0,,0
44,香港飞机工程,11.796,0,-89,-170.08%,127,-69.40%,415,-18.47%,509
228,中能控股,-0.563,0,-242,,-165,,-1284,,-40.24
2383,ＴＯＭ集团,-30.563,0,-246,,-218,,-143,,-5.35
526,利时集团控股,140,195,66.98,-179.74%,-84,-197.74%,85.94,#DIV/0!,0
947,摩比发展,6.794,0,-60.98,-184.74%,71.96,-26.99%,98.56,-7.89%,107
205,财讯传媒,-0.17,0,-255,,-11.4,,-202,,-119
1192,泰山石化,-1.538,0,-259,,1895,,-243,,3778
931,中国天然气,182.857,0,-136,-187.74%,155,-61.44%,402,14.53%,351
348,中国智能健康,-5.5,-195,-264,,-94.04,,16.96,,0
1432,中国圣牧,3.533,0,-832,-187.95%,946,-13.05%,1088,22.52%,888
1301,德基科技控股,14.286,0,24.74,-193.96%,-26.33,-156.24%,46.82,#DIV/0!,0
1369,五洲国际,-0.387,0,-281,,534,,-345,,843
1262,蜡笔小新食品,-1.676,0,-287,,-622,,-329,,30.68
432,盈大地产,-12.096,0,-288,,-357,,-88,,381
1039,鑫网易商,-1.454,0,-289,,-150,,-622,,0
2349,中国城市基础设施,0,0,-290,,-389,,-146,,122
1080,胜利管道,-1.576,0,-294,,-265,,-345,,-232
1159,集美国际娱乐,0,0,-298,,-50.56,,-23.03,,-17.74
985,网智金控,-2.063,-10.74,-305,,-68.16,,27.58,,0
827,玖源集团,-4.344,0,-308,,-277,,-65.42,,-448
260,幸福控股,-1.436,0,-310,,-264,,-267,,-58.8
801,金卫医疗,-3.024,-298,-312,,41.11,,289,,0
1004,中国智慧能源,-24.737,-34.53,-318,,-240,,-247,,0
232,中国航空工业国际,-1.831,0,-321,,-743,,191,,6.44
1188,正道集团,-3.5,0,-325,,-359,,-355,,-407
2700,格林国际控股,-1.49,0,-327,,-137,,-206,,-98.06
1082,香港教育国际,0,0,-330,,-145,,34.08,,-66.31
1224,中渝置地,3.346,0,303,-204.48%,-290,-108.72%,3324,34.09%,2479
164,中国宝力科技,-6.4,-302,-341,,-70.78,,-51.84,,0
1269,首控集团,-340,0,-343,,276,,-24.32,,5.01
313,裕田中国,-2.267,-382,-344,,-340,,-208,,0
91,标准资源控股,-0.106,0,-351,,-443,,-478,,-138
376,云锋金融,-22.115,0,-367,,-317,,-79.19,,759
227,第一上海,5.729,0,61.33,-209.32%,-56.1,-144.52%,126,-33.68%,190
360,新焦点,-11.724,0,-371,,-146,,-103,,-26.38
9,九号运通,-0.662,0,-376,,-219,,-681,,-174
675,坚宝国际,1000,0,9.15,-210.24%,-8.3,-100.00%,204936,1774237.66%,11.55
1218,永义国际,2.676,320,-220,-211.68%,197,-19.26%,244,#DIV/0!,0
893,中国铁钛,-0.248,0,-415,,-802,,-1010,,-501
282,壹传媒,-1.821,-485,-416,,-355,,217,,0
1919,中远海控,98.182,0,5664,-212.36%,-5041,-235.15%,3730,257.62%,1043
650,ＩＤＧ能源,-105.455,23.03,-434,,-3.78,,-235,,0
1680,澳门励骏,-31.667,0,-434,,-257,,-273,,474
1121,宝峰时尚,-16.897,0,-438,,-310,,-19.85,,-30.21
36,远东控股国际,7.397,0,81.77,-223.35%,-66.29,-188.81%,74.64,199.28%,24.94
1097,有线宽频,-0.821,0,-444,,-312,,-242,,-139
632,东方明珠石油,-0.227,0,-447,,-16.77,,-25.5,,-34.37
585,意马国际,-5.461,0,-449,,-408,,-81.24,,3.46
197,亨泰,-1.536,0,-452,,-265,,-71.77,,-681
508,鼎亿集团投资,-5.913,-200,-458,,-506,,-747,,0
745,中国国家文化产业,1.313,-407,-279,-241.62%,197,-240.71%,-140,#DIV/0!,0
80,中国新经济投资,0,0,-486,,73.05,,-204,,163
3983,中海石油化学,12.512,0,490,-248.48%,-330,-129.18%,1131,900.88%,113
983,瑞安建业,-0.937,0,-536,,-1362,,-1041,,-1345
547,数字王国,-8.75,0,-544,,-503,,-174,,30.55
1031,金利丰金融,20,1607,1782,-258.97%,-1121,12.78%,-994,#DIV/0!,0
263,高富集团控股,0,0,-566,,-991,,441,,151
891,利邦,-2.688,0,-579,,-421,,-118,,173
2324,首都创投,-0.279,0,-585,,-256,,1303,,0
1246,毅信控股,-11.875,-231,-590,,-200,,108,,0
402,天下图控股,-1.833,0,-610,,-582,,-91.45,,-323
913,合一投资,0,0,-613,,-402,,146,,268
651,中海重工,-0.902,0,-624,,-366,,-527,,-634
1400,宏太控股,0,0,-632,,-235,,-10.97,,113
1120,雅视光学,0,0,-658,,844,,-36,,-94.12
952,华富国际,51.765,0,-59.09,-260.88%,36.73,-8.95%,40.34,#DIV/0!,0
210,达芙妮国际,-1.652,0,-689,,-819,,-498,,262
1370,恒实矿业,32.787,0,-259,-263.92%,158,-160.31%,-262,-166.16%,396
729,五龙电动车,-9.167,-3163,-742,,-889,,-567,,0
221,易易壹金融,3.054,-166,-148,-278.66%,82.84,-63.02%,224,#DIV/0!,0
766,中盈集团控股,-0.618,-25.08,-769,,-195,,-560,,0
1101,华荣能源,-0.031,0,-812,,-1173,,-4989,,-6058
215,和记电讯香港,19.931,0,-1869,-301.40%,928,-35.10%,1430,5.30%,1358
2038,富智康集团,8.467,0,-496,-328.57%,217,-25.17%,290,8.21%,268
493,国美电器,9.529,0,-402,-349.69%,161,-88.21%,1366,3.17%,1324
397,君阳金融,-0.763,0,-922,,-916,,-185,,252
959,奥玛仕国际,-1.906,-50.52,-989,,-48.97,,-41.37,,0
1555,ＭＩ能源,-0.408,0,-1012,,-458,,-1705,,773
1185,中国航天万源,14.059,0,-238,-359.57%,91.69,22.50%,74.85,-20.61%,94.28
1141,天顺证券,-2.27,0,-1036,,-1931,,551,,0
809,大成生化科技,-0.144,0,-1049,,-2082,,-2265,,-3713
904,中绿,-0.02,0,-1055,,-1783,,-22.74,,-243
1393,恒鼎实业,-0.191,0,-1075,,-1000,,-2349,,-1354
372,德祥企业,1.643,-32.71,-1294,-396.79%,436,80.91%,241,#DIV/0!,0
897,位元堂,3.784,-115,-96.36,-431.48%,29.07,-75.78%,120,#DIV/0!,0
293,国泰航空,-83.288,0,-1449,,-525,,6664,,4435
1068,雨润食品,-0.667,0,-1641,,-1949,,-2530,,166
1059,看通集团,0,0,-1756,,-17.75,,12.87,,4.76
269,中国资源交通,-0.099,-1401,-1793,,-3869,,-1888,,0
757,阳光能源,20.167,0,252,-439.21%,-74.29,-148.56%,153,-10.53%,171
845,恒盛地产,-0.699,0,-2013,,-4850,,-3888,,-2636
479,华建控股,14.333,0,-61.05,-478.49%,16.13,-125.75%,-62.64,15.51%,-54.23
682,超大现代,-0.068,0,-3244,,-4068,,-6697,,-1879
474,昊天发展集团,0,-538,-3687,,723,,1846,,0
92,CHAMPION TECH,-106.25,0,-4805,,-38.7,,15.51,,5.3
1053,重庆钢铁股份,-0.726,0,-6777,,-5384,,-9285,,-2843
623,中视金桥,7.529,0,138,-544.44%,-31.05,-118.05%,172,-59.43%,424
1033,中石化油服,-1120,0,-10370,,-16095,,89.42,,610
1549,永丰集团控股,-35.833,0,-143000,,-3.04,,0,,0
188,新华汇富金融,-7,0,-647000,,-71.86,,11.63,,32.02
6888,英达公路再生科技,5.902,0,-272,-593.56%,55.11,-29.00%,77.62,18.47%,65.52
2319,蒙牛乳业,34.801,0,2625,-669.41%,-461,-115.21%,3030,13.74%,2664
3303,巨涛海洋石油服务,39.75,0,28.8,-855.91%,-3.81,-114.16%,26.9,-43.96%,48
3882,天彩控股,2.164,0,-470,-862.49%,61.64,-75.73%,254,#DIV/0!,0
133,招商局中国基金,4.751,0,169,-877.37%,-21.74,-137.32%,58.25,-70.73%,199
32,港通控股,8.034,0,705,-957.35%,-82.23,-152.38%,157,158.69%,60.69
763,中兴通讯,15.776,0,6719,-974.87%,-768,-117.84%,4304,21.65%,3538
172,金榜集团,2.667,-305,-1409,-1227.20%,125,6.84%,117,#DIV/0!,0
69,香格里拉（亚洲）,42.763,0,178,-1427.37%,-13.41,-108.76%,153,-32.00%,225
720,意达利控股,16.4,0,91.51,-1451.70%,-6.77,-118.12%,37.36,-14.99%,43.95
883,中国海洋石油,22.81,0,37050,-1636.07%,-2412,-113.82%,17456,-78.43%,80915
1278,中国新城镇,31.25,0,567,-1903.44%,-31.44,-161.19%,51.38,-107.68%,-669
2100,百奥家庭互动,12.273,0,-51.73,-2766.49%,1.94,-96.55%,56.3,-71.85%,200
496,卡森国际,19.884,0,-188,-2974.62%,6.54,-97.18%,232,93.33%,120
208,保利达资产,60,0,269,-5763.16%,-4.75,-96.65%,-142,-18.39%,-174
