code,name,pe,pb,eps,2014-12-31,2015-12-31,2016-12-31,2017-12-31
PRGO,Perrigo Co.,85.275148,1.741096,0.9150379999999999,0.0,0.0127,-0.6735,0.0194
SCHW,嘉信理财,29.559420000000003,4.314259,1.7889389999999998,0.0,0.108,0.0,0.1306
JNJ,强生,270.518307,5.474546,0.47726899999999994,0.0,0.0,0.0,0.0216
LRCX,拉姆研究,15.230135,4.27387,11.637454,0.0,0.0,0.0,0.0
APTV,Aptiv PLC,19.334041,7.357328,4.982921,0.4779,0.5617,0.4799,0.406
PPG,PPG工业,16.857585999999998,4.800711,6.252971,0.4101,0.2815,0.1821,0.2847
ADS,联合数据,15.523473999999998,6.240292,14.522523000000001,0.196,0.2779,0.3124,0.4253
DHI,霍顿房屋,14.202744000000001,1.9895200000000002,3.0430740000000003,0.0,0.0,0.0,0.0235
LEN,莱纳建筑公司,14.582586,1.4013200000000001,3.809338,0.0,0.0,0.0,0.0
SCG,斯卡纳公司,0.0,1.045668,-0.846153,0.1079,0.1371,0.1039,-0.0226
PHM,普得集团,17.621306,2.065295,1.754694,0.0986,0.1038,0.1294,0.1076
RL,拉夫劳伦,66.895641,3.149152,1.9926560000000002,0.0,0.0,0.0,0.0
AVGO,安华高科技,7.856769,2.804236,26.513443,0.0,0.0,0.0,0.0
BSX,波士顿科学,424.34315599999996,6.663523,0.080006,-0.0184,-0.0378,0.0515,0.0148
SJM,斯马克,9.417233,1.5968930000000001,11.785839999999999,0.0,0.0,0.0,0.0
PVH,PVH Corp,18.127307000000002,2.098573,8.357005000000001,0.0,0.0,0.0,0.0
IPGP,IPG光电,33.852926000000004,5.9937260000000006,7.07413,0.191,0.1919,0.1675,0.1721
ALGN,阿莱技术公司,115.1198,26.340488,3.2186470000000003,0.1939,0.1698,0.191,0.2009
BLL,波尔,31.087096999999996,3.3122809999999996,1.230414,0.4016,0.2403,0.0751,0.0939
NVDA,英伟达,40.375937,19.954624,6.2831980000000005,0.0,0.0,0.0,0.0
XRAY,登士柏国际,0.0,1.552934,-6.659249000000001,0.1391,0.1073,0.053,-0.2339
FLS,福斯,0.0,3.262247,-0.009811,0.2673,0.1587,0.0831,0.0026
AMAT,应用材料,15.720123999999998,6.770897,3.008882,0.0,0.0,0.0,0.0
ALB,美国雅宝公司,78.98773299999999,2.826273,1.227659,0.1081,0.1059,0.1727,0.0261
EMN,伊士曼化工,10.390903999999999,2.591541,9.687319,0.2109,0.2124,0.1864,0.2533
GLW,康宁,0.0,2.0009810000000003,-1.454708,0.1142,0.071,0.2057,-0.0315
ETFC,亿创,23.907084,2.601872,2.557401,0.0545,0.0462,0.088,0.0886
DWDP,陶氏杜邦,102.430004,1.5369540000000002,0.654691,0.163,0.2973,0.1617,0.0156
SWKS,思佳讯,21.336169,4.548959,4.7660849999999995,0.0,0.0,0.0,0.0
FBHS,Fortune Brands Home & Security,18.238501,3.478419,3.0802970000000003,0.0703,0.1284,0.1748,0.1819
BWA,博格华纳,20.110739000000002,2.453614,2.270926,0.1864,0.1779,0.0485,0.1262
CBRE,世邦魏理仕,23.826656,3.784955,2.0846400000000003,0.2234,0.2026,0.191,0.1711
SHW,宣伟公司,22.135448999999998,10.702103999999999,19.171059,0.8695,1.2143,0.6033,0.48
MNST,怪物饮料,40.947379999999995,9.026181,1.51829,0.3188,0.1137,0.2141,0.2108
LYB,利安德巴塞尔,8.072204,4.345293,13.392872,0.4995,0.6806,0.6318,0.5449
AMD,AMD,102.873385,22.871095,0.16398800000000002,0.0,0.0,-1.1947,0.0
TRIP,旅行顾问,0.0,5.967666,-0.189903,0.2009,0.1402,0.0799,-0.0139
EW,爱德华兹,56.088136999999996,9.689202,2.660099,0.3702,0.1978,0.2176,0.1976
MOS,美国美盛,0.0,1.049159,-0.192374,0.0961,0.1048,0.0313,-0.0108
QRVO,"Qorvo, Inc.",0.0,2.175267,-0.317363,0.0,0.0,0.0,0.0
PEP,百事可乐,35.470739,16.069357,3.2387259999999998,0.0,0.0,0.5696,0.0
EXPE,Expedia,59.576427,4.609662,2.1617610000000003,0.152,0.1294,0.0458,0.0603
PGR,美国前进保险公司,18.322967000000002,3.519391,3.241833,0.1849,0.1678,0.1252,0.1632
KLAC,科磊,23.353166,12.025762,4.534289,0.0,0.0,0.0,-0.1093
ABT,雅培,237.169079,3.5064870000000004,0.26479,0.1056,0.2074,0.0676,0.0153
MTD,梅特勒-托利多,39.729951,26.482090999999997,14.719373999999998,0.4694,0.6086,0.8828,0.6874
MAS,马斯科,22.180127,-165.163869,1.7267709999999998,0.8005,6.7931,-5.1845,3.2955
JCI,江森自控,15.691737,1.560657,2.250229,0.0,0.0,0.0,0.0125
SYK,史赛克,64.68235200000001,7.142850999999999,2.72269,0.0599,0.1691,0.1725,0.1022
KR,克罗格,4.604876,3.248425,6.171719,0.0,0.0,0.0,0.0
HCA,HCA控股,14.26944,-6.0646260000000005,7.597355,-0.3652,-0.4459,-0.6093,-0.5491
ROST,罗斯百货有限公司,22.361399,10.391803999999999,3.863354,0.0,0.0,0.0,0.0
ORLY,奥莱利,21.298297,55.950644,13.592635999999999,0.3855,0.4748,0.638,1.7366
FTV,Fortive Corporation,24.396665,6.613836,3.179533,0.1687,0.1667,0.324,0.2744
MU,美光科技,5.313461,2.3059380000000003,10.719942999999999,0.0,0.0,0.0,0.0
PFG,信安金融,6.723714,1.289183,8.159182000000001,0.1143,0.1324,0.1311,0.1785
AVY,艾利,31.235715999999996,8.440366000000001,3.344889,0.0,0.0,0.3467,0.0
DHR,丹纳赫,27.179824,2.558445,3.6637470000000003,0.1108,0.1413,0.1107,0.0945
BBY,百思买,22.147036,6.2544580000000005,3.456896,0.0,0.0,0.0,0.0
CPB,康宝浓汤,25.62969,8.813799000000001,1.60595,0.0,0.0,0.0,0.0
HON,霍尼韦尔,63.193096,6.303587,2.349782,0.2405,0.2591,0.2479,0.0973
ADBE,Adobe,58.682306999999994,14.529155,4.401838,0.0,0.0,0.0,0.0
GPS,盖璞,13.462659,3.623816,2.220958,0.0,0.0,0.0,0.0
ZTS,Zoetis Inc.,42.785694,21.17405,2.004642,0.439,0.3107,0.5464,0.4826
EA,电子艺界,43.923229,9.908833999999999,3.386363,0.0,0.0,0.0,-0.0455
INFO,IHS Markit Ltd. Common Shares,34.545364,2.66636,1.529583,0.0,0.0,0.0,0.0
COO,库珀医疗,92.268699,3.7902839999999998,2.6668849999999997,0.0,0.0,0.0,0.0
GOOGL,谷歌A,50.630956,5.238882,23.959255,0.1361,0.1359,0.1401,0.083
HRS,哈里斯公司,28.606571000000002,5.739258,5.30088,0.0,0.0,0.0,0.0
ALXN,亚力兄制药,58.188123,3.3304169999999997,2.344121,0.199,0.0174,0.0459,0.0498
UTX,联合技术,23.104609,3.424896,5.657312999999999,0.2025,0.2751,0.1842,0.1559
FB,Facebook,34.168301,7.831009,6.145755,0.0814,0.0834,0.1726,0.2143
CDNS,铿腾电子,59.789595999999996,11.268363,0.763678,0.0,0.0,0.2736,0.0
WAT,沃特世,551.379787,7.260871000000001,0.35549000000000003,0.228,0.2278,0.2268,0.0091
WYND,Wyndham Destinations...,5.820824,7.130886,7.940457,0.4208,0.6422,0.8524,0.9875
MHK,Mohawk Industries Inc,17.044164000000002,2.280981,13.164036999999999,0.1203,0.1264,0.1608,0.1374
CMA,联信银行,19.459329,1.9742240000000002,4.7206150000000004,0.0801,0.0689,0.0612,0.0933
ZION,锡安银行,16.295192999999998,1.477666,3.256175,0.054,0.0412,0.0614,0.0771
DE,迪尔股份有限公司,24.363194,4.298749,5.664282,0.0,0.0,0.0,0.0
IFF,国际香料香精,33.066873,5.742122,3.9008830000000003,0.2725,0.2627,0.2483,0.1753
GOOG,谷歌,50.034944,5.177212,23.959255,0.1361,0.1359,0.1401,0.083
IP,国际纸业,8.234515,3.036099,6.450896,0.1018,0.2346,0.2069,0.3278
VAR,瓦里安医疗系统,76.418126,7.311177000000001,1.518357,0.0,0.0,0.0,0.0
VRSN,威瑞信,31.192140999999996,-14.931928,4.8021709999999995,-0.402,-0.3505,-0.3672,-0.3627
HLT,希尔顿酒店,19.062417,13.980941,4.252871,0.1447,0.2379,0.0622,0.6092
MDLZ,亿滋,19.928531,2.38837,2.14918,0.079,0.2595,0.0662,0.1121
AKAM,阿克迈,67.925196,3.962093,1.157597,0.1134,0.1029,0.098,0.0658
FLIR,菲利尔系统,70.960146,4.092880999999999,0.750844,0.1242,0.1467,0.0995,0.0583
TIF,蒂芙尼,39.842835,5.128575,3.3709949999999997,0.0,0.0,0.0,0.0
NEM,纽曼矿业,422.93995599999994,1.863545,0.087341,0.036,0.0056,-0.1008,-0.0075
GM,通用汽车,0.0,1.644993,-3.6484,0.1115,0.2384,0.2103,-0.1072
FMC,FMC Corp.,12.723596,3.9521949999999997,6.896635000000001,0.2059,0.2615,0.1064,0.1987
TEL,泰科电子,24.711617,3.4105309999999998,3.736704,0.0,0.0,0.0,0.0
CAG,康尼格拉,18.041603,3.757346,2.0014849999999997,0.0,0.0,0.0,0.0
AMZN,亚马逊,225.78828700000003,28.437353,8.166633000000001,-0.0224,0.0445,0.1229,0.1095
TJX,The TJX Companies Inc.,21.855071,11.440964,4.4063,0.0,0.0,0.0,0.0
ADM,阿彻丹尼尔斯米德兰公司,16.383604000000002,1.4245290000000002,2.912668,0.1148,0.103,0.0749,0.0872
KO,可口可乐,134.206493,9.819002000000001,0.337167,0.2331,0.2859,0.2821,0.0676
CF,CF实业,22.47522,2.774474,1.901205,0.3142,0.1673,-0.0243,0.0673
ILMN,Illumina,78.859147,14.929198999999999,3.8738690000000005,0.0,0.0,0.0,0.2284
PKI,珀金,29.983507,3.3065809999999995,2.5470669999999997,0.0,0.0,0.0,0.1171
MA,万事达,50.506821,37.777363,4.085983000000001,0.53,0.6282,0.7141,0.7031
HD,家得宝,26.009985,137.508963,7.7316460000000005,0.0,0.0,0.0,0.0
CBOE,芝加哥期权交易所,22.900343,3.715664,4.5798440000000005,0.76,0.7885,0.5619,0.1285
ISRG,直觉外科公司,76.54692800000001,10.795093,6.8426,0.124,0.1363,0.1274,0.1396
RJF,瑞杰金融,18.611813,2.257243,5.105897,0.0,0.0,0.0,0.0205
TXN,德州仪器,28.447991,10.682501,4.0705860000000005,0.2715,0.3002,0.3433,0.3562
TMO,赛默飞世尔,37.259873999999996,3.250251,5.664002,0.0922,0.0925,0.0939,0.0876
BDX,碧迪医疗,0.0,3.129988,-0.48732299999999995,0.0,0.0,0.0,-0.0064
ALLE,Allegion PLC,27.469022999999996,16.676202,2.915284,9.3514,5.1852,1.9914,0.684
ANSS,安西斯,54.51147099999999,6.304337,3.3137980000000002,0.115,0.1153,0.1205,0.1153
IR,英格索兰,17.684107,3.1829560000000003,5.139643,0.1572,0.1162,0.2222,0.182
AZO,汽车地带,14.046335999999998,-13.589632,49.830788,0.0,0.0,0.0,0.0
PCAR,帕卡,11.857793,2.595687,5.330672,0.2012,0.2311,0.077,0.2081
KMB,金伯利,20.76954,117.328286,5.126257,1.5966,26.65,18.9658,2.6293
GPC,Genuine Parts Co,21.831106,3.9371669999999996,4.3140279999999995,0.2147,0.2235,0.2142,0.1781
ZBH,Zimmer Biomet Holdings Inc,13.615089000000001,1.927269,8.355435,0.1097,0.0148,0.0315,0.1545
BAX,百特国际,48.55867,4.399118,1.539375,0.3062,0.1092,0.5996,0.0787
SIG,西格内特珠宝,0.0,1.832777,-1.7957040000000002,0.0,0.0,0.0,0.0
MCHP,微芯科技,86.676451,6.823086,1.0966069999999999,0.0,0.0,0.0,-0.0788
HOLX,上巨实业医疗,0.0,4.632791,-0.48028000000000004,0.0,0.0,0.0,0.0
ROK,罗克韦尔自动化,52.432635999999995,10.918633,3.228905,0.0,0.0,0.0,-0.1095
RRC,Range Resources,19.077179,0.68002,0.854424,0.1834,-0.2587,-0.0963,0.0577
MSFT,微软,71.024964,10.273158,1.491729,0.0,0.0,0.0,-0.0804
GRMN,佳明,20.524998999999998,3.021302,3.1210720000000003,0.0,0.0,0.1495,0.0
PDCO,帕特森,10.467148,1.4400680000000001,2.173467,0.0,0.0,0.0,0.0
ITW,伊利诺伊机械,27.167907,11.664056,5.270925,0.4317,0.3632,0.4778,0.3676
LKQ,LKQ Corporation,18.896365,2.365744,1.781295,0.1404,0.1358,0.1348,0.126
QCOM,高通,0.0,3.666874,-3.0844709999999997,0.0,0.0,0.0,0.0
BHGE,贝克休斯,0.0,0.9536680000000001,-0.298473,0.0,-0.0017,-0.0046,-0.009
DXC,DXC Technology Company,14.082149,1.821982,6.1453690000000005,0.0,0.0,0.0,0.059
NUE,纽柯钢铁,15.756657,2.290034,4.1011239999999995,0.0965,0.0246,0.109,0.152
CTSH,高知特,33.076747999999995,4.4118379999999995,2.501455,0.1859,0.175,0.1448,0.141
INTU,财捷,47.070039,23.496714,4.5991040000000005,0.0,0.0,0.0,0.0
RHT,红帽,88.138616,18.28063,1.6744080000000001,0.0,0.0,0.0,0.0
DAL,达美航空,10.609653,2.743964,4.820139,0.0748,0.4171,0.3559,0.2572
PYPL,PayPal,55.30743399999999,7.183847999999999,1.601593,0.0508,0.0893,0.0952,0.1122
FAST,美国快克公司,23.608416000000002,7.209153,2.369494,0.258,0.2865,0.2581,0.2761
HBI,哈尼斯品牌服装,111.101037,11.265165,0.19855799999999998,0.0,0.0,0.4404,0.0
CTAS,信达思,28.279184000000004,7.163657000000001,6.869364,0.0,0.0,0.0,0.0
ORCL,甲骨文,52.684201,4.257501,0.9281719999999999,0.0,0.0,0.0,0.0
MSI,摩托罗拉解决方案,0.0,-12.775716000000001,-0.6955359999999999,0.47,-6.3854,-0.5903,0.0874
ATVI,动视暴雪,179.064789,6.27554,0.452071,0.1154,0.1106,0.1059,0.0289
RHI,罗伯特哈夫,27.031452,7.373546000000001,2.50375,0.3122,0.3566,0.3155,0.2633
SWK,美国史丹利公司,20.292445,2.723479,6.687711,0.0,0.0,0.1514,0.0
CMI,康明斯,24.254761,3.0188,5.602199,0.2145,0.1897,0.203,0.1218
EL,雅诗兰黛,45.500563,11.07895,3.125236,0.0,0.0,0.0,0.0272
HSY,好时,19.640518,20.140368,4.763622,0.5572,0.49,0.8696,0.8122
ALL,好事达,10.092783,1.5796379999999999,9.339347,0.1278,0.1084,0.0912,0.1414
V,Visa,35.252657,9.970036,3.9611199999999998,0.0,0.0,0.0,0.0755
JEC,雅各布工程,35.245583,1.5763770000000001,1.872575,0.0,0.0,0.0,0.0
SYY,西思科公司,29.041271000000002,15.74789,2.447207,0.0,0.0,0.0,0.0
HSIC,亨利香恩服务,28.556558000000003,3.963172,2.614811,0.0,0.0,0.1631,0.0
NCLH,挪威邮轮,13.538257999999999,1.895432,3.513746,0.0975,0.1129,0.1395,0.1322
GPN,环汇有限公司,35.934551,4.7617910000000006,3.282078,0.0,0.0,0.1008,0.1246
MKC,味好美,18.732402,5.176129,6.37505,0.0,0.0,0.0,0.0
SYF,Synchrony Financial,12.35483,1.7254880000000001,2.6564509999999997,0.2013,0.1757,0.1586,0.1359
IDXX,IDEXX实验室,74.02863599999999,-422.733608,3.2391520000000003,1.5424,-2.2859,-2.0556,-4.8847
XLNX,赛灵思,33.246478,7.377403999999999,2.052849,0.0,0.0,0.0,0.0
BAC,美国银行,15.590979,1.259696,1.9248310000000002,0.0227,0.0621,0.067,0.0682
ECL,艺康集团,27.684221,5.455356,5.1914050000000005,0.1655,0.1457,0.1789,0.1979
TPR,Tapestry Inc.,39.860443,4.346616,1.188898,0.0,0.0,0.0,0.0
DFS,发现金融,12.214283,2.407089,5.821054,0.2086,0.2037,0.2113,0.1927
VRTX,福泰制药,206.98646499999998,19.378745000000002,0.882135,-0.6779,-0.5375,-0.0628,0.0449
TSS,Total System Services,26.384586,6.820760000000001,3.395543,0.1911,0.1971,0.1535,0.2512
KORS,迈克高仕,17.410088000000002,5.031758,3.886827,0.0,0.0,0.0,0.0
DLTR,"Dollar Tree, Inc.",12.272997,2.803578,7.066733999999999,0.0,0.0,0.0,0.0
RF,地区金融,15.633059,1.316785,1.128378,0.068,0.063,0.0698,0.078
CELG,新基公司,23.157283,12.031400999999999,3.707257,0.3065,0.2707,0.3029,0.4248
PFE,辉瑞,10.323135,3.1389240000000003,3.6471480000000005,0.128,0.1075,0.1211,0.298
WBA,Walgreens Boots Alliance,15.283616,2.3482830000000003,4.294141000000001,0.0,0.0,0.0,0.0
D,道明尼资源,15.701235,2.659082,4.48245,0.1109,0.0,0.1314,0.0
WDC,西部数据,110.37688100000001,2.091781,0.715639,0.0,0.0,0.0,0.0
NTAP,美国网存,290.6743,10.507356,0.283582,0.0,0.0,0.0,0.0
KEY,KeyCorp,16.059048,1.530065,1.24914,0.086,0.0855,0.0518,0.0864
BBT,BB&T银行,15.918726000000001,1.52668,3.266593,0.0905,0.0777,0.0816,0.0813
CSX,CSX运输,10.07002,3.923201,6.399193,0.0,0.0,0.0,0.3716
PAYX,沛齐,27.091299,12.494512,2.600835,0.0,0.0,0.0,0.0
LEG,礼恩派,21.717556,5.000952,2.097842,0.0874,0.2996,0.3528,0.246
SNPS,新思科技,143.516887,4.215037000000001,0.641806,0.0,0.0,0.0,0.0
GWW,美国固安捷,27.184656,9.648156,11.218093,0.2473,0.3336,0.3321,0.3403
SBUX,星巴克,16.639302,15.020885999999999,3.08186,0.0,0.0,0.0,0.3907
KIM,金科,16.189668,1.301044,1.025963,0.0873,0.1708,0.0703,0.0795
PH,汉尼汾,21.121903,3.5955779999999997,7.5158949999999995,0.0,0.0,0.0,0.0102
KHC,卡夫亨氏,6.9200479999999995,1.160319,9.111208,0.0,0.0,0.0633,0.0
LNC,林肯国民,7.1037740000000005,0.8856360000000001,9.112058,0.0963,0.0847,0.0823,0.12
BK,纽约梅隆银行,13.444341,1.430552,4.020279,0.0685,0.0827,0.0896,0.0985
WU,西联汇款,0.0,-25.010226,-1.063609,0.6554,0.5964,0.2805,1.1344
MDT,美敦力,38.589905,2.352965,2.287904,0.0,0.0,0.0,0.0
TSCO,Tractor Supply Company,23.054904,7.334662,3.423133,0.0,0.0,0.3008,0.0
ALK,阿拉斯加航空集团有限公司,8.055769999999999,2.214916,7.67152,0.2844,0.3517,0.2777,0.2779
ADI,亚德诺,34.351215,3.442905,2.860452,0.0,0.0,0.0,0.0
CAT,卡特彼勒,37.236528,5.46356,3.731551,0.1467,0.1695,-0.0045,0.0551
PG,宝洁,20.714807,3.7726300000000004,3.8634199999999996,0.0,0.0,0.0,0.0468
WMT,沃尔玛,29.251452,3.4444480000000004,3.014893,0.0,0.0,0.0,0.0
FLR,福陆,59.807416,2.2704619999999998,0.8090970000000001,0.201,0.1526,0.1008,0.0756
LOW,劳氏,21.844891,14.241851,4.589174,0.0,0.0,0.0,0.0
AOS,A.O.史密斯,33.47979,5.994583,1.787347,0.1506,0.1963,0.2158,0.1795
ETN,伊顿,11.34318,1.9713080000000003,6.8605100000000006,0.1138,0.1296,0.128,0.1727
GIS,通用磨坊,11.971782000000001,4.2736089999999995,3.694521,0.0,0.0,0.0,0.0
CLX,高乐氏,21.628196,20.891478,6.242776999999999,0.0,0.0,0.0,0.3066
MCD,麦当劳,23.892188,-26.581353000000004,6.686286,0.3702,0.639,-2.1266,-1.5887
FFIV,F5网络,25.7134,8.80636,6.873848,0.0,0.0,0.0,0.0721
VMC,火神材料,26.895694,3.32669,4.59739,0.0491,0.0496,0.0916,0.1209
NDAQ,纳斯达克OMX交易所,21.161899,2.754571,4.46321,0.0713,0.0761,0.0199,0.1247
FIS,繁德信息技术,26.073404999999998,3.417066,4.1551919999999996,0.1056,0.0692,0.0599,0.1235
XYL,赛莱默,34.415893,4.8007349999999995,1.97002,0.1584,0.1631,0.1178,0.131
DOV,美国都福集团,15.036223000000001,2.593143,4.956697,0.2094,0.2387,0.1339,0.1853
MS,摩根士丹利,13.670391,1.25243,3.597556,0.0509,0.0824,0.0793,0.0792
SEE,希悦尔,12.772705,-18.876978,3.345415,0.2218,0.6357,0.7967,5.3618
LLY,礼来,83.512971,6.293257,1.0725280000000001,0.1554,0.165,0.1944,-0.0175
ICE,洲际交易所,17.922583,2.57954,4.2187,0.0809,0.0871,0.0918,0.15
BIIB,生化基因,25.312679,5.329814,14.023801999999998,0.2721,0.3833,0.3047,0.2119
CL,高露洁,27.601201,-229.676096,2.3752590000000002,1.6888,-35.1818,152.1176,8.9465
KMX,车美仕,20.266673,4.052805,3.8324,0.0,0.0,0.0,0.0
APH,安诺电子,39.230103,6.85526,2.2689209999999997,0.2434,0.2355,0.2237,0.1635
SPGI,标普全球,34.085735,7631.981,6.23692,-0.0096,1.0903,1.251,0.7734
BKNG,Booking Holdings,39.756959,9.196792,51.073322,0.2827,0.2901,0.2174,0.2079
TDG,TransDigm,28.184608,-8.238706,12.875113,0.0,0.0,0.0,0.0
CNC,Centene Corp,22.509094,3.661956,5.9491510000000005,0.1396,0.1536,0.0927,0.1175
A,安捷伦科技,85.476341,4.3723790000000005,0.737514,0.0,0.0,0.0,0.0
AMP,阿莫斯莱斯金融,12.974346,3.5400419999999997,11.018667,0.2149,0.2013,0.2088,0.2467
PM,菲利普莫里斯,21.345832,-10.362739,3.856959,-0.6836,-0.6128,-0.6651,-0.6198
UAL,联合大陆航空,10.027379,2.415429,7.242172,0.4725,0.8186,0.2613,0.242
MAT,美国美泰公司,0.0,5.728557,-3.640827,0.1692,0.1401,0.1321,-0.8385
MMM,3M,29.166024,10.928979,6.928267,0.3803,0.4221,0.489,0.4189
CME,芝加哥商品交易所,13.43569,2.5272900000000003,12.579927,0.0539,0.0607,0.0754,0.1813
TRV,旅行者财产险集团,16.827643,1.514729,7.653478,0.1487,0.1457,0.1298,0.0866
CHRW,罗宾逊物流,23.423807,8.224866,3.744054,0.4298,0.4435,0.4078,0.3541
OKE,欧尼克（万欧卡）,45.866982,4.3141419999999995,1.533347,0.1655,0.1006,0.2167,0.1045
AXP,美国运通,28.994613,4.4371410000000004,3.488579,0.2847,0.2497,0.2638,0.1501
WRK,Westrock Company,7.7446850000000005,1.257595,7.397330999999999,0.0,0.0,0.0,0.0995
AAP,Advance Auto Parts Inc,20.556557,2.9281189999999997,6.8241,0.0,0.0,0.1578,0.0
VRSK,Verisk Analytics,32.021173,8.510739,3.5129879999999996,1.8957,0.3703,0.4437,0.2883
GD,通用动力,19.424665,4.851832,9.900814,0.2141,0.2827,0.2497,0.2547
FDX,联邦快递,13.751707000000001,3.16587,16.808823,0.0,0.0,0.0,0.0
NEE,新纪元能源,9.730171,2.4534700000000003,17.493011,0.1224,0.1195,0.1186,0.1804
PNC,PNC金融,12.204927,1.530563,11.592039999999999,0.0913,0.0901,0.0851,0.1132
APD,空气化工,29.950839000000002,3.235866,5.215212999999999,0.0,0.0,0.0,0.0157
MGM,美高梅,9.133098,2.360611,3.421621,0.0166,-0.1338,0.1234,0.1787
KSS,科尔士百货,13.614146,2.212872,5.210022,0.0,0.0,0.0,0.0
ANDV,Andeavor,11.685194000000001,2.126866,11.604428,0.1273,0.2183,0.1058,0.1255
MPC,马拉松石油,10.566067,2.209548,6.785874000000001,0.2243,0.1458,0.0572,0.1743
UPS,联合包裹,18.966163,71.21109100000001,5.856219,1.405,1.9446,7.9977,4.767
RMD,ResMed Inc,50.61918,7.553456,2.160841,0.0,0.0,0.0,0.0047
AFL,美国家庭寿险,7.161621,1.368746,5.995849,0.1608,0.143,0.1298,0.1872
NRG,NRG能源,0.0,-75.831176,-5.398618,0.011,-1.1164,-0.1984,-1.1422
MO,奥驰亚,10.261764999999999,7.05773,5.588707,1.665,1.8017,1.1119,0.6633
FISV,费哲金融服务,22.694187,10.632126,3.399549,0.2288,0.2677,0.366,0.4562
EVHC,"Envision Healthcare Holdings, Inc.",38.707507,0.840404,1.15869,0.1074,0.1296,0.0272,-0.0035
HIG,哈特福德金融,0.0,1.4513040000000001,-7.956583,0.0426,0.0953,0.053,-0.232
JBHT,JB Hunt运输服务,17.701811,6.866422999999999,6.867094,0.3112,0.3285,0.3055,0.373
BMY,施贵宝,98.471882,7.235513,0.575088,0.1354,0.1131,0.2757,0.0823
SBAC,SBA Communications Corporation,198.41765800000002,-7.284789,0.8249770000000001,0.0368,0.1032,-0.0382,-0.04
PKG,Packaging Corp of America,15.644571,4.718558,7.329699000000001,0.2584,0.2676,0.2557,0.3065
AJG,亚瑟加拉格尔有限公司,24.885633,2.813672,2.800411,0.0989,0.1055,0.1217,0.1198
CCL,嘉年华邮轮,14.902853,1.735641,3.9314620000000002,0.0,0.0,0.0,0.0
RTN,雷神,26.993625,5.61873,7.418048,0.2323,0.1972,0.2087,0.191
STI,太阳信托银行,14.027785999999999,1.446572,4.912393,0.0776,0.0829,0.0799,0.0907
FE,第一能源公司,0.0,2.39744,-1.797316,0.0241,0.0465,-0.9897,-0.4392
URI,联合租赁,9.064601,4.16097,16.791693,0.3007,0.3963,0.3434,0.4334
BHF,Brighthouse Financial Inc,0.0,0.363333,-0.801516,0.0661,0.0665,-0.1978,-0.0259
AMT,美国电塔,53.72914399999999,9.912979,2.64605,0.1981,0.1001,0.1202,0.154
AME,阿美特克,23.305613,4.030769,3.140016,0.1802,0.1816,0.1572,0.1691
AAPL,苹果,18.310670000000002,7.416598,10.455652,0.0,0.0,0.0,0.0
AON,怡安保险,24.004684,6.720263,6.0663160000000005,0.2158,0.2347,0.2585,0.2717
DG,美国达乐公司,16.608376,4.26457,5.984932,0.0,0.0,0.0,0.0
NOC,诺斯罗普格鲁曼,26.600016999999998,7.293253999999999,12.07518,0.286,0.3604,0.4183,0.2859
CCI,冠城,124.2298,3.5841190000000003,0.892459,0.0592,0.215,0.0472,0.0361
AAL,美国航空,10.263299,-17.190123999999997,3.6421040000000002,1.426,1.3505,0.707,0.4888
STT,道富银行,16.12815,1.778232,5.794217,0.0948,0.0937,0.1009,0.0975
NTRS,北方信托公司,19.408487,2.546081,5.448132,0.0961,0.1119,0.1056,0.1174
LUV,西南航空,8.812135000000001,3.207935,6.0393989999999995,0.1677,0.2964,0.2658,0.3344
FTI,FMC Technologies Inc,62.870514,1.0525149999999999,0.48766899999999996,0.101,0.0028,0.0736,0.01
ACN,埃森哲,26.406528,10.99183,6.364714,0.0,0.0,0.0,0.0
JNPR,瞻博网络,44.912490000000005,2.254914,0.621876,-0.0679,0.1386,0.1195,0.0654
RCL,皇家加勒比邮轮,14.385622,2.174787,7.6013399999999995,0.0922,0.0826,0.1407,0.1518
EMR,艾默生电气,24.762356,5.155283,2.805872,0.0,0.0,0.0,0.047
ADSK,欧特克,0.0,-232.709588,-2.370273,0.0,0.0,0.0,0.0
LNT,美国联合能源,20.692942000000002,2.345726,2.072204,0.1052,0.0963,0.0913,0.1043
DLR,Digital Realty Trust Inc,116.04174499999999,2.651636,0.9990370000000001,0.0519,0.0666,0.0842,0.0231
UHS,Universal Health Services Inc Cl,14.188294,2.080621,8.103159,0.1501,0.165,0.1621,0.1524
MTB,美国制商银行,19.072478,1.69028,8.834719999999999,0.0864,0.0668,0.0798,0.0866
HAL,哈里伯顿,0.0,4.718649,-0.442704,0.2148,-0.043,-0.6106,-0.0561
IT,加特纳,0.0,12.93162,-0.6179899999999999,1.1429,-1.3333,3.1867,0.0033
BA,波音,23.451709,170.140342,15.217654000000001,0.6196,0.8091,5.5815,19.8956
M,梅西百货,7.043365,1.9510669999999999,5.263109,0.0,0.0,0.0,0.0
EBAY,eBay,0.0,4.947645,-1.507595,0.0023,0.2623,0.6894,-0.126
PNR,滨特尔,11.478922,1.631281,3.759935,0.0461,-0.0191,0.1227,0.1324
ARNC,美国铝业Arconic,0.0,1.782024,-0.680172,0.0,-0.0227,-0.183,-0.015
FITB,五三银行,8.47626,1.347353,3.482668,0.0947,0.1075,0.0961,0.1339
MCO,穆迪,33.983778,175.55438700000002,5.3758,23.4499,-2.8529,-0.2687,-8.7652
MMC,威达信集团,27.493877,5.5550180000000005,3.161795,0.2099,0.2478,0.2862,0.2032
OXY,西方石油,33.431119,3.055764,2.4734439999999998,0.018,-0.3215,-0.0267,0.0637
MLM,马丁-玛丽埃塔材料,20.881592,3.033404,10.791801,0.0354,0.0712,0.1026,0.1523
STZ,Constellation Brands Inc,15.557131,3.873068,13.746108,0.0,0.0,0.0,0.0
REGN,Regeneron Pharmaceuticals,27.366773,5.995587,13.353054,0.1325,0.174,0.2014,0.1951
BLK,贝莱德,15.060107,2.544082,33.52433,0.1186,0.1154,0.108,0.1551
ADP,"Automatic Data Processing, Inc.",34.134993,15.017906,4.024023000000001,0.0,0.0,0.0,0.1188
INCY,因塞特医疗,0.0,9.143853,-0.766884,0.5939,0.0382,0.2482,-0.1919
TXT,德事隆,44.389739,3.004357,1.504627,0.0,0.0,0.1726,0.0
ROP,儒博实业,28.266015000000003,4.080568,10.013438,0.1359,0.1313,0.1138,0.1416
CFG,Citizens Financial Group,11.676615,0.9796309999999999,3.4290760000000002,0.0449,0.0428,0.0529,0.0815
TAP,莫库酒业,9.732169,1.074897,6.884385000000001,0.0657,0.0563,0.172,0.1069
AWK,美国水务,35.555402,2.864249,2.4662919999999997,0.0861,0.0943,0.0897,0.0791
CXO,康休,19.345764000000003,2.249227,7.653355,0.1019,0.0095,-0.1918,0.1072
HBAN,杭庭顿控股,13.098347,1.631512,1.139075,0.0999,0.1051,0.0691,0.1097
HPE,惠普企业,8.59496,0.990667,1.821998,0.0,0.0,0.0,0.0
EQT,EQT corp,49.219951,1.24353,1.116214,0.0802,0.0401,-0.0144,0.1009
CTXS,思杰系统,153.285033,28.512279,0.7183350000000001,0.1159,0.1617,0.2054,-0.0209
LB,L Brands Inc,9.701513,-9.152588,3.304639,0.0,0.0,0.0,0.0
XRX,施乐,38.787290999999996,1.1484860000000001,0.644541,0.0933,0.0492,-0.0927,0.0376
TMK,托马科,6.560971,1.6498080000000002,12.888335000000001,0.1156,0.1299,0.1204,0.1987
XL,XL Group,0.0,1.515355,-2.137384,0.0235,0.0962,0.044,-0.0428
CMG,墨式烧烤,67.42316,9.220813,6.711937,0.2212,0.2237,0.0164,0.129
CTL,世纪电信,9.723775999999999,0.903372,2.0187630000000003,0.0514,0.0624,0.0467,0.0591
MRO,马拉松石油,0.0,1.422226,-0.47597700000000004,0.1449,-0.1188,-0.122,-0.4888
SYMC,赛门铁克,11.434702,2.65162,1.886363,0.0,0.0,0.0,0.0
F,福特汽车,5.572406,1.188917,1.9488889999999999,0.0496,0.2564,0.1573,0.2178
DIS,迪士尼,14.632832999999998,3.632003,7.537843,0.0,0.0,0.0,0.0
K,家乐氏,16.934514,9.655175,4.171953,0.0,0.0,0.3609,0.0
HPQ,惠普,8.968422,-20.392910999999998,2.6303400000000003,0.0,0.0,0.0,0.0
UNM,尤纳姆集团,8.261778,0.888783,4.620071,0.0472,0.1001,0.1038,0.1038
TGT,塔吉特,14.111441000000001,3.6919989999999996,5.475699,0.0,0.0,0.0,0.0
YUM,百胜餐饮集团,17.966146,-3.7671980000000005,4.381574,0.0,1.3159,-0.2926,-0.2116
DTE,DTE能源,17.45373,1.9524860000000002,6.094972,0.1092,0.0819,0.0878,0.1113
COF,第一资本,20.87837,1.041134,4.597102,0.0983,0.0857,0.0789,0.0407
COST,好市多,31.315709000000002,7.764674,6.865564,0.0,0.0,0.0,0.0
CA,联合电脑,38.836748,3.12758,1.135265,0.0,0.0,0.0,-0.0163
HST,美国豪斯特酒店,23.582181,2.196128,0.891775,0.0976,0.078,0.1071,0.0796
AET,安泰保险,18.219410999999997,3.820755,10.512963000000001,0.1405,0.148,0.1257,0.1203
CRM,Salesforce,226.612031,9.875464,0.648774,0.0,0.0,0.0,0.0
BEN,富兰克林资源,26.315876,1.724537,1.220176,0.0,0.0,0.0,-0.04
AEP,美国电力,19.525582,1.877011,3.607575,0.0974,0.1146,0.0355,0.1053
TROW,罗派斯,19.037284,4.940066000000001,6.324957,0.228,0.2568,0.2202,0.2319
CINF,辛市金融,14.240948999999999,1.450297,4.9540239999999995,0.0799,0.0986,0.0837,0.1268
CB,丘博保险,16.152625,1.211392,8.257482000000001,0.0964,0.0973,0.0857,0.0755
USB,美国合众银行,13.963462,1.925109,3.6738739999999996,0.1338,0.1267,0.124,0.1259
FCX,麦克莫兰铜金,10.666948,2.806871,1.5721459999999998,-0.0392,-0.95,-0.4416,0.1851
COTY,科蒂,0.0,1.124309,-0.483063,0.0,0.0,0.0,0.0118
AGN,艾尔建,0.0,0.823471,-6.324225,-0.0575,0.0512,0.1966,-0.0558
RE,Everest Re Group Ltd,24.860617,1.154687,9.457127,0.1523,0.1285,0.1233,0.056
CNP,中点能源,6.7666960000000005,2.4616279999999997,4.095056,0.1343,-0.1999,0.1249,0.3823
JPM,摩根大通,14.631545000000001,1.625722,7.552175999999999,0.0938,0.0987,0.0973,0.0956
GILD,吉利德科学,29.110940999999997,4.8749519999999995,2.651924,0.7616,0.9472,0.6966,0.2265
CERN,美国塞纳,23.702282999999998,4.128978,2.572748,0.0,0.0,0.1619,0.0
MYL,迈兰制药,26.995811,1.422801,1.347246,0.2848,0.0868,0.0432,0.0523
WY,惠好,39.407688,3.04961,0.91911,0.3443,0.1039,0.1119,0.0654
WM,美国废物管理,17.883477,5.987769,4.6802980000000005,0.2272,0.1401,0.2218,0.3226
PNW,品尼高西方资本品西资本,19.161333,1.789234,4.1876,0.0938,0.0966,0.0936,0.0989
AMG,艾佛里管理公司,11.462688,2.193434,12.954203999999999,0.1788,0.1887,0.1449,0.1872
ABC,美源伯根,22.222752,5.986852,3.906807,0.0,0.0,0.0,0.2998
MRK,默沙东,106.889982,4.996575,0.584994,0.2446,0.0996,0.0978,0.0699
RSG,共和废品处理,17.508471,2.87277,3.9586550000000003,0.0707,0.0964,0.0797,0.1607
SPG,西蒙地产,25.393475,15.246503,6.713536,0.2764,0.4081,0.0,0.0
PX,普莱克斯,36.269026000000004,7.529911,4.600619999999999,0.2823,0.3243,0.2821,0.2006
AIG,美国国际集团,0.0,0.782142,-6.71312,0.0701,0.0246,-0.0045,-0.0922
EXPD,康捷国际物流,24.216816,6.375769,2.983464,0.2025,0.2708,0.2344,0.2457
AEE,阿美能,25.994666,2.064823,2.357022,0.0864,0.0897,0.091,0.0722
HRB,H&R Block Inc,8.183527,12.739927999999999,2.929055,0.0,0.0,0.0,0.0
SO,美国南方公司,43.049201000000004,1.9534740000000002,1.106873,0.092,0.1075,0.0924,0.0343
SRE,桑普拉能源,190.470695,2.2210259999999997,0.60697,0.1042,0.115,0.0996,0.0231
ETR,安特吉,31.852286,2.009066,2.564965,0.0913,-0.0185,-0.0705,0.0503
PEG,公务集团,12.940723,1.8533709999999999,3.9982309999999996,0.1246,0.1285,0.0676,0.1137
NAVI,Navient Corp,11.185882000000001,1.004734,1.234592,0.2708,0.2502,0.1829,0.0838
MAC,马塞里奇房产,188.931297,2.563776,0.30391999999999997,0.2661,0.1031,0.1254,0.0408
IVZ,美国景顺集团,8.931478,1.1756790000000001,2.850592,0.1078,0.1088,0.1099,0.1262
C,花旗,0.0,0.9639190000000001,-2.305423,0.0354,0.0777,0.0662,-0.0334
DUK,杜克能源,19.09769,1.3528,4.223024,0.0462,0.0712,0.0529,0.0734
PBCT,人联金融,17.105239,1.110898,1.06634,0.0544,0.0549,0.0546,0.0579
EIX,爱迪生国际,50.758475,1.8260020000000001,1.29141,0.1239,0.075,0.0917,0.0392
COG,卡伯特油气,96.844171,4.438865,0.24431,0.0485,-0.0567,-0.1624,0.0396
NSC,诺福克南方,8.064743,2.6667490000000003,19.2145,0.1612,0.1277,0.1344,0.3303
GS,高盛,21.178135,1.239632,10.908421,0.1019,0.0698,0.0846,0.0518
CHD,丘奇＆德怀特,17.705941,6.253129,3.093312,0.197,0.2027,0.2321,0.335
WLTW,Willis Towers Watson Public Limited Company,47.470571,1.9428849999999998,3.313,0.1805,0.1467,0.0457,0.0576
WEC,威州能源,16.558927,2.118867,3.920544,0.1321,0.0735,0.1048,0.1268
NWSA,新闻集团,0.0,0.9247,-2.702432,0.0,0.0,0.0,-0.0059
PXD,先锋自然资源,29.683376000000003,2.731146,6.152939,0.1083,-0.0326,-0.0534,0.0739
VLO,瓦莱罗能源,11.056735,2.0897080000000003,9.595057,0.1747,0.192,0.1159,0.1815
L,洛斯公司,14.300028,0.8565459999999999,3.4762169999999997,0.039,0.0126,0.0306,0.0575
XOM,埃克森美孚,17.253811,1.851733,4.7705400000000004,0.1857,0.0936,0.0482,0.102
JWN,诺德斯特龙,18.940483999999998,8.183261,2.761809,0.0,0.0,0.0,0.0
CMS,CMS能源,26.661886,2.925868,1.78532,0.1292,0.1321,0.1289,0.1032
UAA,安月旯司A类股 ,0.0,4.740202,-0.172591,0.1541,0.1397,0.1265,-0.0239
EOG,依欧格资源,22.384596,4.273236,5.553819,0.1646,-0.3496,-0.0785,0.1586
PSX,Phillips 66,11.162676,2.359889,9.949227,0.2177,0.1788,0.0693,0.1913
KSU,堪萨斯南方铁路,11.364765,2.330575,9.210925,0.124,0.1148,0.109,0.1982
MAR,万豪酒店,34.298973,12.926306,3.803321,-0.3423,-0.2393,0.1456,0.3677
PWR,广达公司,17.049384,1.36733,1.946698,0.0696,0.1043,0.0598,0.0838
DGX,奎斯特诊疗,19.949369,3.0797830000000004,5.717474,0.1367,0.1574,0.1469,0.1637
ES,Eversource Energy,18.720839,1.668057,3.1446240000000003,0.0816,0.0843,0.0874,0.0886
PRU,保德信金融,5.264525,0.77809,18.239063,0.034,0.1362,0.0959,0.1467
DVN,德文能源,58.709770999999996,2.5908450000000003,0.750812,0.0642,-1.2417,-0.1146,0.0764
EQIX,易昆尼克斯,135.023852,4.878932,3.247204,-0.115,0.0685,0.0291,0.034
ED,爱迪生联合电气,15.564878,1.5673489999999999,5.07296,0.0868,0.0913,0.087,0.0989
AIZ,Assurant Inc,12.116557,1.513655,8.884537,0.0909,0.0314,0.1379,0.1215
VZ,威瑞森,6.738067,4.184704,7.632753,0.8742,1.0299,0.5662,0.6836
VFC,威富集团,52.930842000000005,9.466542,1.672182,0.0,0.0,0.2174,0.0
NOV,华高,0.0,1.1855129999999998,-0.48455,0.1207,-0.0466,-0.1725,-0.0167
O,Realty Income Corp,48.698873999999996,2.141127,1.12364,0.0482,0.0435,0.0465,0.0432
HAS,孩之宝,54.521351,7.659207,1.724462,0.0,0.0,0.0,0.2169
NKE,耐克,65.07803299999999,12.725539999999999,1.190417,0.0,0.0,0.0,0.0
COL,罗柯,24.487313,3.3999910000000004,5.6078019999999995,0.0,0.0,0.0,0.044
CSCO,思科,0.0,4.2673760000000005,-0.252893,0.0,0.0,0.0,0.0
PPL,宾州电力,16.690332,1.777005,1.7021830000000002,0.1275,0.0688,0.1921,0.1048
COP,康菲石油,0.0,2.692079,-0.41888100000000006,0.1327,-0.1091,-0.101,-0.0257
REG,Regency Centers Corp,38.623413,1.568343,1.5733979999999999,0.0976,0.0735,0.0636,0.0266
T,美国电话电报,6.387983,1.594595,4.971835,0.0746,0.1107,0.1074,0.2102
CVS,CVS健康,10.406594,1.786025,6.528553,0.1223,0.1407,0.1444,0.1757
UNP,联合太平洋,10.031127,4.396719,13.783097,0.2445,0.2305,0.2124,0.431
TSN,泰森食品,8.607488,1.985873,7.616624000000001,0.0,0.0,0.0,0.0
XEL,卓越能源,19.439329,2.018526,2.3591349999999998,0.1,0.0928,0.1019,0.1002
FL,富乐客,23.329941,2.4163349999999997,2.252899,0.0,0.0,0.0,0.0
FOX,21世纪福克斯公司,21.282929,4.51054,2.170284,0.0,0.0,0.0,0.0942
LMT,洛克希德马丁,38.30808,-497.98212699999993,8.288069,1.0629,1.164,3.3014,-3.2874
AMGN,安进,61.251737,8.214983,3.1659509999999997,0.2001,0.2471,0.2585,0.0784
UA,安月旯司,0.0,4.409644,-0.172591,0.1541,0.1397,0.1265,-0.0239
INTC,英特尔,21.856699,3.4369699999999996,2.367695,0.0,0.0,0.1558,0.0
NWL,纽威,6.224609,0.949684,4.438833,0.2038,0.1917,0.0464,0.1939
FOXA,21世纪福克斯公司,21.411944000000002,4.537882,2.170284,0.0,0.0,0.0,0.0942
GGP,General Growth Properties Inc,31.316423999999998,2.357114,0.660995,0.0852,0.1622,0.1459,0.0729
NI,印北瓦电,47.135421,2.102718,0.554148,0.0858,0.0786,0.0813,0.0296
XEC,Cimarex Energy Co,16.852082,3.3776550000000003,5.779108,0.1169,-1.0496,-0.2002,0.1924
DVA,达维塔保健,32.574124,2.71692,2.189468,0.1394,0.0718,0.1774,0.1409
EXC,爱克斯龙,11.909862,1.338653,3.519772,0.0754,0.0824,0.0436,0.1198
MET,大都会人寿,10.88132,0.797736,4.061088,0.0,0.0,0.0,0.0404
HUM,休曼纳,24.220437,4.286981,12.959717,0.1189,0.1233,0.0575,0.2487
LLL,L-3通信,22.153451,3.03325,9.164712,0.1263,-0.0508,0.1566,0.1345
STX,希捷科技,20.040122,12.227501,2.899184,0.0,0.0,0.0,0.0
EFX,艾可菲,28.813205,4.623753,4.36883,0.1673,0.1851,0.1819,0.1846
FRT,FRT信托,30.954829999999998,4.340154,4.005191,0.0949,0.1136,0.1167,0.1176
KMI,金德尔摩根,355.285086,1.159159,0.049791,0.071,0.0059,0.0207,0.0063
VTR,芬塔公司,16.646026000000003,1.9214189999999998,3.4795089999999997,0.0534,0.0427,0.0607,0.1227
NWS,新闻集团,0.0,0.936334,-2.702432,0.0,0.0,0.0,-0.0059
WYNN,永利度假村,38.03078,25.174203,4.337539,4.564,12.9091,1.1705,0.8247
HES,赫斯,0.0,1.450382,-12.424466,0.0,0.0,0.0,0.0
JEF,杰富瑞,696.948153,0.756983,0.032341,0.0186,0.0234,0.018,0.0237
HP,赫尔默里奇和佩恩材料,15.391620000000001,1.502241,4.036612,0.0,0.0,0.0,0.1089
HOG,哈雷戴维森,14.150363,3.522326,3.0140569999999998,0.2905,0.4087,0.3604,0.2831
MAA,MAA房产信托,33.710837,1.767025,2.920426,0.0511,0.1111,0.0337,0.0195
CHTR,Charter Communications,7.809595,1.850007,38.674221,-1.2534,5.8913,0.0744,0.2128
WELL,Welltower,39.369781,1.670162,1.578368,0.0378,0.0579,0.069,0.0354
UDR,UDR不动产信托,56.935754,3.4952160000000005,0.649504,0.053,0.0928,0.0799,0.0351
MCK,麦克森药物批发,417.80109100000004,2.769787,0.322115,0.0,0.0,0.0,0.0717
AVB,阿湾物产,30.237137,2.2916849999999998,5.667534,0.0769,0.0753,0.1016,0.0844
WFC,富国银行,14.261584,1.511076,3.965899,0.1274,0.12,0.11,0.1079
DRI,达登饭店,22.96497,6.2255720000000005,4.806451,0.0,0.0,0.0,0.0
HCP,HCP房产信托,0.0,2.307345,-0.017154,0.0852,-0.056,0.1077,0.0756
NFX,新田,15.704654999999999,3.7871900000000003,1.8370349999999998,0.2312,-2.438,-1.3113,0.3033
SRCL,消毒循环,0.0,1.9574900000000002,-0.106821,0.1711,0.0975,0.0739,0.0148
LH,实验美控,15.029549,2.70764,12.299105,0.1808,0.0885,0.1328,0.186
CVX,雪佛龙,22.681441,1.549421,5.374879,0.1236,0.0306,-0.0029,0.0621
ABBV,AbbVie Inc.,23.935839,40.657709000000004,3.986073,1.0184,1.3039,1.2841,1.0416
EQR,资产住宅公司,35.091632000000004,2.293638,1.819807,0.0588,0.0806,0.4109,0.0579
ANTM,Anthem Inc,15.370544,2.3243650000000002,16.00659,0.106,0.1111,0.0984,0.0
ARE,亚历山大房地产,47.950998999999996,2.116287,2.6228860000000003,0.0274,0.034,-0.0093,0.0299
ULTA,Ulta Salon,26.178191,8.539902,9.667589,0.0,0.0,0.0,0.0
CI,信诺保险,16.484923000000002,2.925559,10.355523,0.1925,0.1715,0.1337,0.1619
AYI,Acuity Brands Inc,16.345418,3.251984,8.008972,0.0,0.0,0.0,0.0
BXP,波士顿物产,36.538457,3.415887,3.43939,0.0657,0.1014,0.0719,0.0
SLB,斯伦贝谢,0.0,2.503623,-0.9055190000000001,0.1447,0.0595,-0.0392,-0.0406
WMB,威廉姆斯,11.414854,2.357227,2.362711,0.116,-0.081,-0.0249,0.1551
AIV,公寓投管,17.439704000000003,4.280009,2.410018,0.2327,0.1469,0.2358,0.1975
PCG,太平洋煤气电力,14.48335,1.1142020000000001,2.939237,0.0897,0.0519,0.0766,0.0845
NBL,诺贝尔能源,0.0,1.600444,-1.329744,0.1176,-0.2354,-0.1026,-0.0989
HRL,荷美尔,20.637179,3.6844069999999998,1.7793130000000001,0.0,0.0,0.0,0.0
ESRX,快捷药方,10.002989,2.432982,7.985613000000001,0.1014,0.1438,0.211,0.25
IBM,IBM,23.392428,7.250868,6.134036,1.0007,0.9144,0.6455,0.3246
CBS,哥伦比亚广播,20.410863,11.116738,2.842604,0.4245,0.254,0.3418,0.1805
ESS,埃塞克斯信托,44.544025,2.4135880000000003,5.224943,0.0218,0.0389,0.0691,0.0712
CAH,卡迪纳医药,9.263344,2.059829,5.39438,0.0,0.0,0.0,0.138
GE,通用电气,0.0,2.1248110000000002,-0.8418959999999999,0.1109,-0.0592,0.1061,-0.071
APA,阿帕契,13.962125,2.305559,3.2416270000000003,-0.285,-1.124,-0.1658,0.171
NLSN,尼尔森,25.415267999999998,2.564187,1.205968,0.0742,0.1243,0.1181,0.099
SLG,SL Green Realty Corp,53.071091,1.414148,1.888222,0.0683,0.0376,0.0327,0.0137
WHR,惠而浦,37.227753,2.268093,4.0496669999999995,0.1194,0.1449,0.162,0.0657
VNO,沃那多房信,142.231371,3.990851,0.508397,0.1143,0.0987,0.0,0.0
GT,固特异轮胎橡胶公司,21.086369,1.1138350000000001,1.043328,0.5695,0.0908,0.2717,0.0753
APC,阿纳达科石油,0.0,4.2092160000000005,-0.040085,-0.07,-0.4407,-0.1812,-0.0153
DRE,杜克房地产,6.158748999999999,2.226366,4.590218,0.0,0.0,0.0,0.0415
CMCSA,康卡斯特,16.475962,0.0,2.08,0.0,0.0,0.0,0.0
EXR,Extra Space Storage Inc,24.64532,5.095942,3.841703,0.1025,0.0885,0.1529,0.1887
AES,爱依斯电力,0.0,2.661756,-0.6878770000000001,0.156,0.1072,-0.1595,-0.1635
PLD,普洛斯,18.659719,2.166268,3.398765,0.0487,0.0503,0.0701,0.0941
PSA,公共存储公司,32.397853000000005,7.867171000000001,6.781931,0.121,0.1433,0.0,0.0
UNH,联合健康,21.555595999999998,5.058019,11.611369999999999,0.166,0.1655,0.176,0.208
SNA,施耐宝,15.722129999999998,2.928402,10.149388,0.0,0.0,0.2125,0.0
CHK,切萨皮克能源,4.297111,-2.2640130000000003,1.110048,0.1129,-6.1055,3.6567,-2.5618
DISCK,Discovery Communications,13.015873,0.993649,1.89,0.0,0.0,0.0,0.0
DISH,DISH Network Corporation,7.08771,2.0278150000000004,4.483818,0.4523,0.2777,0.3145,0.2957
DISCA,探索传播,13.957672,0.0,1.89,0.0,0.0,0.0,0.0
IRM,爱恩铁山,55.80931700000001,4.432316999999999,0.6276729999999999,0.3782,0.2363,0.0537,0.0774
VIAB,维亚康姆,5.312575,1.905672,5.379689,0.0,0.0,0.0,0.0
NFLX,"Netflix, Inc.",166.454073,41.026662,2.279788,0.1437,0.0553,0.0698,0.1561
IPG,埃培智,16.057073000000003,4.070035,1.386305,0.2096,0.213,0.2741,0.2391
OMC,宏盟集团,14.735873000000002,6.117538,4.797137,0.3516,0.3935,0.4359,0.3574
