,code,name,201712,201709,201706,201703,pb,per,trade,201612
0,SH600000,浦发银行, ,13.2,12.7,16.2,12.03,0.889,4.879,11.73
1,SH600008,首创股份,1.675955,1.639086,1.601385,1.649905,1.605191,2.894,38.189,4.85
2,SH600009,上海机场,13.042424,12.527994,12.010949,11.981621,11.57091,3.402,23.23,44.37
3,SH600010,包钢股份, ,1.067918,1.049959,1.456453,1.450652,2.041,838.462,2.18
4,SH600011,华能国际,4.635724,4.6759,4.576749,4.858093, ,1.342,56.545,6.22
5,SH600015,华夏银行, ,11.16,10.82,12.68,10.31,0.784,4.755,8.75
6,SH600016,民生银行,10.12,9.89,9.71,9.51,9.12,0.782,5.859,7.91
7,SH600018,上港集团,2.998418,2.693076,2.634314,2.753107,2.620381,2.298,13.841,6.89
8,SH600019,宝钢股份,7.380723,7.105146,6.851203,6.96,6.78,1.184,10.163,8.74
9,SH600021,上海电力,5.290657,4.786403,4.706141,4.819756,5.930829,1.518,20.852,8.03
10,SH600023,浙能电力,4.468754,4.376642,4.264338,4.367199,4.350208,1.164,16.25,5.2
11,SH600028,中国石化,6.01,5.918105,5.937656,6.018105,5.88,1.1400000000000001,16.232,6.85
12,SH600029,南方航空,4.916137,5.024385,4.591159,4.557445,4.398757,2.034,16.667,10.0
13,SH600030,中信证券,12.36281,12.134836,11.86,12.01962,11.78,1.52,19.989,18.79
14,SH600031,三一重工,3.273549,3.204668,3.106611,3.025882,2.91368,2.5540000000000003,30.589,8.36
15,SH600036,招商银行,17.69,17.37,16.63,16.68,15.95,1.591,10.122,28.14
16,SH600038,中直股份,12.246614,11.910348,11.69501,11.769933,11.635023,4.074,64.583,49.89
17,SH600048,保利地产,8.599764,7.941391,7.712888,7.699507,7.526952,1.565,10.197,13.46
18,SH600050,中国联通,4.478188,3.724154,3.697918,3.682234,3.65637,1.163,277.128,5.21
19,SH600061,国投资本,8.591719,7.565353,7.343171,7.167491,8.730416,1.415,17.882,12.16
20,SH600066,宇通客车,6.549293,5.995056,5.499329,6.278435,6.135517,3.243,15.064,21.24
21,SH600068,葛洲坝,5.436033,5.246917,5.071785,5.035551,4.891097,1.534,9.35,8.34
22,SH600074,ST保千里, ,1.969489,1.951921,1.867589,1.794556,0.833,4.686,1.64
23,SH600085,同仁堂,6.136542,6.004131,5.862091,5.893525,5.68257,5.774,47.749,35.43
24,SH600089,特变电工,7.50493,7.400722,7.209631,7.194072,6.99651,1.115,13.685,8.37
25,SH600100,同方股份, ,7.046725,6.97746,7.187875,7.351801,1.524,7.399,10.74
26,SH600104,上汽集团,19.28669,18.454002,17.618723,18.445667,17.422963,1.625,10.595,31.35
27,SH600109,国金证券,6.228289,6.101592,5.960168,5.903647,5.785402,1.416,22.217,8.82
28,SH600111,北方稀土, ,2.424557,2.333875,2.303884,2.283638,5.378,521.6,13.04
29,SH600115,东方航空,3.670837,3.770788,3.572129,3.464436,3.261629,1.833,15.327,6.73
30,SH600118,中国卫星,4.384432,4.241746,4.171688,4.178783,4.123991,5.533,69.314,24.26
31,SH600153,建发股份,8.331934,7.729408,7.889279,7.726798,7.599959,1.297,9.239,10.81
32,SH600157,永泰能源, ,1.940698,1.92019,1.911971,1.904205,1.154,39.858,2.24
33,SH600170,上海建工,2.697871,2.648106,2.543046,3.055599,2.972341,1.345,12.964,3.63
34,SH600177,雅戈尔, ,6.609571,6.525155,9.010343,8.877614,1.3,5.689,8.59
35,SH600188,兖州煤业,9.301582,8.867649,8.259461,7.923454,7.410026,1.421,9.591,13.22
36,SH600196,复星医药,10.150516,10.232779,9.883421,9.444676,9.190351,3.715,29.693,37.71
37,SH600208,新湖中宝, ,3.607353,3.425094,3.42124,3.378595,1.206,6.591,4.35
38,SH600219,南山铝业,3.539502,3.50929,3.451405,3.454167,3.423919,0.898,18.706,3.18
39,SH600221,海航控股,3.11763,3.168688,3.059438,3.079672,3.027128,1.042,17.857,3.25
40,SH600233,圆通速递,3.262869,3.133814,3.004179,3.007493,2.908405,4.683,29.885,15.28
41,SH600271,航天信息,5.266717,5.061199,4.884968,5.031819,4.740247,4.836,30.296,25.47
42,SH600276,恒瑞医药,5.425249,5.122229,4.849071,5.624242,5.277174,15.122,72.136,82.04
43,SH600297,广汇汽车, ,3.553794,3.431979,4.463441,4.284505,1.897,13.226,6.74
44,SH600309,万华化学,9.977839,8.764647,7.683984,8.551129,6.854436,3.652,8.91,36.44
45,SH600332,白云山,11.61,11.3,11.1,10.97,10.67,2.364,21.648,27.45
46,SH600340,华夏幸福,9.507792,9.120964,8.97913,8.821816,8.244112,2.9290000000000003,9.841,27.85
47,SH600352,浙江龙盛,5.208166,5.047831,4.91049,4.983016,4.801776,2.12,14.519,11.04
48,SH600362,江西铜业,13.726867,13.792393,13.569109,13.63232,13.456977,1.233,36.804,16.93
49,SH600369,西南证券,3.433738,3.437208,3.36843,3.387014,3.36597,1.246,35.667,4.28
50,SH600372,中航电子,3.783047,3.525299,3.460698,3.413508,3.41339,4.084,50.097,15.45
51,SH600373,中文传媒,8.848993,8.557568,8.350841,8.301517,7.986594,1.687,14.219,14.93
52,SH600376,首开股份,8.43896,7.983541,7.773306,8.086242,8.046507,1.052,12.153,8.88
53,SH600383,金地集团,9.01067,8.154919,7.871399,8.461509,8.271738,1.232,7.303,11.1
54,SH600390,五矿资本, ,8.277526,7.95978,7.932055,31.379818,1.213,2.91,10.04
55,SH600406,国电南瑞,4.612049,3.7,3.487648,3.65,3.64,4.519,27.867,16.72
56,SH600415,小商品城,2.055807,2.012524,1.981871,1.987048,1.862908,2.495,19.0,5.13
57,SH600436,片仔癀,6.8555,6.691381,6.236298,6.167815,5.790324,12.422,63.552,85.16
58,SH600482,中国动力, ,14.768867,14.589842,14.765913,14.63397,1.71,35.577,25.26
59,SH600485,信威集团, ,4.170725,4.276457,3.949134,4.045413,3.498,28.058,14.59
60,SH600489,中金黄金, ,3.914796,3.881503,3.8702,3.840043,2.5060000000000002,89.182,9.81
61,SH600498,烽火通信,8.553094,8.339542,7.048111,7.087696,6.957723,2.863,31.397,24.49
62,SH600518,康美药业, ,5.677536,5.46657,5.493591,5.285362,3.8200000000000003,32.519,21.69
63,SH600519,贵州茅台,72.800257,67.151989,60.19962,62.902329,58.027595,9.006,30.41,655.64
64,SH600522,中天科技, ,5.62819,5.551521,5.41917,4.574049,1.901,17.599,10.7
65,SH600535,天士力,8.009927,7.868079,7.51382,7.665238,7.370681,5.33,35.063,44.53
66,SH600547,山东黄金,8.790142,8.733749,8.590366,8.533368,8.35663,3.513,50.623,30.88
67,SH600549,厦门钨业,6.346675,6.317659,6.218122,6.122911,5.999751,3.608,40.056,22.9
68,SH600570,恒生电子,4.974066,4.480801,4.199978,4.005843,3.886273,13.052,85.421,64.92
69,SH600583,海油工程,5.228505,5.193807,5.169812,5.195884,5.237184,1.18,56.091,6.17
70,SH600585,海螺水泥,16.87,15.738802,15.168603,14.883634,14.46,1.9100000000000001,10.776,32.22
71,SH600588,用友网络,3.99,3.498182,3.52,3.780997,3.88,9.451,139.667,37.71
72,SH600606,绿地控股, ,4.785363,4.604476,4.694942,4.460108,1.48,12.0,7.08
73,SH600637,东方明珠, ,10.070898,10.152924,10.174629,10.027036,1.7650000000000001,15.916,17.78
74,SH600649,城投控股,7.540879,7.295636,7.21468,7.166199,6.98,1.03,11.773,7.77
75,SH600660,福耀玻璃,7.574225,7.208865,6.951091,7.471868,7.188667,3.008,18.079,22.78
76,SH600663,陆家嘴,4.259327,4.136314,4.015867,4.182014,4.062555,4.196,19.194,17.87
77,SH600674,川投能源, ,5.012643,4.642847,4.846896,4.663522,1.762,11.054,8.83
78,SH600682,南京新百,7.202659,6.617547,6.37331,6.048629,3.790403,4.62,48.941,33.28
79,SH600685,中船防务,7.367878,7.173594,7.338064,7.334041,7.320662,2.888,342.673,21.28
80,SH600688,上海石化,2.61,2.42648,2.282878,2.472601,2.29,2.223,10.229,5.81
81,SH600690,青岛海尔, ,4.953754,4.812212,4.644952,4.335813,3.379,20.266,16.74
82,SH600703,三安光电, , , , , ,4.927,43.283,22.94
83,SH600704,物产中大,4.179708,3.808723,3.656043,5.793924,5.64817,1.517,13.783,6.34
84,SH600705,中航资本,2.591643,2.600739,2.483869,2.534402,2.477294,1.988,17.226,5.34
85,SH600739,辽宁成大,13.103281,13.106573,12.771096,12.687975,12.134936,1.332,18.468,17.46
86,SH600741,华域汽车,13.094568,12.54729,12.031831,12.53459,12.083762,1.682,10.596,22.03
87,SH600795,国电电力,2.484515,2.524806,2.491332,2.563318,2.511169,1.155,27.333,2.87
88,SH600804,鹏博士, ,4.842465,4.858006,4.619593,4.489839,2.899,25.527,14.04
89,SH600816,安信信托,3.552621,3.36498,3.095371,2.964063,6.621877,3.51,14.25,11.47
90,SH600820,隧道股份,6.060796,5.890831,5.75885,5.773361,5.662828,1.157,12.086,7.01
91,SH600827,百联股份, ,9.413104,9.379452,9.384427,9.295773,1.108,20.451,10.43
92,SH600837,海通证券,10.238093,10.095595,9.778178,9.784348,9.575117,1.11,15.147,11.36
93,SH600871,*ST油服,-0.148672,0.376697,0.446858,0.507396,0.596978,-13.652,-2.714,2.03
94,SH600886,国投电力,4.50267,4.457894,4.414511,4.362415,4.226395,1.53,14.466,6.89
95,SH600887,伊利股份, ,3.978487,3.743046,4.080349,3.805857,7.06,30.204,28.09
96,SH600893,航发动力,11.463955,11.254228,7.959026,8.213313,8.011357,2.436,59.426,27.93
97,SH600895,张江高科, ,5.413527,5.357911,5.460935,5.328485,2.392,27.553,12.95
98,SH600900,长江电力, ,5.925221,5.489909,5.964011,5.827235,2.705,16.97,16.03
99,SH600909,华安证券,3.386626,3.375023,3.317075,3.31643,3.270653,2.017,37.944,6.83
100,SH600919,江苏银行, ,7.69,7.428522,7.353107,7.16,0.936,7.347,7.2
101,SH600926,杭州银行, ,11.26,10.96,15.18,10.52,0.99,6.6370000000000005,11.15
102,SH600958,东方证券,7.576223,6.706812,6.575995,6.59228,6.513267,1.592,21.158,12.06
103,SH600959,江苏有线, ,3.416628,3.335399,3.390438,3.337531,2.102,31.217,7.18
104,SH600977,中国电影, ,5.411586,5.328138,5.386352,5.237584,2.872,26.339,15.54
105,SH600999,招商证券,9.587434,9.454695,9.185456,9.147579,8.930091,1.759,21.746,16.86
106,SH601006,大秦铁路, ,6.552233,6.303989,6.259529,6.042177,1.203,16.417,7.88
107,SH601009,南京银行, ,7.79,7.56,10.55,7.3,1.026,6.008,7.99
108,SH601012,隆基股份,6.803471,6.094262,5.586735,5.280281,5.054777,4.796,18.028,32.63
109,SH601018,宁波港,2.76,2.74,2.67,2.68,2.63,1.862,25.7,5.14
110,SH601021,春秋航空, ,10.471501,9.679692,9.526525,9.14773,3.072,27.034,32.17
111,SH601088,中国神华,15.16,14.69,14.08,16.37,15.7,1.307,8.754,19.82
112,SH601099,太平洋,1.720887,1.717594,1.684509,1.721565,1.73366,1.633,165.294,2.81
113,SH601111,中国国航,5.929217,5.894612,5.58464,5.603426,5.263875,1.9380000000000002,21.278,11.49
114,SH601117,中国化学, ,5.721598,5.631708,5.629065,5.568818,1.325,21.056,7.58
115,SH601118,海南橡胶, ,2.047576,2.012271,2.047489,2.043841,2.906,381.41,5.95
116,SH601155,新城控股,9.131595,7.150512,6.775179,6.603289,6.575408,3.596,12.118,32.84
117,SH601163,三角轮胎, ,9.86584,9.743411,9.998555,9.801286,1.6800000000000002,13.047,16.57
118,SH601166,兴业银行, ,18.41,17.67,17.59,17.02,0.875,5.816,16.11
119,SH601169,北京银行, ,8.35,8.11,8.49,7.79,0.8190000000000001,5.897,6.84
120,SH601186,中国铁建,10.01593,9.650502,9.345116,9.249313,9.042045,0.989,8.543,9.91
121,SH601198,东兴证券, ,6.886801,6.768607,6.785508,6.642031,2.084,27.23,14.35
122,SH601211,国泰君安,14.13,12.575896,13.42,11.710588,13.11,1.246,15.856,17.6
123,SH601212,白银有色, ,1.44202,1.741829,1.691411,1.772454,4.119,148.5,5.94
124,SH601216,君正集团, ,1.800682,1.736395,1.68404,1.619917,2.616,25.093,4.71
125,SH601225,陕西煤业,4.422437,4.235457,3.946674,3.739969,3.431737,1.7000000000000002,7.231,7.52
126,SH601228,广州港, ,1.933634,1.896748,1.889168,1.82,2.855,46.0,5.52
127,SH601229,上海银行, ,15.91,15.47,19.96,14.83,0.92,5.609,14.64
128,SH601288,农业银行,4.15,4.08,3.93,3.95,3.81,0.908,6.5,3.77
129,SH601318,中国平安,25.89,24.52,23.29,22.51,20.98,2.453,12.727,63.51
130,SH601328,交通银行,8.23,8.06,7.86,7.93,7.67,0.741,6.703,6.1
131,SH601333,广深铁路,4.049484,4.005888,3.952275,4.00034,3.960458,1.069,30.929,4.33
132,SH601336,新华保险,20.42,20.39,19.78,19.74,18.95,2.044,24.127,41.74
133,SH601375,中原证券,2.59188,2.646367,2.58823,2.714126,2.69695,2.346,55.273,6.08
134,SH601377,兴业证券,4.991865,4.964189,4.785868,4.858067,4.732628,1.31,19.039,6.54
135,SH601390,中国中铁,6.279054,6.059504,5.939934,5.788604,5.620386,1.177,11.046,7.39
136,SH601398,工商银行,5.73,5.62,5.42,5.46,5.29,1.026,7.443,5.88
137,SH601555,东吴证券,6.9401,6.949104,6.778688,6.838881,6.742389,1.171,31.269,8.13
138,SH601600,中国铝业,2.513397,2.403347,2.367309,2.441789,2.425489,1.85,51.667,4.65
139,SH601601,中国太保,15.17,14.98,14.51,14.65,14.54,2.108,19.741,31.98
140,SH601607,上海医药,12.655995,12.392075,12.104435,12.152209,11.760358,1.811,17.506,22.92
141,SH601608,中信重工,1.647258,1.646824,1.646931,1.639398,1.636913,2.167,357.0,3.57
142,SH601611,中国核建, ,2.896482,2.808693,2.806792,2.759747,3.149,27.636,9.12
143,SH601618,中国中冶,3.117968,3.028577,2.983886,2.997936,2.927486,1.158,13.885,3.61
144,SH601628,中国人寿,11.35,11.14,10.64,10.66,10.74,2.149,21.584,24.39
145,SH601633,长城汽车,5.383267,5.144769,5.096279,5.40234,5.181703,2.043,20.0,11.0
146,SH601668,中国建筑,6.592777,6.341409,6.086517,6.023837,5.783945,1.23,7.579,8.11
147,SH601669,中国电建, ,4.665279,4.646228,4.175187,4.05153,1.385,13.704,6.46
148,SH601688,华泰证券,12.193041,11.996343,11.726695,12.076456,11.777213,1.463,13.775,17.84
149,SH601718,际华集团, ,4.221316,4.218243,3.69,3.62,1.218,16.063,5.14
150,SH601727,上海电气,3.771572,3.911458,3.463365,3.398824,3.566324,1.525,30.343,5.75
151,SH601766,中国中车,4.24,4.098281,3.988233,4.11549,3.842625,2.248,25.079,9.53
152,SH601788,光大证券,10.535274,10.606408,10.37728,10.404577,10.235932,1.17,18.847,12.33
153,SH601800,中国交建,10.00572,9.525092,9.198807,8.936306,8.670032,1.335,11.041,13.36
154,SH601818,光大银行,5.24,5.22,5.05,4.99,4.72,0.761,6.234,3.99
155,SH601857,中国石油,6.522803,6.519781,6.545571,6.544942,6.498265,1.171,63.667,7.64
156,SH601866,中远海发,1.30754,1.228067,1.214274,1.168834,1.134118,2.302,24.061,3.01
157,SH601872,招商轮船,2.871321,2.931204,3.048615,3.05668,3.013357,1.278,30.583,3.67
158,SH601877,正泰电器, , , , , ,3.156,21.519,28.19
159,SH601878,浙商证券,4.054167,3.942486,3.854716,3.275545,3.19,3.063,36.529,12.42
160,SH601881,中国银河,6.363951,6.32928,6.179293,6.234317,6.080211,1.6440000000000001,26.821,10.46
161,SH601888,中国国旅, ,6.89,6.595545,13.61,12.91,7.437,27.664,51.24
162,SH601898,中煤能源,6.713478,6.689025,6.618703,6.600612,6.482314,0.742,27.667,4.98
163,SH601899,紫金矿业,1.498017,1.465933,1.431267,1.352407,1.288835,2.7640000000000002,25.875,4.14
164,SH601901,方正证券,4.55,4.52,4.43,4.36,4.3,1.299,32.833,5.91
165,SH601919,中远海控,2.023172,2.062325,1.994148,1.839398,1.793539,2.659,20.692,5.38
166,SH601933,永辉超市,2.089217,2.033704,1.998473,2.083263,2.006021,4.207,46.263,8.79
167,SH601939,建设银行,6.86,6.76,6.5,6.52,6.28,1.071,7.656,7.35
168,SH601958,金钼股份,3.952347,3.92245,3.921698,3.94702,3.944346,1.7000000000000002,224.0,6.72
169,SH601966,玲珑轮胎, ,7.013935,6.819805,6.876206,6.67303,2.3609999999999998,18.0,16.56
170,SH601985,中国核电, ,2.770934,2.668953,2.692368,2.613316,2.3529999999999998,22.639,6.52
171,SH601988,中国银行,4.74,4.69,4.59,4.59,4.46,0.797,6.75,3.78
172,SH601989,中国重工, ,3.339981,3.194852,3.096368,3.080856,1.6139999999999999,141.842,5.39
173,SH601991,大唐发电,3.116333,3.132937,3.064328,3.031625,2.984097,1.104,26.75,3.44
174,SH601992,金隅集团,7.478907,3.850484,3.783446,3.714902,3.672909,0.626,17.333,4.68
175,SH601997,贵阳银行, ,10.25,9.69,9.57,9.2,1.4020000000000001,7.726,14.37
176,SH601998,中信银行,8.17,7.38,7.92,7.93,7.75,0.785,7.631,6.41
177,SH603160,汇顶科技, ,7.360946,6.842344,6.539621,6.145221,12.93,45.324,95.18
178,SH603799,华友钴业, ,8.921384,8.411175,7.75857,7.338766,11.256,772.462,100.42
179,SH603833,欧派家居, ,14.573194,13.312025,11.911125,7.71,9.009,51.689,131.29
180,SH603858,步长制药, ,18.530692,17.869857,18.81549,18.489316,2.615,16.921,48.46
181,SH603993,洛阳钼业,1.766598,1.725917,1.107875,1.144837,1.109601,4.404,55.571,7.78
182,SZ000001,平安银行,11.77,11.54,11.15,10.94,10.61,0.977,8.846,11.5
183,SZ000002,万科Ａ,12.02,10.541867,10.2,10.324287,10.28,2.499,11.827,30.04
184,SZ000008,神州高铁, ,2.215323,2.195523,2.183876,2.176161,2.713,31.302,0.0
185,SZ000060,中金岭南,4.203414,4.183335,4.06105,3.591408,3.47208,2.234,20.413,9.39
186,SZ000063,中兴通讯,7.55,7.36,6.92,6.59,6.31,4.147,28.725,0.0
187,SZ000069,华侨城Ａ, ,5.848756,5.500182,5.434822,5.327665,1.359,9.47,7.95
188,SZ000100,TCL集团, ,2.01,1.94,1.94,1.86,1.624,24.924,3.27
189,SZ000157,中联重科,4.821404,4.894246,4.847727,4.821946,4.803356,0.863,24.471,4.16
190,SZ000166,申万宏源, ,2.717379,2.62059,2.66112,2.607859,1.766,17.778,4.8
191,SZ000333,美的集团,11.238658,10.875964,10.171427,10.135639,9.464178,4.336,18.32,48.73
192,SZ000338,潍柴动力,4.406461,4.149003,8.173438,8.220983,7.937307,1.9020000000000001,9.859,8.38
193,SZ000402,金 融 街,9.888226,9.368006,9.250647,9.475176,9.281929,0.932,9.129,9.22
194,SZ000413,东旭光电, ,4.635228,4.556119,4.576883,4.497291,1.5899999999999999,25.414,7.37
195,SZ000415,渤海金控, ,5.05358,5.013819,5.060134,5.036397,1.156,15.784,0.0
196,SZ000423,东阿阿胶,15.051951,13.773504,13.235026,13.705559,12.781176,4.009,19.307,60.35
197,SZ000425,徐工机械, ,3.017076,2.984204,2.94904,2.919326,1.339,134.667,4.04
198,SZ000503,海虹控股, ,1.401411,1.479839,1.5341,1.582068,28.75,1291.346,40.29
199,SZ000538,云南白药,17.320458,16.801979,16.603343,15.796825,15.100511,5.391,30.917,93.37
200,SZ000540,中天金融,3.421166,3.344207,3.297597,3.398947,3.174999,2.148,16.498,0.0
201,SZ000559,万向钱潮,1.834276,1.733032,1.668256,1.997696,1.895871,4.552,26.094,8.35
202,SZ000568,泸州老窖,10.357687,9.99716,7.94719,8.424411,7.85152,5.642,32.503,58.44
203,SZ000623,吉林敖东,17.45807,17.20693,16.668119,21.49867,20.838936,1.161,12.669,20.27
204,SZ000625,长安汽车,9.910925,9.6484,9.390652,9.572093,9.072871,1.102,7.329,10.92
205,SZ000627,天茂集团, ,3.278479,3.161618,3.241803,3.240462,2.3609999999999998,17.591,7.74
206,SZ000630,铜陵有色,1.641615,1.622267,1.611517,1.593111,1.580552,1.5779999999999998,51.8,2.59
207,SZ000651,格力电器, ,9.7451,8.720173,9.619208,8.953849,4.654,17.715,45.35
208,SZ000671,阳光城,3.740702,3.387357,3.314571,3.292733,3.259923,1.9809999999999999,14.529,7.41
209,SZ000686,东北证券,6.695619,6.746866,6.72473,6.762694,6.659909,1.159,27.714,7.76
210,SZ000709,河钢股份, ,4.352548,4.262528,4.285791,4.220926,0.767,22.267,3.34
211,SZ000723,美锦能源,1.881396,1.834804,1.750159,3.150924,3.030449,2.886,20.885,0.0
212,SZ000725,京东方A, ,2.405992,2.327287,2.303479,2.23878,1.933,86.111,4.65
213,SZ000728,国元证券,7.539245,7.090332,6.988472,10.673477,10.560595,1.166,21.975,8.79
214,SZ000738,航发控制,4.479018,4.453804,4.417302,4.341479,4.307643,3.711,87.474,16.62
215,SZ000750,国海证券, ,3.305623,3.251722,3.321282,3.26352,1.271,17.5,4.2
216,SZ000768,中航飞机,5.676143,5.561824,5.541377,5.51962,5.54913,3.402,113.388,19.31
217,SZ000776,广发证券,11.134132,10.969903,10.598815,10.68443,10.30433,1.433,14.115,15.95
218,SZ000783,长江证券, ,4.796833,4.691435,4.718484,4.614231,1.468,16.0,7.04
219,SZ000792,盐湖股份,6.731072,7.91693,8.040662,12.261053,12.405258,1.8940000000000001,-8.54,12.75
220,SZ000826,启迪桑德,12.549319,12.158981,8.816093,8.686148,8.463796,2.336,23.123,0.0
221,SZ000839,中信国安, ,1.737195,1.786706,1.690541,1.665832,3.88,114.821,6.74
222,SZ000858,五 粮 液, ,13.336556,12.811457,13.348336,12.401776,4.974,37.118,66.33
223,SZ000876,新 希 望, ,4.887773,5.212694,5.106586,4.92185,1.451,12.017,7.09
224,SZ000895,双汇发展,4.430012,4.071113,3.692253,4.574395,4.304452,5.65,19.12,25.03
225,SZ000898,鞍钢股份,6.91,6.594333,6.390463,6.352729,6.2,0.868,7.987,6.19
226,SZ000938,紫光股份, ,23.680647,23.37358,23.092608,22.838501,3.354,74.433,79.42
227,SZ000959,首钢股份,4.994844,4.831528,4.94869,5.04668,4.609498,0.869,10.672,4.46
228,SZ000961,中南建设, ,3.732133,3.722437,3.695247,3.654652,1.913,61.499,7.14
229,SZ000963,华东医药,8.634017,8.343694,7.883609,16.093829,14.974593,7.643,36.06,65.99
230,SZ000983,西山煤电, ,5.767227,5.584799,5.407681,5.213505,1.32,55.265,7.61
231,SZ001979,招商蛇口,8.143632,7.078854,7.068194,7.408671,7.14549,2.674,14.052,21.78
232,SZ002007,华兰生物,5.017496,4.800608,4.5985,4.809502,4.534973,6.013,34.187,30.17
233,SZ002008,大族激光,6.542667,6.461517,5.718007,5.198907,4.972853,7.829,32.833,51.22
234,SZ002024,苏宁易购,8.480995,8.600468,8.041851,7.48011,7.057937,1.5470000000000002,29.156,13.12
235,SZ002027,分众传媒, ,0.678251,0.791857,1.03763,0.914624,15.701,20.481,10.65
236,SZ002044,美年健康,2.49741,1.43447,1.36354,1.324323,2.420466,10.695,111.292,26.71
237,SZ002065,东华软件, ,2.907953,5.782631,5.689722,5.59437,2.909,14.762,8.46
238,SZ002074,国轩高科, ,5.117914,4.894739,4.717492,4.492342,3.693,15.882,18.9
239,SZ002081,金螳螂, ,4.157101,3.956574,3.949125,3.771349,3.134,20.359,13.03
240,SZ002142,宁波银行,10.31,9.69,9.55,12.0,8.97,1.742,9.978,17.96
241,SZ002146,荣盛发展,6.32686,5.677505,5.430076,5.547987,5.442624,1.6440000000000001,7.879,10.4
242,SZ002153,石基信息, ,4.848207,4.757958,4.72371,4.630146,5.85,78.778,28.36
243,SZ002174,游族网络,4.559717,3.679875,3.521718,3.394555,3.148067,4.575,27.447,20.86
244,SZ002202,金风科技,5.959044,5.67425,6.978895,6.819416,6.755897,2.6870000000000003,19.082,16.01
245,SZ002230,科大讯飞,5.557543,5.948303,5.885182,5.616671,5.367935,10.301,173.485,57.25
246,SZ002236,大华股份,3.610663,3.287844,3.129054,2.941834,2.840925,6.292,27.707,22.72
247,SZ002241,歌尔股份,4.589884,4.390239,4.218789,7.076132,6.835791,2.826,19.074,12.97
248,SZ002252,上海莱士, ,2.524191,2.477312,2.409066,2.357901,7.741,60.123,0.0
249,SZ002292,奥飞娱乐, ,3.827982,3.704467,3.69665,3.666339,3.294,32.333,12.61
250,SZ002294,信立泰,5.786659,5.465061,5.119409,5.483677,5.124516,6.428,28.583,39.73
251,SZ002304,洋河股份, ,18.891715,17.781325,19.108129,17.287975,5.708,27.863,107.83
252,SZ002310,东方园林, ,3.725613,3.574935,3.41768,3.432524,4.995,36.49,18.61
253,SZ002352,顺丰控股,7.408912,7.121573,5.224848,5.10041,4.902807,6.426,42.509,47.61
254,SZ002385,大北农,2.407845,2.366097,2.287058,2.265736,2.255927,2.334,18.129,5.62
255,SZ002411,必康股份,5.92628,5.748951,5.641453,5.53213,5.423748,4.402,44.79,26.09
256,SZ002415,海康威视, ,2.91749,2.605291,4.192218,3.979177,13.032,30.986,38.02
257,SZ002424,贵州百灵,2.423332,2.307875,2.231064,2.22524,2.141163,5.447,35.676,13.2
258,SZ002426,胜利精密,2.56068,2.540086,2.519346,2.496974,2.454138,1.839,34.863,4.71
259,SZ002450,康得新, ,4.910418,4.711983,4.570607,4.415528,4.028,32.967,0.0
260,SZ002456,欧菲科技, ,3.303128,3.15603,7.58578,7.402021,6.046,28.976,19.97
261,SZ002460,赣锋锂业, , , , ,3.305836,12.749,33.206,65.85
262,SZ002465,海格通信,3.531075,3.471856,3.454868,3.205578,3.11339,3.218,87.692,11.4
263,SZ002466,天齐锂业,7.94155,6.762791,5.545354,5.276416,4.617067,6.5600000000000005,26.856,52.1
264,SZ002468,申通快递, ,4.19357,3.943788,3.767673,3.554826,5.723,19.512,24.0
265,SZ002470,金正大,2.980611,3.04758,3.006101,2.982876,2.847164,3.033,39.304,9.04
266,SZ002475,立讯精密, ,3.823707,5.636954,5.458056,5.307438,5.777,36.817,22.09
267,SZ002500,山西证券,4.419615,4.397709,4.336771,4.404643,4.340501,1.778,56.143,7.86
268,SZ002508,老板电器,5.543328,5.013604,4.629401,6.02994,5.655115,5.881,21.169,32.6
269,SZ002555,三七互娱, ,3.067771,2.894237,2.378015,2.168902,4.801,28.713,14.73
270,SZ002558,巨人网络, ,4.104997,3.912651,4.681522,4.480522,6.821,41.176,28.0
271,SZ002572,索菲亚,4.842166,4.484357,4.179487,8.588908,8.421648,6.651,33.592,32.92
272,SZ002594,比亚迪,18.733766,18.403581,17.897925,17.669688,17.396496,2.8529999999999998,38.179,53.45
273,SZ002601,龙蟒佰利,6.341563,6.602116,6.298308,6.353746,6.072283,2.9050000000000002,14.736,0.0
274,SZ002602,世纪华通, ,4.963176,4.871089,4.39116,4.269363,6.961,70.51,34.55
275,SZ002608,江苏国信, ,5.189285,5.017811,4.86855,4.758618,1.63,25.636,8.46
276,SZ002624,完美世界,6.057776,5.774163,5.953666,5.780933,5.487529,5.596,29.737,33.9
277,SZ002673,西部证券, ,5.010172,4.929352,4.505288,4.438469,1.8900000000000001,23.54,9.47
278,SZ002714,牧原股份,8.871164,8.393439,7.865202,6.134469,5.476632,5.673,23.741,50.33
279,SZ002736,国信证券, ,5.591941,5.376922,5.418835,5.273137,1.908,19.054,10.67
280,SZ002739,万达电影, ,9.805062,9.487197,9.361103,8.845111,5.307,44.723,0.0
281,SZ002797,第一创业,2.528917,2.515338,2.483208,3.966032,3.934628,3.057,64.417,7.73
282,SZ002831,裕同科技, ,11.724822,10.993191,11.087699,10.678715,4.281,20.654,50.19
283,SZ002839,张家港行,4.580085,4.51,4.411643,4.52,4.5,1.76,18.744,8.06
284,SZ002841,视源股份,6.172359,5.888393,5.502777,5.131494,3.429574,13.512,48.488,83.4
285,SZ300003,乐普医疗,3.608821,3.453632,3.27984,3.231704,3.106328,8.909,63.626,32.15
286,SZ300015,爱尔眼科, ,2.217373,2.026392,2.920122,2.752737,18.4,72.857,40.8
287,SZ300017,网宿科技,3.297325,3.203811,3.13,9.385558,9.132364,4.5280000000000005,43.912,14.93
288,SZ300024,机器人,3.801679,3.710941,3.652832,3.593979,3.567672,5.59,76.687,21.25
289,SZ300027,华谊兄弟,3.482133,3.411506,3.405678,3.214293,3.243708,2.59,30.067,9.02
290,SZ300033,同花顺,5.894998,5.434219,5.110393,4.796842,5.493267,8.355,36.481,49.25
291,SZ300059,东方财富,3.138072,3.091937,3.039709,3.635042,3.604237,4.459,96.169,14.31
292,SZ300070,碧水源, ,5.188687,5.12139,5.077041,4.963798,3.319,28.7,17.22
293,SZ300072,三聚环保, ,4.56479,4.128744,5.724994,5.251048,5.805,19.203,26.5
294,SZ300122,智飞生物,1.835957,1.744057,1.673154,1.613484,1.575785,19.771,134.444,36.3
295,SZ300124,汇川技术, ,3.057398,2.85824,2.96355,2.841038,10.414,53.966,31.84
296,SZ300136,信维通信,2.807686,2.613201,2.347665,2.168109,2.001537,12.163,37.606,34.15
297,SZ300144,宋城演艺,5.046336,4.952285,4.68183,4.588509,4.408724,4.017,27.767,20.27
298,SZ300251,光线传媒, ,2.487889,2.432408,2.432232,2.398113,4.651,46.28,11.57
299,SZ300315,掌趣科技, ,3.147758,3.10083,3.092602,3.035848,1.912,33.444,6.02
