,code,name,roe_2017_1,roe_2017_2,roe_2017_3,roe_2017_4,industry,area,pe,outstanding,totals,totalAssets,liquidAssets,fixedAssets,reserved,reservedPerShare,esp,bvps,pb,timeToMarket,undp,perundp,rev,profit,gpr,npr,holders
0,600008,首创股份,1.05,2.42,3.88,4.9,环境保护,北京,39.15,48.21,48.21,5099431.0,933444.81,489776.5,60764.32,0.13,0.127,1.68,2.97,20000427,202689.77,0.42,17.36,0.18,31.4,6.59,281700.0
1,600009,上海机场,3.42,7.32,11.15,14.65,机场,上海,24.72,10.93,19.27,2754740.0,1007960.63,905877.31,257549.8,1.34,1.912,13.04,3.62,19980218,1931995.75,10.03,15.98,31.29,49.82,45.69,32000.0
2,600010,包钢股份,0.41,1.22,2.88,,普钢,内蒙,52.99,220.39,455.85,14440730.0,3761919.25,6311459.0,139903.02,0.03,0.031,1.07,2.04,20010309,57339.48,0.01,74.39,497.81,15.15,4.03,505738.0
3,600011,华能国际,0.88,1.13,3.75,2.37,火力发电,北京,53.4,105.0,152.0,37869372.0,4853771.0,24507948.0,1491323.88,0.98,0.11800000000000001,4.64,1.36,20011206,3196510.5,2.1,10.36,-82.73,11.31,1.18,90900.0
4,600015,华夏银行,2.89,6.19,8.72,,银行,北京,5.94,128.23,128.23,244578896.0,0.0,1265900.0,2662500.0,2.08,1.04,11.16,0.79,20030912,6243600.0,4.87,5.2,-2.67,0.0,28.41,119794.0
5,600016,民生银行,3.97,7.71,10.85,13.14,银行,北京,5.79,295.52,364.85,590208576.0,0.0,4598700.0,6475300.0,1.77,1.35,10.12,0.78,20001219,16342000.0,4.48,-7.04,4.12,0.0,34.52,374800.0
6,600018,上港集团,1.78,5.52,7.63,16.6,港口,上海,15.17,227.55,231.74,14123490.0,5026564.0,3298806.75,789533.38,0.34,0.498,3.0,2.52,20061026,3148947.25,1.36,19.34,66.25,33.71,30.83,256100.0
7,600019,宝钢股份,2.46,4.07,7.43,11.65,普钢,上海,12.25,220.9,222.68,34661280.0,13254327.0,15759142.0,4821146.0,2.17,0.53,7.11,1.2,20001212,5894787.5,2.65,43.12,95.52,10.89,4.63,462744.0
8,600021,上海电力,0.71,1.64,3.56,7.27,火力发电,上海,22.49,8.56,24.1,8091397.0,1025638.38,4688174.5,556086.63,2.31,0.385,5.29,1.64,20031029,438599.81,1.82,12.26,-14.96,19.63,4.92,120200.0
9,600023,浙能电力,1.57,,6.33,,火力发电,浙江,14.68,136.01,136.01,10709195.0,2412347.0,5347422.0,2383076.75,1.75,0.27699999999999997,4.38,1.24,20131219,1702840.0,1.25,31.01,-35.42,12.48,10.04,218605.0
10,600028,中国石化,2.28,3.76,5.35,7.02,石油加工,北京,15.61,955.58,1210.71,159550400.0,52904900.0,65077400.0,11955700.0,0.99,0.42200000000000004,6.01,1.1,20010808,29045900.0,2.4,22.23,10.13,19.9,2.17,496137.0
11,600029,南方航空,3.46,6.14,13.9,11.92,空运,广东,16.89,70.23,100.88,21832900.0,1788400.0,15825501.0,1511500.0,1.5,0.6,4.92,2.01,20030725,2166400.0,2.15,11.05,16.97,12.39,4.64,180900.0
12,600030,中信证券,1.57,3.42,5.39,7.63,证券,深圳,20.5,98.15,121.17,62557464.0,0.0,790296.75,5444553.0,4.49,0.9440000000000001,12.36,1.56,20030106,5200698.5,4.29,13.92,10.3,0.0,26.41,584200.0
13,600031,三一重工,3.16,4.79,7.24,,工程机械,湖南,26.2,76.47,77.07,5925591.5,3707612.5,1293353.13,84894.2,0.11,0.24,3.26,2.51,20030703,1518948.75,1.97,70.77,932.56,30.13,6.4,423546.0
14,600036,招商银行,4.74,9.36,13.42,14.6,银行,深圳,10.37,206.29,252.2,629763776.0,0.0,4918100.0,6752300.0,2.68,2.782,19.04,1.51,20020409,24106300.0,9.56,5.68,13.0,0.0,31.76,208900.0
15,600038,中直股份,1.02,2.22,3.86,6.3,航空,黑龙江,62.65,5.89,5.89,2250137.0,1896803.75,235826.7,423271.94,7.18,0.773,12.25,3.95,20001218,189350.31,3.21,-3.78,3.69,15.34,3.78,35700.0
16,600048,保利地产,2.07,6.17,8.78,,全国地产,广东,14.48,117.36,118.58,63262392.0,58543904.0,341367.5,1500900.25,1.27,0.6970000000000001,7.94,1.69,20060731,6425729.5,5.42,-13.31,16.31,32.21,10.95,188114.0
17,600050,中国联通,0.35,0.99,1.66,0.31,电信运营,北京,395.46,192.97,302.34,57361736.0,7677146.5,36349944.0,7634633.0,2.53,0.02,5.96,0.93,20021009,2977337.0,0.98,0.23,176.39,24.69,0.15,749000.0
18,600061,国投资本,2.14,4.67,6.89,7.13,证券,上海,19.73,36.94,42.27,14240440.0,11911016.0,29264.72,2069310.75,4.9,0.68,8.59,1.41,19970519,844001.13,2.0,34.2,-16.78,7.12,367.47,46700.0
19,600066,宇通客车,2.27,6.61,14.33,20.18,汽车整车,河南,15.49,22.14,22.14,3616540.5,2743124.5,398276.69,127876.86,0.58,1.413,7.0,3.13,19970508,873079.31,3.94,-7.33,-22.62,26.32,9.42,48900.0
20,600068,葛洲坝,1.9,4.4,6.44,11.41,建筑施工,湖北,8.3,46.05,46.05,18692368.0,12318885.0,1428960.88,761648.81,1.65,0.89,5.44,1.55,19970526,1075982.63,2.34,6.54,37.94,13.07,4.39,277400.0
21,600074,ST保千里,3.73,7.73,8.4,,电脑设备,江苏,8.61,10.18,24.38,1057100.63,508550.06,35429.69,73631.88,0.3,0.166,1.97,0.96,19970623,188260.17,0.77,3.7,-34.48,39.58,13.63,101952.0
22,600085,同仁堂,3.63,7.46,9.94,12.08,中成药,北京,50.09,13.71,13.71,1870813.25,1468316.75,195157.86,200615.31,1.46,0.742,6.14,6.06,19970625,440313.56,3.21,10.63,9.02,46.24,7.61,61900.0
23,600089,特变电工,2.58,4.81,6.39,,电气设备,新疆,12.99,37.14,37.15,8495627.0,5079561.5,2152370.25,1112104.0,2.99,0.55,7.4,1.17,19970618,1165817.88,3.14,6.78,5.05,22.24,6.6,273190.0
24,600100,同方股份,-1.26,-0.58,-0.88,,电脑设备,北京,0.0,29.64,29.64,6275041.5,3143546.5,357072.25,930074.31,3.14,-0.062,7.05,1.48,19970627,697220.31,2.35,-4.03,-103.62,19.43,-1.12,227793.0
25,600104,上汽集团,3.83,7.75,11.42,15.27,汽车整车,上海,11.56,115.03,116.83,72353312.0,38994852.0,5822666.0,5486843.5,4.7,2.96,19.29,1.77,19971125,10469464.0,8.96,14.97,7.51,13.47,4.01,102400.0
26,600109,国金证券,1.6,3.05,4.76,6.37,证券,四川,22.86,30.24,30.24,4209322.0,0.0,11220.96,784270.38,2.59,0.397,6.23,1.46,19970807,506445.06,1.67,-6.01,-7.49,0.0,27.36,148300.0
27,600111,北方稀土,0.88,1.32,3.96,,小金属,内蒙,105.21,36.33,36.33,2202781.75,1681062.0,263439.0,15597.85,0.04,0.096,2.42,5.56,19970924,361974.94,1.0,98.97,916.71,20.88,4.92,350135.0
28,600115,东方航空,5.62,8.41,14.5,11.96,空运,上海,15.42,98.08,144.68,22746400.0,1829300.0,16313000.0,2676000.0,1.85,0.439,3.67,1.84,19971105,1387900.0,0.96,3.21,40.91,11.24,6.24,221100.0
29,600118,中国卫星,1.17,3.57,5.09,7.9,航空,北京,71.34,11.82,11.82,974338.19,718764.38,125209.46,163995.98,1.39,0.34600000000000003,4.38,5.64,19970908,223539.2,1.89,16.54,3.0,12.95,5.55,147291.0
30,600153,建发股份,1.92,4.17,7.44,,商贸代理,福建,14.32,28.35,28.35,16956624.0,14717914.0,144645.44,246073.27,0.87,0.575,7.73,1.42,19980616,1544086.88,5.45,65.26,24.04,4.93,1.13,126923.0
31,600157,永泰能源,0.44,1.06,1.7,,煤炭开采,山西,61.59,124.26,124.26,10654263.0,1798755.75,2477930.5,946351.81,0.76,0.033,1.94,1.4,19980513,222095.02,0.18,124.78,-10.75,25.19,2.4,222200.0
32,600170,上海建工,1.94,4.92,7.14,9.56,建筑施工,上海,12.64,84.87,89.04,19568520.0,16015570.0,748386.38,231225.92,0.26,0.28,2.7,1.36,19980623,1036754.19,1.16,6.3,23.34,10.47,1.82,210500.0
33,600177,雅戈尔,5.47,8.75,11.31,,服饰,浙江,8.5,35.81,35.81,6600548.5,2847909.0,515420.69,370599.38,1.03,0.748,6.61,1.28,19981119,1665261.5,4.65,-29.81,-19.0,48.57,36.27,147606.0
34,600188,兖州煤业,3.82,6.3,8.89,12.32,煤炭开采,山东,9.37,29.6,49.12,19488730.0,6613887.0,4536464.0,124658.3,0.25,1.3780000000000001,9.3,1.39,19980701,3774876.75,7.68,47.85,213.19,16.62,4.48,68300.0
35,600196,复星医药,3.23,6.84,9.47,12.33,化学制药,上海,35.3,19.1,24.95,6197101.0,1505648.75,655600.44,907826.81,3.64,1.27,10.15,4.36,19980807,1111156.5,4.45,26.69,11.36,58.94,16.86,91300.0
36,600208,新湖中宝,1.29,1.61,5.57,,全国地产,浙江,16.36,85.98,85.99,12688068.0,8872464.0,22791.05,801022.44,0.93,0.201,3.61,1.22,19990623,1334704.63,1.55,7.06,149.18,18.41,18.56,117511.0
37,600219,南山铝业,0.89,2.32,4.07,4.92,铝,山东,18.2,70.88,92.51,4604052.0,1517301.25,2597452.0,1467972.5,1.59,0.174,3.54,0.9,19991223,785365.94,0.85,29.03,22.75,22.58,9.44,233400.0
38,600233,圆通速递,3.29,8.17,11.96,15.64,仓储物流,辽宁,31.24,7.83,28.25,1414316.38,691226.94,293984.22,594220.13,2.1,0.511,3.26,4.89,20000608,281349.41,1.0,18.82,5.16,11.73,7.22,58300.0
39,600271,航天信息,4.03,6.09,11.37,15.18,电脑设备,北京,31.25,18.47,18.63,1950105.38,1566238.88,97311.71,37821.92,0.2,0.84,5.27,4.96,20030711,680439.81,3.65,16.17,1.34,15.99,5.23,82400.0
40,600276,恒瑞医药,6.14,11.51,16.13,,化学制药,江苏,75.4,28.17,28.33,1653558.25,1320718.0,172729.52,44377.17,0.16,0.83,5.12,16.13,20001018,994266.69,3.51,21.81,20.7,86.55,23.12,49554.0
41,600297,广汇汽车,3.79,7.83,11.0,,汽车服务,辽宁,14.29,23.92,81.44,11722450.0,6676599.0,1191154.0,657765.0,0.81,0.4,3.55,1.91,20001116,1145511.5,1.41,25.03,45.1,10.21,2.59,32483.0
42,600309,万华化学,11.26,23.13,32.59,40.81,化工原料,山东,8.95,27.34,27.34,6582773.0,2520021.5,2761033.0,239282.55,0.88,4.09,9.98,3.65,20010105,1932001.0,7.07,76.49,202.62,39.7,20.96,128700.0
43,600332,白云山,2.71,6.41,8.08,10.92,中成药,广东,23.63,10.71,16.26,2831471.25,2150455.5,208224.45,987517.81,6.07,1.268,11.61,2.58,20010206,628599.63,3.87,4.58,36.71,37.66,9.84,72800.0
44,600340,华夏幸福,5.64,14.49,16.63,23.67,区域地产,河北,10.75,29.55,29.55,37586472.0,34848628.0,284216.66,343730.63,1.16,2.83,9.51,3.36,20031230,2019873.25,6.84,10.8,35.26,47.93,14.72,89200.0
45,600352,浙江龙盛,3.09,6.34,11.4,,染料涂料,浙江,14.34,32.53,32.53,4485159.5,3028366.75,491667.91,155234.55,0.48,0.5760000000000001,5.05,2.18,20030801,1121347.25,3.45,23.16,31.43,36.72,16.69,152044.0
46,600362,江西铜业,1.14,1.76,3.3,3.37,铜,江西,36.42,20.75,34.63,9746866.0,6317081.0,1871476.38,1168963.88,3.38,0.46299999999999997,13.73,1.23,20020111,1735893.0,5.01,1.35,104.57,4.49,0.78,144000.0
47,600369,西南证券,0.12,1.92,3.04,3.45,证券,重庆,36.46,56.45,56.45,6369429.5,0.0,35340.85,776734.31,1.38,0.11800000000000001,3.43,1.26,20010109,261329.38,0.46,-15.72,-27.11,0.0,21.85,145100.0
48,600372,中航电子,-0.43,2.39,3.55,7.63,航空,北京,51.05,17.59,17.59,2119034.25,1581053.5,308356.28,139966.91,0.8,0.308,4.04,3.9,20010706,306123.0,1.74,0.93,17.82,32.26,7.72,58200.0
49,600373,中文传媒,4.13,6.9,9.34,11.9,出版业,江西,14.41,13.78,13.78,2048065.75,1298980.0,136328.66,543607.88,3.95,1.054,8.85,1.72,20020304,525601.38,3.81,4.15,12.13,36.15,10.91,35500.0
50,600376,首开股份,0.51,1.05,3.08,,区域地产,北京,17.63,25.46,25.8,23276264.0,21372392.0,72309.96,766312.81,2.97,0.27,7.98,1.04,20010312,849065.13,3.29,-13.22,-24.24,30.28,6.02,53364.0
51,600383,金地集团,2.27,3.23,6.14,,全国地产,深圳,16.62,45.15,45.15,19660154.0,16537208.0,115418.42,361586.19,0.8,0.5,8.18,1.36,20010412,2599615.75,5.76,-18.79,32.32,34.57,10.97,49445.0
52,600390,五矿资本,1.46,3.34,6.8,,多元金融,湖南,13.52,5.14,37.48,12162129.0,5173735.5,87624.74,2216018.0,5.91,0.62,8.28,1.23,20010115,299719.06,0.8,-8.54,57.01,13.7,29.5,43851.0
53,600406,国电南瑞,0.2,4.12,9.58,,软件服务,江苏,60.42,22.06,42.02,1754030.75,1554292.0,54272.51,114886.0,0.27,0.35,3.7,4.46,20031016,473962.91,1.13,7.49,12.11,23.58,12.02,81465.0
54,600415,小商品城,6.29,9.59,11.29,,商品城,浙江,17.06,54.43,54.43,2267965.25,704070.06,609077.25,146848.05,0.27,0.22,2.01,2.57,20020509,306359.13,0.56,58.53,48.88,30.36,13.84,220281.0
55,600436,片仔癀,6.08,11.51,16.71,,中成药,福建,56.78,6.03,6.03,548672.06,406228.41,24432.22,63754.3,1.06,1.1179999999999999,6.69,12.65,20030616,229438.2,3.8,68.83,40.26,43.21,24.58,60902.0
56,600482,中国动力,0.88,2.2,3.15,,电气设备,河北,42.11,9.09,17.34,4335453.0,3234045.0,636509.19,1909649.75,11.01,0.47,14.77,1.77,20040714,453969.5,2.62,20.62,21.92,15.92,4.9,59245.0
57,600485,信威集团,-2.4,5.81,3.52,,通信设备,北京,74.33,16.31,29.24,2322784.5,2023900.63,56435.15,306811.53,1.05,0.147,4.17,3.5,20030807,664736.5,2.27,-17.71,-69.72,89.84,18.5,155304.0
58,600489,中金黄金,0.65,1.58,2.25,,黄金,北京,82.13,34.51,34.51,3893148.75,1533953.13,1194362.75,413277.5,1.2,0.08800000000000001,3.91,2.47,20030814,520690.94,1.51,23.7,-25.55,10.45,1.2,244815.0
59,600498,烽火通信,1.86,6.09,6.42,,通信设备,湖北,38.27,10.18,11.14,2790764.0,2362858.25,234853.91,477860.06,4.29,0.57,8.34,3.28,20010823,300676.25,2.7,25.39,12.4,23.49,3.97,50536.0
60,600518,康美药业,3.54,7.16,10.14,,中成药,广东,26.54,44.03,49.74,6533670.5,5427972.5,584594.5,1136969.0,2.29,0.64,5.68,3.95,20010319,1038471.13,2.09,18.59,21.58,30.42,16.15,110288.0
61,600519,贵州茅台,7.74,14.87,23.68,29.61,白酒,贵州,32.39,12.56,12.56,13461011.0,11224919.0,1524409.63,137496.44,1.09,21.557,72.8,9.59,20010827,8001130.5,63.69,49.81,61.97,89.8,46.51,94908.0
62,600522,中天科技,2.68,5.58,8.33,,通信设备,江苏,18.44,27.31,30.66,2603191.75,1866161.75,487533.25,762219.94,2.49,0.48,5.63,2.05,20021024,543710.38,1.77,32.81,25.66,16.65,7.43,131849.0
63,600535,天士力,3.84,9.31,13.39,15.9,中成药,天津,35.31,10.8,10.8,2153182.75,1504914.13,345026.47,147640.44,1.37,1.274,8.01,5.62,20020823,517433.31,4.79,15.41,17.01,36.29,8.55,35111.0
64,600547,山东黄金,2.06,3.87,5.51,6.96,黄金,山东,50.66,14.52,18.57,4211629.0,690911.81,1843170.75,421636.34,2.27,0.612,8.79,3.53,20030828,970364.0,5.23,1.68,-12.02,9.07,2.23,178364.0
65,600549,厦门钨业,1.98,6.73,8.55,8.96,小金属,福建,44.67,10.82,10.87,1885056.25,974236.81,551368.75,334904.41,3.08,0.569,6.34,4.01,20021107,204983.13,1.89,66.37,320.66,21.88,4.36,103388.0
66,600570,恒生电子,1.7,8.81,10.47,15.33,软件服务,浙江,81.85,6.18,6.18,585214.81,298977.97,31915.31,39003.26,0.63,0.763,4.97,12.55,20031216,146348.72,2.37,22.85,2476.18,96.63,17.67,99778.0
67,600583,海油工程,-0.74,0.87,1.31,2.12,石油开采,天津,54.74,44.21,44.21,2839595.5,1213648.63,1214126.25,424794.06,0.96,0.111,5.23,1.16,20020205,1238518.0,2.8,-14.5,-62.67,21.15,4.79,124488.0
68,600585,海螺水泥,2.72,8.35,11.76,17.73,水泥,安徽,11.23,40.0,52.99,12214258.0,4595285.5,5966763.5,1057632.5,2.0,2.992,16.87,1.99,20020207,7058984.0,13.32,34.65,85.87,35.09,21.05,87082.0
69,600588,用友网络,-3.01,-1.23,-5.07,6.65,软件服务,北京,131.98,14.41,14.64,1403398.0,727929.44,209777.45,221901.75,1.52,0.266,3.99,8.78,20010518,149503.38,1.02,24.06,97.11,71.43,6.13,64746.0
70,600606,绿地控股,4.52,8.02,10.89,,全国地产,上海,10.0,32.23,121.68,77101312.0,69979480.0,1059679.0,900962.5,0.74,0.539,4.78,1.5,19920327,3504678.5,2.88,19.92,10.86,13.92,3.64,160918.0
71,600637,东方明珠,1.59,4.56,3.8,,影视音像,上海,33.9,21.8,26.41,3545592.5,2032599.0,255061.47,1222269.13,4.63,0.38299999999999995,10.07,1.72,19930316,1028609.63,3.89,-20.21,-47.52,24.74,8.3,164158.0
72,600649,城投控股,3.34,4.94,5.52,9.21,区域地产,上海,11.21,24.21,25.3,3776962.0,2703596.75,2081.81,180827.69,0.71,0.66,7.54,1.03,19930518,1193891.0,4.72,-66.07,-16.05,29.15,54.7,118612.0
73,600660,福耀玻璃,3.69,7.94,11.85,16.57,汽车配件,福建,19.0,20.03,25.09,3170401.0,1500649.38,1115178.63,622413.31,2.48,1.255,7.57,3.15,19930610,855957.88,3.41,12.6,0.14,42.76,16.82,90887.0
74,600663,陆家嘴,3.19,8.54,10.52,21.85,园区开发,上海,20.49,24.45,33.62,8118012.0,3643200.75,131439.41,3889.81,0.01,0.9309999999999999,4.26,4.48,19930628,863302.31,2.57,-27.19,18.17,49.8,33.57,112552.0
75,600674,川投能源,3.78,6.01,12.95,,水力发电,四川,10.44,44.02,44.02,2928480.25,192582.31,333739.94,405193.03,0.92,0.649,5.01,1.8,19930924,1001321.5,2.27,-21.06,2.02,45.6,517.03,75057.0
76,600682,南京新百,-0.9,1.25,5.09,9.19,百货,江苏,50.26,8.61,11.12,2452806.0,869700.63,339085.03,429745.09,3.86,0.68,7.2,4.62,19931018,166873.17,1.5,5.68,58.58,37.75,4.1,13800.0
77,600685,中船防务,0.17,0.42,-1.84,0.84,船舶,广东,355.81,8.21,14.14,4415766.0,2957560.25,1014648.13,686823.06,4.86,0.062,7.37,3.0,19931028,122868.11,0.87,-4.44,23.27,6.12,0.39,67811.0
78,600688,上海石化,7.22,10.44,15.63,21.73,石油加工,上海,10.22,73.29,108.24,3960953.5,1986605.25,1289250.13,58630.7,0.05,0.5670000000000001,2.61,2.22,19931108,1111079.5,1.03,18.13,3.12,24.3,6.67,100501.0
79,600690,青岛海尔,6.13,15.08,18.81,,家用电器,山东,13.97,60.97,60.97,14444866.0,8203567.0,1546794.0,8346.28,0.01,0.932,4.95,3.5,19931119,2169003.5,3.56,41.27,48.48,29.9,4.77,138077.0
80,600703,三安光电,3.79,8.33,12.52,,半导体,湖北,28.52,40.78,40.78,2459086.25,1069533.0,777871.19,707753.69,1.74,0.583,4.66,4.76,19960528,744970.44,1.83,40.05,58.96,48.34,37.84,52813.0
81,600704,物产中大,1.91,4.77,7.26,,商贸代理,浙江,13.96,13.38,43.07,8824681.0,5441976.0,454379.06,401880.81,0.93,0.3,3.81,1.68,19960606,644516.5,1.5,41.82,19.28,2.87,0.77,89395.0
82,600705,中航资本,2.33,5.72,8.4,11.96,多元金融,黑龙江,17.32,76.19,89.76,23444622.0,14502504.0,603993.38,396274.5,0.44,0.31,2.59,2.07,19960516,679383.06,0.76,35.89,19.77,53.67,48.78,196115.0
83,600739,辽宁成大,3.58,4.44,6.14,,商贸代理,辽宁,16.57,13.65,15.3,3506288.0,609931.56,321751.28,640718.94,4.19,0.8059999999999999,13.11,1.36,19960819,1071929.13,7.01,61.24,48.24,15.88,12.58,84788.0
84,600741,华域汽车,3.86,8.52,12.17,15.87,汽车配件,上海,11.29,28.67,31.53,12337263.0,7876273.5,1620399.0,1279599.88,4.06,2.079,13.09,1.79,19960826,2132639.5,6.76,13.03,7.87,14.47,4.67,57441.0
85,600795,国电电力,1.92,3.43,4.64,,火力发电,辽宁,17.52,196.5,196.5,27668086.0,2102738.5,19478514.0,548029.13,0.28,0.124,2.49,1.16,19970318,1928540.25,0.98,3.83,-49.8,17.75,5.49,807064.0
86,600804,鹏博士,2.63,5.61,8.73,,电信运营,四川,25.57,14.32,14.32,2346922.5,705970.38,1121134.5,233035.38,1.63,0.43,4.84,2.98,19940103,287964.59,2.01,-4.91,-0.14,53.72,9.61,74018.0
87,600816,安信信托,7.55,11.42,18.42,22.65,多元金融,上海,14.15,24.98,45.58,2512611.5,0.0,917.05,401238.13,0.88,0.805,3.55,3.21,19940128,584343.13,1.28,6.6,20.91,0.0,65.59,70800.0
88,600820,隧道股份,1.94,4.21,6.25,,建筑施工,上海,14.44,31.44,31.44,6359022.5,3557736.0,330054.47,683285.75,2.17,0.369,5.89,1.21,19940128,727425.75,2.31,13.45,10.52,11.66,5.81,183819.0
89,600827,百联股份,2.15,3.78,4.04,,超市连锁,上海,20.85,15.43,17.84,4519972.5,1762259.63,1324983.75,291537.13,1.63,0.381,9.41,1.13,19940204,751999.88,4.21,-1.17,-8.92,21.58,1.94,111407.0
90,600871,*ST油服,-18.74,-36.16,-62.05,,石油开采,北京,0.0,120.43,189.84,6194263.0,3182235.5,2558251.0,890786.81,0.47,-0.75,-0.15,-13.42,19950411,-2555601.75,-1.35,12.96,34.33,-5.14,-21.83,166406.0
91,600886,国投电力,3.14,4.3,9.76,10.57,水力发电,北京,14.7,67.86,67.86,20828800.0,1227512.75,13449069.0,647115.38,0.95,0.47600000000000003,4.5,1.55,19960118,1580581.88,2.33,8.11,-17.47,40.58,10.21,190005.0
92,600887,伊利股份,6.98,14.78,20.41,,乳制品,内蒙,26.41,60.33,60.78,4713239.5,2853463.25,1293204.63,277280.72,0.46,0.812,3.98,7.19,19960312,1358262.25,2.23,13.51,12.47,37.92,9.47,177933.0
93,600893,航发动力,-0.56,1.02,1.44,3.72,航空,陕西,66.84,19.48,22.5,5168523.0,2876059.25,1462191.63,1912851.63,8.5,0.47,11.46,2.49,19960408,418167.22,1.86,1.52,7.78,18.97,4.26,87797.0
94,600895,张江高科,2.86,3.74,,,园区开发,上海,40.95,15.49,15.49,1941576.63,862835.88,1479.16,263649.78,1.7,0.255,5.41,2.57,19960422,319996.03,2.07,-54.38,1.72,46.54,57.45,122383.0
95,600900,长江电力,2.06,6.71,13.62,,水力发电,北京,14.9,115.06,220.0,30588756.0,1533629.75,25277520.0,4429287.5,2.01,0.807,6.14,2.61,20031118,4111039.25,1.87,-0.05,9.55,61.37,47.69,110000.0
96,600909,华安证券,1.37,3.38,4.93,,证券,安徽,31.22,27.02,36.21,4127453.25,0.0,55515.0,510982.56,1.41,0.166,3.38,2.05,20161206,213496.05,0.59,13.94,17.29,0.0,39.37,187716.0
97,600919,江苏银行,3.52,7.2,10.34,,银行,江苏,6.81,59.24,115.44,173756544.0,0.0,550187.69,1607527.75,1.39,0.7959999999999999,7.69,0.94,20160802,2877537.25,2.49,7.53,10.94,0.0,35.91,227586.0
98,600926,杭州银行,3.29,6.3,8.88,,银行,浙江,8.37,14.66,36.64,79777160.0,0.0,135591.91,1033264.13,2.82,1.0,11.43,0.98,20161027,1552613.25,4.24,-44.32,9.2,0.0,35.91,78326.0
99,600958,东方证券,2.06,4.29,6.3,6.7,证券,上海,24.52,51.68,69.94,23185998.0,0.0,45613.87,2825493.0,4.04,0.57,7.58,1.64,20150323,847453.13,1.21,53.14,53.57,0.0,33.74,144610.0
100,600959,江苏有线,1.56,2.93,5.24,,影视音像,江苏,29.82,13.96,38.85,3017620.75,727972.06,1684827.75,646043.13,1.66,0.179,3.42,2.08,20150428,233270.05,0.6,63.14,-5.15,32.5,11.9,158291.0
101,600977,中国电影,2.86,6.03,7.0,,影视音像,北京,31.52,5.65,18.67,1697012.0,1299987.0,244707.7,427153.44,2.29,0.379,5.41,2.95,20160809,361014.41,1.93,8.02,2.52,21.35,10.6,122504.0
102,600999,招商证券,1.95,3.33,5.32,7.3,证券,深圳,19.83,49.04,66.99,28564356.0,0.0,64701.88,2753394.0,4.11,0.78,9.59,1.79,20091117,1699379.38,2.54,14.17,7.08,0.0,43.33,104634.0
103,601006,大秦铁路,3.39,8.13,11.53,,铁路,山西,8.03,148.67,148.67,12906953.0,2773182.25,6869881.5,2473709.25,1.66,0.7559999999999999,6.55,1.23,20060801,4758561.0,3.2,32.13,118.37,31.59,26.92,151119.0
104,601009,南京银行,3.83,7.95,11.24,,银行,江苏,7.04,80.7,84.82,114467088.0,0.0,557978.0,1277451.5,1.51,0.8759999999999999,6.63,1.24,20070719,2053001.75,2.42,-11.84,17.02,0.0,40.03,118453.0
105,601012,隆基股份,4.17,11.08,18.42,25.11,半导体,陕西,18.3,19.76,19.94,3288370.0,1892740.0,1080354.88,543336.31,2.72,1.81,7.12,4.6,20120411,589691.06,2.96,41.9,130.38,32.27,21.79,68353.0
106,601018,宁波港,1.93,3.92,6.42,7.35,港口,浙江,26.28,128.0,131.73,6220587.0,1179877.25,2903600.25,861938.81,0.65,0.203,2.76,1.93,20100928,1217071.75,0.92,11.38,16.43,25.55,14.72,229295.0
107,601021,春秋航空,3.97,7.14,14.16,,空运,上海,17.9,8.0,9.17,2052272.38,679718.38,1081482.25,154903.27,1.69,1.48,10.47,2.95,20150121,568338.38,6.2,28.44,1.56,15.53,14.1,23472.0
108,601088,中国神华,3.75,8.68,12.19,14.93,煤炭开采,北京,8.96,164.91,198.9,56712396.0,13264400.0,30921798.0,7473000.0,3.76,2.2640000000000002,15.16,1.34,20071009,18240700.0,9.17,35.83,98.3,42.17,18.11,197544.0
109,601099,太平洋,-0.8,-1.07,0.74,0.99,证券,云南,165.9,64.79,68.16,4704248.5,0.0,28282.0,279778.5,0.41,0.017,1.72,1.64,20071228,116722.75,0.17,-28.11,-82.59,0.0,8.97,346905.0
110,601111,中国国航,1.8,4.1,9.66,8.4,空运,北京,22.29,94.49,145.25,23571782.0,2075933.25,15827427.0,2627084.0,1.81,0.54,6.27,1.77,20060818,3777123.5,2.6,6.49,6.26,17.36,5.97,137165.0
111,601117,中国化学,1.11,3.05,4.57,,建筑施工,北京,20.61,49.33,49.33,8529752.0,6901399.0,779527.5,552196.5,1.12,0.262,5.72,1.26,20100107,1751797.75,3.55,5.01,-10.4,13.73,3.37,118355.0
112,601118,海南橡胶,0.17,-1.56,0.17,,橡胶,海南,1439.13,39.31,42.79,1343077.38,499480.75,158576.52,378693.78,0.88,0.003,2.05,3.14,20110107,-846.96,0.0,47.93,105.18,4.55,0.16,118431.0
113,601155,新城控股,0.28,7.44,12.33,29.23,区域地产,江苏,12.61,7.19,22.57,18352666.0,14165326.0,218346.38,261975.3,1.16,2.71,9.14,3.69,20151204,1550379.38,6.87,44.89,99.68,35.56,14.88,51800.0
114,601163,三角轮胎,1.96,3.48,4.67,,汽车配件,山东,27.52,2.8,8.0,1442935.75,923922.69,423342.06,412397.31,5.15,0.461,9.87,1.71,20160909,219323.77,2.74,21.88,-35.02,18.53,6.11,84040.0
115,601166,兴业银行,4.29,8.04,11.54,,银行,福建,5.39,190.52,207.74,640699328.0,0.0,1811200.0,7501100.0,3.61,2.26,18.41,0.89,20070205,20643600.0,9.94,-13.16,7.2,0.0,45.76,228251.0
116,601169,北京银行,3.7,7.48,10.18,,银行,北京,6.97,182.48,211.43,227522592.0,0.0,952800.0,2623600.0,1.24,0.82,7.37,0.93,20070919,5341700.0,2.53,6.94,3.75,0.0,39.98,172254.0
117,601186,中国铁建,2.14,4.82,7.55,10.74,建筑施工,北京,8.34,115.03,135.8,82188744.0,65289812.0,4598185.0,4042856.5,2.98,1.16,10.02,0.98,20080310,7920463.0,5.83,8.21,14.7,9.24,2.36,291352.0
118,601198,东兴证券,1.61,3.02,4.88,,证券,北京,32.51,27.58,27.58,6996145.5,0.0,25017.26,976207.5,3.54,0.336,6.89,2.12,20150226,407204.03,1.48,0.97,-15.51,0.0,37.69,115564.0
119,601211,国泰君安,2.58,4.06,5.82,8.02,证券,上海,15.21,47.33,87.14,43164820.0,0.0,276538.13,4344790.0,4.99,1.11,14.13,1.22,20150626,3834721.5,4.4,-7.61,0.41,0.0,41.51,163570.0
120,601212,白银有色,0.19,1.11,2.28,,铜,甘肃,141.41,19.65,69.73,4501935.0,2356501.25,534925.63,368547.13,0.53,0.033,1.44,4.3,20170215,294790.91,0.42,1.94,1.71,3.26,0.47,220608.0
121,601216,君正集团,3.75,6.3,10.59,,化工原料,内蒙,18.52,84.38,84.38,2076141.25,668039.88,690280.19,27427.05,0.03,0.191,1.8,2.62,20110222,613820.38,0.73,41.41,62.4,41.62,29.14,118400.0
122,601225,陕西煤业,7.13,13.84,19.04,23.62,煤炭开采,陕西,7.35,100.0,100.0,10540721.0,2680958.25,3174938.75,739342.06,0.74,1.045,4.42,1.74,20140128,2364790.0,2.36,53.71,279.3,55.4,20.52,66450.0
123,601228,广州港,1.39,3.01,4.69,,港口,广东,48.78,14.43,61.93,2222245.75,368693.16,1246337.63,186195.02,0.3,0.091,1.93,3.06,20170329,353962.28,0.57,0.0,0.0,26.5,9.47,150859.0
124,601229,上海银行,3.23,6.45,9.38,,银行,上海,7.25,37.07,78.06,175999888.0,0.0,441962.19,2845220.25,3.65,1.493,15.91,0.91,20161116,3547840.0,4.55,-7.54,6.84,0.0,47.72,161956.0
125,601288,农业银行,4.08,8.01,11.38,13.52,银行,北京,6.45,2940.55,3247.94,2105338240.0,0.0,15525800.0,9877300.0,0.3,0.58,4.15,0.92,20100715,57757300.0,1.78,6.13,4.9,0.0,35.93,404980.0
126,601318,中国平安,5.6,10.19,14.79,18.82,保险,深圳,13.53,108.33,182.8,649307520.0,0.0,4303700.0,12093400.0,6.62,4.99,25.89,2.55,20070301,23686300.0,12.96,25.04,42.78,0.0,10.0,461043.0
127,601328,交通银行,2.97,6.05,8.26,10.46,银行,上海,6.46,392.51,742.63,903825408.0,0.0,12822200.0,11366300.0,1.53,0.91,8.23,0.74,20070515,12451400.0,1.68,1.49,4.48,0.0,35.83,360756.0
128,601333,广深铁路,0.99,1.81,3.13,3.53,铁路,深圳,31.39,56.52,70.84,3399424.0,605788.56,2361574.5,1156273.75,1.63,0.14300000000000002,4.05,1.11,20061222,692888.63,0.98,6.08,-12.34,9.31,5.54,231891.0
129,601333,广深铁路,0.99,1.81,3.13,3.53,铁路,深圳,31.39,56.52,70.84,3399424.0,605788.56,2361574.5,1156273.75,1.63,0.14300000000000002,4.05,1.11,20061222,692888.63,0.98,6.08,-12.34,9.31,5.54,231891.0
130,601336,新华保险,2.98,5.24,7.92,8.44,保险,北京,26.84,20.85,31.2,71027504.0,0.0,595400.0,2395400.0,7.68,1.726,20.42,2.27,20111216,2720000.0,8.72,-1.4,8.92,0.0,3.73,61919.0
131,601375,中原证券,0.93,1.31,3.42,4.34,证券,河南,54.6,18.03,39.24,4066146.75,0.0,23066.51,383485.13,0.98,0.113,2.59,2.37,20170103,40001.76,0.1,5.96,-38.5,0.0,20.58,147606.0
132,601377,兴业证券,2.09,4.08,5.96,6.83,证券,福建,19.61,66.97,66.97,15305539.0,0.0,51634.56,1437024.88,2.15,0.341,4.99,1.34,20101013,802699.06,1.2,16.2,11.66,0.0,25.91,243144.0
133,601390,中国中铁,1.81,5.22,7.33,10.34,建筑施工,北京,10.54,183.28,228.44,84408352.0,66008384.0,5236818.5,4405792.0,1.93,0.67,6.28,1.18,20071203,6728105.5,2.95,7.9,28.44,9.38,2.33,660310.0
134,601398,工商银行,3.72,7.58,10.91,13.44,银行,北京,7.3,2696.12,3564.06,2608704256.0,0.0,21615600.0,15195200.0,0.43,0.79,5.73,1.02,20061027,109754392.0,3.08,7.49,2.8,0.0,39.37,524352.0
135,601555,东吴证券,1.51,2.09,3.87,3.78,证券,江苏,31.33,28.91,30.0,9436045.0,0.0,73711.21,1176400.25,3.92,0.263,6.94,1.19,20111212,325579.28,1.09,-10.78,-47.4,0.0,19.02,98657.0
136,601600,中国铝业,1.01,2.01,3.57,3.49,铝,北京,48.76,109.6,149.04,20014662.0,6834930.5,8621373.0,1956942.75,1.31,0.092,2.51,1.79,20070430,-336809.5,-0.23,24.86,274.16,8.31,0.77,498403.0
137,601601,中国太保,1.5,4.94,8.04,10.66,保险,上海,20.91,62.87,90.62,117122408.0,0.0,1298600.0,6661300.0,7.35,1.618,15.17,2.23,20071225,4572200.0,5.05,19.77,21.61,0.0,4.58,78991.0
138,601607,上海医药,3.05,5.91,8.06,10.34,医药商业,上海,20.62,19.23,28.42,9434448.0,6864225.5,715418.69,1350729.5,4.75,1.31,12.66,2.02,19940324,1657828.63,5.83,8.35,10.14,12.78,2.69,77005.0
139,601608,中信重工,-0.03,0.29,0.31,0.43,专用机械,河南,482.13,43.0,43.39,1973846.38,1098220.75,373263.5,210105.05,0.48,0.006999999999999999,1.65,2.11,20120706,288.57,0.0,22.52,101.98,27.04,0.68,120012.0
140,601611,中国核建,1.26,3.39,5.72,,建筑施工,北京,36.24,9.62,26.25,7308073.0,6106548.5,325061.25,109797.76,0.42,0.19399999999999998,2.9,3.24,20160606,370009.0,1.41,7.04,1.4,9.48,1.75,147744.0
141,601618,中国中冶,1.87,3.49,4.4,7.34,建筑施工,北京,13.06,178.53,207.24,41456516.0,32232892.0,2860349.75,2252766.75,1.09,0.26,3.12,1.23,20090921,2000792.0,0.97,11.13,12.75,13.09,2.48,436062.0
142,601628,中国人寿,1.98,,8.31,10.04,保险,北京,22.13,208.24,282.65,289759104.0,0.0,2538400.0,5514200.0,1.95,1.13,11.35,2.22,20070109,13920200.0,4.92,18.81,68.63,0.0,4.94,166593.0
143,601633,长城汽车,3.96,5.2,6.13,10.23,汽车整车,河北,20.62,60.28,91.27,11054707.0,6929333.0,2771800.75,141123.09,0.15,0.551,5.38,2.11,20110928,3353053.25,3.67,2.08,-52.35,18.43,5.0,73261.0
144,601668,中国建筑,3.58,9.03,12.44,,建筑施工,北京,7.39,297.32,300.0,152710720.0,116624560.0,3175528.5,2458741.25,0.82,0.83,6.34,1.34,20090729,13155045.0,4.39,15.03,4.1,9.56,3.34,626424.0
145,601669,中国电建,2.69,4.81,7.35,,建筑施工,北京,13.21,96.0,152.99,58281880.0,32525930.0,8983306.0,2309230.75,1.51,0.37200000000000005,4.66,1.4,20111018,3220665.25,2.11,13.35,6.23,13.18,3.06,319741.0
146,601688,华泰证券,1.53,3.56,5.47,10.62,证券,江苏,13.71,54.44,71.63,38148252.0,0.0,367798.38,4582062.5,6.4,1.295,12.19,1.46,20100226,1897721.63,2.65,24.78,47.94,0.0,43.95,185488.0
147,601718,际华集团,1.95,2.77,2.85,,服饰,北京,33.09,38.57,43.92,3056186.5,1746667.63,378218.63,804011.81,1.83,0.13,4.22,1.26,20100816,593782.0,1.35,1.08,-31.3,7.69,2.82,153798.0
148,601727,上海电气,1.06,2.92,3.57,4.78,电气设备,上海,32.0,98.51,147.25,19934576.0,14435726.0,1391277.63,1653462.25,1.12,0.19,3.77,1.53,20081205,1911189.75,1.3,-10.13,10.96,22.81,3.34,333552.0
149,601766,中国中车,0.97,3.2,5.78,8.88,运输设备,北京,25.78,229.18,286.99,37517088.0,25547120.0,5723629.5,4063666.5,1.42,0.376,4.24,2.29,20080818,4903599.5,1.71,-8.14,-4.35,22.68,5.12,904032.0
150,601788,光大证券,1.22,2.58,4.64,6.2,证券,上海,19.05,39.07,46.11,20586436.0,0.0,82961.25,2355901.0,5.11,0.654,10.54,1.18,20090818,1163084.75,2.52,7.35,0.11,0.0,30.66,89912.0
151,601800,中国交建,1.91,4.48,6.76,11.35,建筑施工,北京,10.39,117.47,161.75,85023528.0,44954540.0,4441530.0,2548548.0,1.58,1.21,10.01,1.32,20120309,9728299.0,6.01,11.83,22.92,13.97,4.26,140930.0
152,601818,光大银行,3.26,6.37,9.29,10.35,银行,北京,6.72,398.1,524.89,408824288.0,0.0,1492900.0,5353300.0,1.02,0.64,5.24,0.77,20100818,9216400.0,1.76,-2.33,4.01,0.0,34.34,222255.0
153,601857,中国石油,0.47,1.05,1.45,1.9,石油开采,北京,60.06,1619.22,1830.21,240491008.0,42516200.0,69435904.0,12863900.0,0.7,0.125,6.52,1.15,20071105,70744800.0,3.87,24.68,188.52,21.41,1.13,529075.0
154,601866,中远海发,2.54,7.43,7.94,8.98,水运,上海,23.9,79.32,116.83,13903766.0,3627936.75,5378329.5,857.52,0.0,0.125,1.39,2.15,20071212,456232.25,0.39,1.94,296.61,19.81,9.17,375435.0
155,601872,招商轮船,1.86,3.2,4.51,4.03,水运,上海,30.62,47.21,52.99,3779088.75,744930.0,2520107.25,734466.44,1.39,0.11599999999999999,2.87,1.24,20061201,334687.03,0.63,1.17,-64.48,23.82,10.08,180667.0
156,601877,正泰电器,1.98,6.86,10.24,,电气设备,浙江,21.39,17.01,21.51,4210073.0,2022340.38,1493429.88,1092475.5,5.08,0.93,8.93,2.92,20100121,527335.06,2.45,12.21,24.27,29.94,12.35,30310.0
157,601878,浙商证券,2.68,4.09,6.17,7.86,证券,浙江,39.37,3.33,33.33,5292037.5,0.0,95686.59,398078.09,1.19,0.34,4.05,3.1,20170626,403956.72,1.21,0.34,-14.29,0.0,23.07,93300.0
158,601881,中国银河,1.76,3.37,5.27,6.17,证券,北京,26.1,12.29,101.37,25481496.0,0.0,26108.0,2502739.0,2.47,0.39299999999999996,6.36,1.61,20170123,1587694.13,1.57,-14.32,-22.76,0.0,35.09,124108.0
159,601888,中国国旅,5.4,10.09,14.19,,旅游服务,北京,40.8,19.52,19.52,2063642.38,1693854.75,141136.25,384041.53,1.97,0.977,6.89,7.72,20091015,725418.88,3.72,26.14,30.62,28.41,9.2,28190.0
160,601898,中煤能源,1.33,1.93,2.74,2.71,煤炭开采,北京,27.68,91.52,132.59,24883894.0,4887097.0,8878268.0,3813778.0,2.88,0.182,6.71,0.75,20080201,3096478.5,2.34,33.73,19.08,32.41,2.98,176201.0
161,601899,紫金矿业,3.45,4.56,6.46,10.02,黄金,福建,28.1,158.04,230.31,8931526.0,2867501.0,3013620.0,1110991.88,0.48,0.16,1.5,2.86,20080425,2019476.25,0.88,19.91,90.66,13.94,3.71,735904.0
162,601901,方正证券,1.12,2.26,3.57,3.88,证券,湖南,34.56,82.32,82.32,14833626.0,0.0,49089.71,1637602.88,1.99,0.17600000000000002,4.55,1.34,20110810,804609.31,0.98,-23.29,-43.45,0.0,24.41,222154.0
163,601919,中远海控,1.43,9.14,12.98,12.87,水运,天津,21.3,76.36,102.16,13319000.0,3944219.5,4911441.0,2771863.75,2.71,0.261,2.02,2.74,20070626,-1656655.0,-1.62,27.13,126.87,8.69,2.94,323829.0
164,601933,永辉超市,3.73,5.51,7.15,9.08,超市连锁,福建,50.99,81.35,95.7,3287046.75,2033653.25,367617.44,663899.0,0.69,0.19,2.09,4.63,20101215,324134.88,0.34,19.01,46.28,20.84,3.1,177338.0
165,601939,建设银行,4.27,8.49,11.89,13.61,银行,北京,7.6,95.94,2500.11,2212438272.0,0.0,16967900.0,13453699.0,0.54,0.96,6.86,1.07,20070925,88692096.0,3.55,2.74,4.67,0.0,38.97,344007.0
166,601958,金钼股份,0.03,0.12,0.29,,小金属,陕西,434.23,32.27,32.27,1601568.75,493851.31,431869.66,675335.19,2.09,0.012,3.92,1.73,20080417,187996.92,0.58,5.62,208.43,6.38,0.47,115573.0
167,601966,玲珑轮胎,3.09,5.29,8.55,,汽车配件,山东,21.68,3.94,12.0,1858668.38,732117.25,947561.13,266548.47,2.22,0.6,7.01,2.47,20160706,413867.38,3.45,39.09,-7.29,22.61,6.98,82159.0
168,601985,中国核电,2.89,6.12,9.51,,新型电力,北京,18.89,42.3,155.65,30007324.0,3580816.75,13257580.0,1289492.0,0.83,0.264,2.77,2.4,20150610,1258035.38,0.81,15.51,9.11,42.22,16.19,534567.0
169,601988,中国银行,3.21,7.14,9.82,11.52,银行,北京,6.57,2107.66,2943.88,1946742400.0,0.0,20561400.0,14188000.0,0.48,0.56,4.74,0.81,20060705,64655800.0,2.2,-0.07,4.76,0.0,35.67,724112.0
170,601988,中国银行,3.21,7.14,9.82,11.52,银行,北京,6.57,2107.66,2943.88,1946742400.0,0.0,20561400.0,14188000.0,0.48,0.56,4.74,0.81,20060705,64655800.0,2.2,-0.07,4.76,0.0,35.67,724112.0
171,601989,中国重工,0.48,1.02,1.73,,船舶,北京,87.26,183.62,228.8,20866086.0,15185053.0,3207266.0,2872513.25,1.26,0.06,3.34,1.68,20091216,1433862.38,0.63,-23.13,22.85,11.54,4.27,900000.0
172,601991,大唐发电,1.56,2.64,4.57,4.12,火力发电,北京,38.16,99.94,185.07,23567378.0,2144091.5,15703067.0,1058596.5,0.57,0.13,3.12,1.13,20061220,536296.88,0.29,9.27,165.25,16.79,2.65,209293.0
173,601992,金隅集团,0.98,4.06,5.64,5.54,水泥,北京,17.84,81.45,106.78,23220748.0,14358926.0,4589532.0,582020.19,0.55,0.266,3.86,1.23,20110301,2275817.75,2.13,33.39,5.58,25.19,4.45,247369.0
174,601997,贵阳银行,4.39,8.54,13.53,,银行,贵州,7.84,12.39,22.99,43293212.0,0.0,248363.09,486194.91,2.12,1.3869999999999998,10.75,1.35,20160816,1089111.38,4.74,27.07,18.13,0.0,35.51,85948.0
175,601998,中信银行,2.93,6.19,8.77,10.65,银行,北京,7.17,319.05,489.35,567769088.0,0.0,2133000.0,5897700.0,1.21,0.84,7.45,0.84,20070427,16312099.0,3.33,1.9,2.25,0.0,27.16,176586.0
176,603160,汇顶科技,6.02,15.82,22.8,,元器件,深圳,40.56,2.3,4.54,418883.81,385200.13,15153.24,125624.65,2.77,1.71,7.36,12.34,20161017,187336.67,4.12,34.63,26.63,47.38,26.7,25665.0
177,603799,华友钴业,5.47,13.53,20.76,,小金属,浙江,45.59,5.86,5.93,1375890.75,836729.69,328562.84,288167.81,4.86,1.8519999999999999,8.92,12.62,20150129,169786.27,2.86,76.19,9723.36,33.25,17.86,52412.0
178,603833,欧派家居,1.12,7.39,15.4,,家居用品,广东,44.94,0.9,4.21,901359.31,460835.81,162250.63,290630.72,6.91,2.34,14.57,9.23,20170328,267802.22,6.37,0.0,0.0,35.19,13.68,12727.0
179,603858,步长制药,1.73,5.56,8.94,,中成药,山东,23.14,3.28,6.82,1741330.75,594214.44,126133.47,384257.94,5.64,1.6569999999999998,18.53,2.76,20161118,777835.31,11.41,4.92,-10.2,82.23,11.96,50939.0
180,603993,洛阳钼业,3.08,4.46,4.3,7.14,小金属,河南,63.9,129.54,215.99,9783725.0,3904879.5,2423493.25,2758279.5,1.28,0.14,1.77,4.57,20121009,551744.13,0.26,247.47,173.32,37.0,11.3,242088.0
181,000001,平安银行,2.99,5.93,8.78,10.44,银行,深圳,8.16,169.18,171.7,324847392.0,0.0,803600.0,5646500.0,3.29,1.3,11.77,0.94,19910403,7966100.0,4.64,-1.79,2.61,0.0,21.92,393000.0
182,000008,神州高铁,0.15,0.9,1.95,,运输设备,北京,115.11,25.58,28.18,947199.19,501960.81,21886.4,288451.72,1.02,0.043,2.22,3.0,19920507,76263.9,0.27,-2.8,-43.79,50.06,12.45,64328.0
183,000060,中金岭南,2.75,5.71,8.66,10.66,铅锌,深圳,21.14,22.12,23.8,1886884.25,736746.06,542061.81,273448.06,1.15,0.46,4.2,2.26,19970123,436579.16,1.83,25.95,230.1,14.21,5.63,156400.0
184,000063,中兴通讯,4.39,7.9,12.65,14.43,通信设备,深圳,27.5,34.34,41.93,14396222.0,10823059.0,869445.63,1130485.38,2.7,1.09,7.55,3.97,19971118,1466768.25,3.5,7.49,293.78,31.07,4.2,318000.0
185,000157,中联重科,0.22,3.04,3.43,3.54,工程机械,湖南,24.28,62.25,77.94,8314907.0,6204156.0,587106.63,1309294.75,1.68,0.171,4.82,0.86,20001012,1512858.13,1.94,16.23,242.65,21.35,5.72,374800.0
186,000166,申万宏源,1.82,3.9,6.57,,证券,新疆,22.97,200.28,225.36,28867292.0,0.0,126767.57,444494.59,0.2,0.18,2.75,1.77,20150126,1821340.0,0.81,-5.14,-6.89,0.0,37.17,324597.0
187,000333,美的集团,6.64,16.3,21.05,23.43,家用电器,广东,19.52,63.58,65.75,24810686.0,16981068.0,2260072.5,1591150.38,2.42,2.66,11.24,4.56,19931112,4762723.5,7.24,51.35,17.7,25.03,7.18,155900.0
188,000338,潍柴动力,3.58,8.1,12.04,19.32,汽车配件,山东,10.02,43.15,79.97,18963816.0,10034017.0,2706740.5,13589.87,0.02,0.851,4.41,1.94,20070430,2789878.5,3.49,62.66,178.89,21.84,4.49,187300.0
189,000413,东旭光电,1.73,2.82,4.48,,元器件,河北,31.2,40.95,57.3,4869413.0,3477729.5,899441.81,1520815.5,2.65,0.21,4.64,1.61,19960925,256585.77,0.45,84.64,27.97,24.54,13.04,349000.0
190,000413,东旭光电,1.73,2.82,4.48,,元器件,河北,31.2,40.95,57.3,4869413.0,3477729.5,899441.81,1520815.5,2.65,0.21,4.64,1.61,19960925,256585.77,0.45,84.64,27.97,24.54,13.04,349000.0
191,000415,渤海金控,1.28,3.31,5.99,,多元金融,新疆,14.46,31.16,61.85,31088822.0,5765114.0,18376382.0,1722281.25,2.78,0.303,5.05,1.16,19960716,717891.13,1.16,61.4,30.09,38.62,6.65,103831.0
192,000423,东阿阿胶,6.74,10.41,13.83,20.76,中成药,山东,19.92,6.54,6.54,1237603.0,964033.88,170964.7,69067.68,1.06,3.1260000000000003,15.05,4.14,19960729,797769.81,12.2,16.7,10.36,65.05,27.73,84600.0
193,000425,徐工机械,0.97,2.63,3.26,,工程机械,江苏,26.08,69.94,70.08,5059979.5,3723039.5,721926.5,334410.5,0.48,0.111,3.02,1.28,19960828,996835.38,1.42,78.2,370.39,20.02,3.61,248494.0
194,000503,海虹控股,-2.81,-6.01,-12.26,,医疗保健,海南,0.0,8.99,8.99,142492.81,100357.18,4646.1,2317.08,0.03,-0.172,1.4,30.65,19921130,44383.25,0.49,-23.99,-81.4,10.04,-137.75,51171.0
195,000538,云南白药,4.4,9.05,14.88,,中成药,云南,28.84,10.41,10.41,2668540.0,2414405.0,175079.09,124721.57,1.2,2.501,16.8,5.72,19931215,1435950.5,13.79,10.56,10.39,31.82,14.47,41428.0
196,000540,中天金融,5.88,9.18,10.53,12.95,多元金融,贵州,16.59,43.24,46.98,10850483.0,5965951.5,320931.69,355733.66,0.76,0.44299999999999995,3.42,2.15,19940202,700483.13,1.49,-18.84,-29.18,39.23,13.18,227184.0
197,000559,万向钱潮,5.09,9.66,13.04,17.45,汽车配件,浙江,26.89,27.53,27.53,1152936.38,697625.31,303409.69,25041.42,0.09,0.32,1.83,4.69,19940110,162499.84,0.59,3.42,5.72,20.67,7.9,129900.0
198,000568,泸州老窖,6.75,13.16,13.64,,白酒,四川,33.74,14.02,14.65,1797156.75,1334952.25,108417.86,354351.97,2.42,1.42,10.0,6.14,19940509,802914.69,5.48,23.03,33.11,72.34,27.44,61617.0
199,000623,吉林敖东,2.17,4.7,6.84,9.17,中成药,吉林,12.78,10.95,11.63,2185459.0,307417.34,208829.52,406796.47,3.5,1.6030000000000002,17.46,1.17,19961028,1298273.63,11.17,8.77,11.82,70.75,62.6,91300.0
200,000625,长安汽车,5.22,10.24,12.53,,汽车整车,重庆,6.86,37.61,48.03,10437897.0,6218786.0,1613902.75,511049.41,1.06,1.21,9.91,1.12,19970610,3385743.5,7.05,-4.06,-24.92,11.78,11.3,171000.0
201,000627,天茂集团,0.79,4.64,6.0,,保险,湖北,33.31,13.54,49.41,12956284.0,2028551.75,50415.7,693681.13,1.4,0.2,3.28,2.3,19961112,265504.19,0.54,5.24,-0.47,15.05,226.14,98700.0
202,000630,铜陵有色,0.85,1.39,2.31,,铜,安徽,51.73,95.6,105.27,4750635.5,2487264.25,1522326.13,241147.45,0.23,0.038,1.62,1.6,19961120,310098.25,0.29,-6.61,315.39,4.41,0.65,451407.0
203,000630,铜陵有色,0.85,1.39,2.31,,铜,安徽,51.73,95.6,105.27,4750635.5,2487264.25,1522326.13,241147.45,0.23,0.038,1.62,1.6,19961120,310098.25,0.29,-6.61,315.39,4.41,0.65,451407.0
204,000651,格力电器,6.93,18.01,26.37,,家用电器,广东,13.34,59.7,60.16,22072378.0,17467548.0,1727772.0,18340.06,0.03,2.57,9.75,4.69,19961118,4870734.5,8.1,34.51,37.68,31.37,13.94,363550.0
205,000686,东北证券,1.22,,4.05,4.25,证券,吉林,27.55,23.4,23.4,5993884.5,0.0,70768.06,574978.75,2.46,0.285,6.7,1.17,19970227,505725.31,2.16,9.92,-49.28,0.0,13.54,118400.0
206,000709,河钢股份,1.42,2.76,4.74,,普钢,河北,12.12,106.17,106.19,18778436.0,5477618.5,10127093.0,2320581.5,2.19,0.207,4.32,0.77,19970416,1014572.81,0.96,47.02,135.18,11.84,2.53,433034.0
207,000723,美锦能源,4.28,6.98,11.35,13.78,焦炭加工,山西,20.94,10.81,41.06,1381764.63,503530.84,641500.38,176094.59,0.43,0.259,1.88,2.89,19970515,174019.25,0.42,72.12,56.69,25.11,8.7,40600.0
208,000728,国元证券,1.15,2.49,4.26,4.74,证券,安徽,25.41,29.46,33.65,7967884.0,0.0,140323.52,1261040.25,3.75,0.4,7.54,1.21,19970616,499523.06,1.48,4.0,-14.35,0.0,34.29,117021.0
209,000738,航发控制,0.73,2.83,3.59,4.24,航空,江苏,90.01,11.46,11.46,717618.25,431146.09,187273.56,266719.88,2.33,0.19,4.48,3.82,19970626,123794.97,1.08,1.98,4.21,27.73,8.52,98612.0
210,000750,国海证券,1.56,2.61,4.02,,证券,广西,24.22,42.16,42.16,6862083.0,0.0,16227.98,627598.13,1.49,0.133,3.26,1.32,19970709,169659.95,0.4,-22.56,-42.66,0.0,25.3,159701.0
211,000768,中航飞机,-0.57,0.59,0.82,2.99,航空,陕西,110.77,27.69,27.69,4073876.5,3280496.0,477653.09,1013714.63,3.66,0.17,5.68,3.32,19970626,157563.81,0.57,18.98,14.1,7.26,1.52,168671.0
212,000776,广发证券,2.62,5.32,7.61,10.12,证券,广东,14.43,59.19,76.21,35690464.0,0.0,94062.46,3186481.75,4.18,1.128,11.13,1.46,19970611,2576785.5,3.38,4.17,7.04,0.0,39.84,150100.0
213,000783,长江证券,1.65,3.83,5.6,,证券,湖北,20.01,55.29,55.29,11124832.0,0.0,31091.27,1046489.0,1.89,0.26899999999999996,4.8,1.49,19970731,546828.81,0.99,5.04,-14.8,0.0,34.02,210216.0
214,000792,盐湖股份,-1.09,-2.18,-3.65,-20.55,化工原料,青海,0.0,27.5,27.86,8241853.0,1641249.63,5264180.5,947820.81,3.4,-1.493,6.73,2.03,19970904,436744.66,1.57,12.88,-1318.77,33.52,-35.55,104550.0
215,000826,启迪桑德,2.23,5.17,5.76,,环境保护,湖北,26.86,8.47,10.22,3204177.25,1233058.38,195923.19,659202.88,6.45,0.87,12.16,2.39,19980225,440071.09,4.31,21.91,16.02,29.73,12.73,43908.0
216,000839,中信国安,0.82,3.43,3.63,,综合类,北京,82.2,39.19,39.2,1639215.38,537699.63,27358.1,101416.63,0.26,0.063,1.74,3.99,19971031,136113.06,0.35,22.89,13.2,20.49,7.73,252153.0
217,000895,双汇发展,5.82,15.62,23.45,29.54,食品,河南,19.39,32.99,33.0,2308906.5,1001653.5,1149980.75,188505.34,0.57,1.3090000000000002,4.43,5.73,19981210,760197.06,2.3,-2.65,-1.95,18.91,8.56,56183.0
218,000898,鞍钢股份,2.32,3.94,6.88,11.21,普钢,辽宁,7.76,61.49,72.35,8920400.0,2857600.0,4800600.0,3151900.0,4.36,0.775,6.91,0.87,19971225,760400.0,1.05,45.66,246.84,13.72,6.65,100964.0
219,000938,紫光股份,1.31,3.31,4.56,,软件服务,北京,52.36,2.06,10.42,4089620.75,1923148.63,38908.73,2106400.25,20.21,1.08,23.68,3.19,19991104,225695.67,2.17,52.1,116.67,22.96,4.17,38590.0
220,000959,首钢股份,1.86,3.62,6.89,8.36,普钢,北京,11.17,29.67,52.89,13415852.0,2059292.75,8621840.0,2009251.38,3.8,0.418,4.99,0.93,19991216,-552427.75,-1.04,43.97,451.33,13.17,3.67,107500.0
221,000961,中南建设,1.09,2.56,2.91,,建筑施工,江苏,49.88,37.0,37.1,15074722.0,14343288.0,227739.95,259748.5,0.7,0.109,3.73,1.94,20000301,725642.31,1.96,-0.97,-17.27,17.87,2.12,58300.0
222,000963,华东医药,6.95,13.58,18.35,21.2,化学制药,浙江,36.98,8.68,9.72,1598710.63,1279272.13,197713.59,294158.53,3.03,1.831,8.63,7.84,20000127,398731.34,4.1,9.66,23.01,26.12,6.39,20600.0
223,000983,西山煤电,2.72,,7.55,,煤炭开采,山西,13.16,31.51,31.51,5771195.0,1792082.25,2168136.75,93211.74,0.3,0.436,5.77,1.33,20000726,1115745.25,3.54,62.28,576.64,34.65,6.53,155130.0
224,001979,招商蛇口,3.62,6.2,6.64,17.87,全国地产,深圳,13.8,19.0,79.04,33262092.0,28658524.0,283885.88,1971441.25,2.49,1.546,8.65,2.47,20151230,3322457.25,4.2,18.69,27.54,37.66,16.2,85000.0
225,002007,华兰生物,5.7,10.07,13.86,17.58,生物制药,河南,34.79,8.03,9.3,521931.25,366923.69,95981.71,39452.31,0.42,0.883,5.02,6.12,20040625,288730.03,3.1,22.41,5.19,62.42,34.66,61000.0
226,002008,大族激光,2.72,14.98,21.78,,电器仪表,深圳,28.24,9.92,10.67,1561020.13,1047977.13,133630.38,79206.18,0.74,1.4080000000000001,6.55,8.09,20040625,421052.91,3.95,78.69,137.31,43.0,16.85,70399.0
227,002008,大族激光,2.72,14.98,21.78,,电器仪表,深圳,28.24,9.92,10.67,1561020.13,1047977.13,133630.38,79206.18,0.74,1.4080000000000001,6.55,8.09,20040625,421052.91,3.95,78.69,137.31,43.0,16.85,70399.0
228,002024,苏宁易购,0.11,0.38,0.83,5.33,电器连锁,江苏,30.04,50.49,93.1,15727669.0,8038279.0,1437307.38,3598048.75,3.86,0.452,8.48,1.6,20040721,2003398.75,2.15,26.48,498.02,14.1,2.24,344400.0
229,002027,分众传媒,12.2,36.61,47.2,,影视音像,广东,27.17,58.04,122.32,1261868.5,996725.0,31904.36,18293.81,0.01,0.32,0.85,13.65,20040804,763757.19,0.62,15.74,24.45,72.28,44.87,55515.0
230,002044,美年健康,-3.29,0.86,6.22,,医疗保健,江苏,241.55,10.62,26.01,808202.69,312355.03,132129.81,265.76,0.0,0.09,2.5,10.7,20050518,104771.8,0.4,58.78,126.54,46.22,7.23,26000.0
231,002065,东华软件,5.22,6.74,9.86,,软件服务,北京,21.0,27.95,31.4,1439059.13,1172929.13,31982.93,234153.05,0.75,0.287,2.84,2.83,20060823,317053.63,1.01,17.71,42.5,33.4,21.3,119266.0
232,002074,国轩高科,4.87,10.36,14.24,,电气设备,江苏,27.65,6.31,11.37,1280474.38,728787.69,273518.66,131342.77,1.16,0.73,7.31,2.84,20061018,242827.25,2.14,9.7,-13.27,37.24,17.04,69218.0
233,002142,宁波银行,4.57,8.94,13.66,16.34,银行,浙江,9.91,44.91,50.7,103204248.0,0.0,481095.91,877990.63,1.73,1.8,10.31,1.77,20070719,2587805.25,5.1,7.06,19.5,0.0,36.87,66000.0
234,002146,荣盛发展,1.89,7.13,11.3,,全国地产,河北,11.24,38.9,43.48,17581722.0,16317646.0,170854.56,460333.56,1.06,0.642,5.68,1.69,20070808,1210621.75,2.78,15.9,28.34,28.51,12.87,122591.0
235,002153,石基信息,1.24,3.59,5.38,,软件服务,北京,81.17,4.84,10.67,624929.69,355845.25,33730.09,163874.5,1.54,0.261,4.85,5.83,20070813,246502.38,2.31,19.3,5.23,44.95,14.17,23529.0
236,002174,游族网络,7.04,11.19,14.49,16.19,互联网,福建,28.92,5.77,8.88,663594.75,313398.53,69906.0,93032.38,1.05,0.76,4.56,4.68,20070925,219884.0,2.47,27.89,11.57,52.17,20.27,39600.0
237,002202,金风科技,0.89,5.5,10.59,13.46,电气设备,新疆,20.14,28.05,35.56,7278784.0,3308132.75,1807967.63,817518.25,2.3,0.84,5.96,2.9,20071226,809199.63,2.28,-4.8,1.72,30.24,12.16,104500.0
238,002230,科大讯飞,0.99,1.31,2.04,5.63,软件服务,安徽,183.0,11.97,13.89,1334033.63,724259.19,145383.77,525403.69,3.78,0.33,5.56,10.31,20080512,181093.48,1.3,63.97,-10.27,51.38,7.98,238700.0
239,002236,大华股份,3.36,10.83,15.15,22.72,电器仪表,浙江,29.73,17.02,28.99,2133347.75,1755631.63,124830.51,59334.06,0.2,0.821,3.61,6.76,20080520,599613.0,2.07,41.38,30.33,38.23,12.62,50500.0
240,002241,歌尔股份,2.66,5.25,9.72,14.36,元器件,山东,20.42,27.23,32.45,2657059.25,1324627.63,956707.63,295070.09,0.91,0.68,4.59,2.93,20080522,785347.69,2.42,32.4,29.53,22.01,8.38,115894.0
241,002252,上海莱士,1.85,5.75,7.49,,生物制药,上海,77.54,49.73,49.75,1419718.88,678181.25,104488.68,304223.31,0.61,0.19,2.52,7.74,20080623,423609.91,0.85,-9.23,-23.78,63.62,64.06,39275.0
242,002292,奥飞娱乐,0.94,2.78,6.3,,影视音像,广东,39.37,7.63,13.57,859855.19,322005.69,33046.43,146001.94,1.08,0.24,3.83,3.19,20090910,206053.41,1.52,5.75,-27.96,49.27,11.92,97783.0
243,002294,信立泰,6.56,13.63,19.13,23.98,化学制药,深圳,29.68,10.46,10.46,686438.19,371643.72,111724.52,16109.25,0.15,1.3880000000000001,5.79,7.12,20090910,432497.56,4.13,8.35,3.97,81.1,34.95,31030.0
244,002304,洋河股份,9.52,14.58,19.6,,白酒,江苏,22.25,12.4,15.07,3955368.0,2526792.25,784142.25,74170.4,0.49,3.7039999999999997,18.89,5.82,20091106,2546643.0,16.9,15.08,15.34,62.25,33.07,20791.0
245,002310,东方园林,-0.38,4.87,8.67,,建筑施工,北京,45.35,16.23,26.83,2945561.75,2063992.38,93404.05,177141.97,0.66,0.32,3.73,5.24,20091127,510227.84,1.9,72.29,67.64,29.93,10.03,57451.0
246,002352,顺丰控股,3.62,8.61,11.6,14.59,仓储物流,安徽,45.05,8.92,44.14,5766016.5,3148962.0,1189495.75,1587295.13,3.6,1.12,7.41,6.57,20100205,1149477.0,2.6,23.68,14.12,20.07,6.71,55700.0
247,002385,大北农,2.06,5.59,8.65,12.38,饲料,北京,19.89,22.65,42.43,1925782.25,911319.69,461075.94,141169.77,0.33,0.31,2.41,2.46,20100409,470411.56,1.11,11.29,43.34,24.17,6.75,108700.0
248,002411,必康股份,1.95,5.27,7.04,,化学制药,江苏,48.12,2.87,15.32,2002614.75,777911.94,122185.02,489595.06,3.2,0.405,5.75,4.52,20100525,174530.38,1.14,23.75,-9.96,37.22,18.86,15444.0
249,002415,海康威视,5.73,13.68,22.85,,电器仪表,浙江,45.77,79.07,92.27,4430441.0,3849100.5,292851.56,177044.52,0.19,0.667,3.29,12.37,20100528,1420472.13,1.54,31.14,26.82,44.18,22.19,127510.0
250,002424,贵州百灵,4.39,7.58,10.65,15.38,中成药,贵州,38.46,7.32,14.11,482267.09,364947.47,69626.21,13592.17,0.1,0.373,2.42,5.92,20100603,161750.3,1.15,17.05,9.08,63.27,20.3,71267.0
251,002426,胜利精密,1.66,3.73,4.52,5.27,元器件,江苏,36.03,20.88,34.42,1849295.38,1084540.0,398281.41,382243.31,1.11,0.14,2.56,1.89,20100608,140573.59,0.41,18.08,7.65,10.75,2.9,70600.0
252,002450,康得新,3.35,7.53,10.82,,化工原料,江苏,27.9,28.86,35.34,3375850.5,2680999.5,315808.66,678168.88,1.92,0.532,4.91,4.02,20100716,648721.31,1.84,32.05,32.86,37.92,19.89,90567.0
253,002456,欧菲科技,2.31,7.23,11.39,,元器件,深圳,37.53,26.57,27.14,3128681.75,1924986.0,767269.88,295511.72,1.09,0.376,3.3,5.7,20100803,350276.44,1.29,28.69,80.3,12.59,4.18,79494.0
254,002460,赣锋锂业,5.21,22.46,33.08,36.38,小金属,江西,35.17,5.24,7.41,799910.0,456768.09,79526.06,114040.47,1.54,1.982,5.45,12.8,20100810,194919.66,2.63,54.12,216.36,40.47,33.51,108450.0
255,002465,海格通信,0.26,1.73,2.21,3.59,通信设备,广东,87.17,18.77,23.07,1183456.5,729822.81,135961.2,381998.91,1.66,0.127,3.53,3.14,20100831,170572.16,0.74,-18.61,-44.68,40.0,8.75,120100.0
256,002466,天齐锂业,7.73,16.75,22.58,23.65,小金属,四川,29.05,11.36,11.42,1783985.75,786514.19,146658.05,418974.38,3.67,1.94,9.12,5.98,20100831,361620.06,3.17,40.09,41.86,70.14,39.21,126492.0
257,002468,申通快递,5.59,12.36,17.56,,仓储物流,浙江,24.44,3.32,15.31,786302.06,533113.25,77373.78,321889.53,2.1,0.736,4.19,5.72,20100908,262437.06,1.71,25.99,24.09,19.61,13.16,36331.0
258,002470,金正大,4.41,8.38,9.43,,农药化肥,山东,23.38,27.27,31.58,2053058.0,1258981.0,441084.56,116879.88,0.37,0.29,3.06,2.93,20100908,494549.25,1.57,8.62,-19.48,15.47,4.8,48855.0
259,002475,立讯精密,2.6,5.7,8.91,,元器件,深圳,51.41,31.62,31.73,2417419.25,1541855.88,536316.94,455836.19,1.44,0.341,4.02,5.82,20100915,426315.75,1.34,65.14,58.98,21.87,7.79,28845.0
260,002500,山西证券,1.12,1.93,3.04,3.27,证券,山西,55.9,28.29,28.29,5165085.5,0.0,39998.09,671329.63,2.37,0.145,4.42,1.83,20101115,141649.06,0.5,87.28,-12.57,0.0,9.31,169600.0
261,002508,老板电器,5.71,13.6,20.18,,家用电器,浙江,26.31,9.35,9.49,785402.75,657878.06,82814.74,39765.26,0.42,1.012,5.01,7.08,20101123,297628.31,3.14,25.15,36.95,56.07,19.26,28077.0
262,002555,三七互娱,8.73,13.67,18.37,,互联网,安徽,21.48,11.67,21.48,873319.5,284776.44,26405.72,195185.88,0.91,0.57,3.07,5.26,20110302,241642.75,1.12,21.73,61.04,68.69,27.13,40126.0
263,002558,巨人网络,4.29,8.8,12.55,,互联网,重庆,45.11,3.48,20.24,947640.31,761935.38,43946.87,399502.47,1.97,0.515,4.1,7.55,20110302,268685.66,1.33,22.79,30.97,82.45,50.92,22093.0
264,002572,索菲亚,1.94,7.62,13.9,20.27,家居用品,广东,33.52,6.2,9.23,705994.69,360206.03,218466.17,147929.02,1.6,0.982,4.84,6.8,20110412,182746.52,1.98,36.02,36.56,38.17,14.72,17000.0
265,002594,比亚迪,1.16,3.27,5.15,7.39,汽车整车,深圳,37.8,11.38,27.28,17809944.0,10268439.0,4324481.5,2447429.25,8.97,1.4,18.73,3.01,20110630,1923592.38,7.05,2.36,-19.51,19.01,3.84,100057.0
266,002601,龙蟒佰利,4.53,10.23,14.31,19.41,化工原料,河南,14.96,6.72,20.32,2084635.38,708156.38,602893.94,964099.13,4.74,1.25,6.34,2.9,20110715,140992.11,0.69,148.03,466.02,45.12,24.4,62100.0
267,002602,世纪华通,2.77,12.35,14.01,,汽车配件,浙江,52.52,10.27,14.59,630708.19,245757.41,110721.86,189498.98,1.3,0.7,4.95,6.93,20110728,208643.13,1.43,-3.18,82.0,30.31,29.04,13923.0
268,002608,江苏国信,2.36,5.26,8.38,,火力发电,江苏,14.92,5.37,32.53,4384478.5,593603.69,2381168.0,1310714.0,4.03,0.435,5.19,1.67,20110810,-346383.97,-1.06,15.27,19.44,13.35,10.22,29171.0
269,002624,完美世界,4.28,8.57,14.2,18.89,影视音像,浙江,28.85,4.66,13.15,1658490.38,1024631.81,47859.57,355731.0,2.71,1.145,6.06,5.45,20111028,297855.72,2.27,28.76,29.01,57.36,18.98,12684.0
270,002673,西部证券,1.44,2.53,4.04,,证券,陕西,35.62,35.02,35.02,5428881.0,0.0,19872.77,949806.69,2.71,0.22,5.01,1.92,20120503,210431.09,0.6,-13.22,-24.08,0.0,31.65,239366.0
271,002714,牧原股份,10.72,13.17,18.63,18.57,农业综合,河南,23.51,6.0,11.58,2404463.5,874215.38,1059695.88,386489.97,3.34,2.12,10.99,4.37,20140128,486895.06,4.2,79.14,1.88,29.81,23.56,19000.0
272,002736,国信证券,2.09,,6.59,,证券,深圳,19.64,82.0,82.0,19708918.0,0.0,136192.66,677181.69,0.83,0.38,5.59,1.92,20141229,1661301.5,2.03,-9.63,-9.31,0.0,38.42,120918.0
273,002739,万达电影,4.31,7.96,10.97,,影视音像,北京,36.25,11.4,11.74,2291958.25,449196.66,253658.17,459088.41,3.91,1.077,9.81,5.31,20150122,502494.0,4.28,20.72,10.29,31.38,12.41,111154.0
274,002797,第一创业,0.79,2.17,3.39,4.77,证券,深圳,65.19,19.18,35.02,3311973.5,0.0,14660.12,259304.8,0.74,0.121,2.53,3.11,20160511,167407.17,0.48,-3.75,-24.73,0.0,21.67,276000.0
275,002797,第一创业,0.79,2.17,3.39,4.77,证券,深圳,65.19,19.18,35.02,3311973.5,0.0,14660.12,259304.8,0.74,0.121,2.53,3.11,20160511,167407.17,0.48,-3.75,-24.73,0.0,21.67,276000.0
276,002831,裕同科技,3.65,7.07,13.02,,广告包装,深圳,25.47,1.19,4.0,814957.0,542176.19,165292.94,137343.0,3.43,1.528,12.5,4.15,20161216,276662.25,6.92,25.94,10.9,31.74,13.51,13733.0
277,002839,张家港行,2.49,4.41,6.83,9.21,银行,江苏,19.73,8.36,18.08,10317257.0,0.0,62564.06,86643.13,0.48,0.43,4.58,1.82,20170124,133948.67,0.74,-0.65,10.68,0.0,31.62,140600.0
278,002841,视源股份,5.41,13.85,24.92,,元器件,广东,43.93,0.41,4.07,541879.5,463160.06,44692.76,81343.8,2.0,1.49,6.17,13.92,20170119,123421.35,3.03,23.2,0.28,21.11,7.99,9326.0
279,300003,乐普医疗,4.02,8.47,11.99,13.98,医疗保健,北京,65.35,14.12,17.82,1279072.13,515870.81,113266.61,114439.82,0.64,0.505,3.61,9.14,20091030,291825.25,1.64,30.85,32.36,67.23,19.81,26191.0
280,300015,爱尔眼科,5.26,11.74,18.75,,医疗保健,湖南,77.04,11.98,15.86,703303.69,211073.72,102725.61,59085.26,0.37,0.42,2.22,18.46,20091030,129651.81,0.82,42.16,35.06,48.46,14.44,25497.0
281,300017,网宿科技,2.6,5.5,7.4,,电信运营,上海,45.93,16.05,24.31,960215.38,623858.38,127445.61,220414.3,0.91,0.24,3.3,4.38,20091030,281983.78,1.16,17.84,-37.53,34.59,15.07,106000.0
282,300024,机器人,1.03,3.1,4.72,7.28,专用机械,辽宁,78.99,15.14,15.6,842363.81,598071.5,105937.77,265032.78,1.7,0.27699999999999997,3.8,5.76,20091030,153959.41,0.99,20.73,5.26,33.26,17.61,156500.0
283,300027,华谊兄弟,-0.76,4.55,6.35,8.57,影视音像,浙江,30.75,19.2,27.75,2015466.25,864621.13,88283.7,253168.52,0.91,0.299,3.48,2.64,20091030,390084.47,1.41,12.64,2.49,45.45,20.99,141500.0
284,300033,同花顺,3.96,10.42,16.12,22.89,软件服务,浙江,37.41,2.64,5.38,421118.56,374421.13,36191.65,35677.57,0.66,1.35,5.89,8.57,20091225,199298.91,3.71,-18.69,-40.11,90.0,51.48,49400.0
285,300059,东方财富,0.77,1.99,3.45,4.33,互联网,上海,108.68,34.44,42.89,4184475.5,3634006.5,176127.45,624420.0,1.46,0.149,3.42,4.72,20100319,262301.38,0.61,-7.54,-10.77,64.31,57.26,238820.0
286,300070,碧水源,1.44,3.32,4.55,,环境保护,北京,56.61,19.21,31.34,3633763.25,1268387.38,50617.84,679790.0,2.17,0.23600000000000002,5.77,3.09,20100421,591159.13,1.89,68.67,68.65,25.99,13.71,86813.0
287,300072,三聚环保,6.38,16.28,24.17,,环境保护,北京,21.4,13.76,18.08,2326108.75,1992613.75,178618.97,169794.34,0.94,1.12,4.86,6.48,20100427,472329.25,2.61,66.48,64.13,18.73,11.64,52463.0
288,300122,智飞生物,2.33,6.41,10.22,14.71,生物制药,重庆,122.55,8.69,16.0,410589.81,228573.09,72151.55,20796.47,0.13,0.27,1.84,18.03,20100928,103060.81,0.64,201.06,1229.25,78.54,32.2,19200.0
289,300124,汇川技术,3.49,9.0,14.21,,电器仪表,深圳,56.99,12.28,16.64,874115.63,693508.5,67738.9,137859.16,0.83,0.44,3.26,10.13,20100928,220673.16,1.33,27.57,5.03,45.27,23.11,24022.0
290,300136,信维通信,9.58,17.48,27.83,,通信设备,深圳,36.06,7.45,9.83,479046.75,325385.13,44655.45,33830.17,0.34,0.73,2.81,12.46,20101105,140833.13,1.43,64.94,106.4,37.4,28.8,42968.0
291,300144,宋城演艺,3.67,7.69,12.75,14.56,旅游景点,浙江,28.33,11.53,14.53,875468.13,230584.02,168874.95,247631.2,1.7,0.735,5.05,4.13,20101209,315207.63,2.17,14.36,18.32,63.19,35.31,35549.0
292,300251,光线传媒,2.59,5.61,8.6,,影视音像,北京,42.09,27.52,29.34,917181.5,310972.97,1625.95,140406.52,0.48,0.214,2.49,4.83,20110803,224086.02,0.76,30.52,8.28,36.11,40.56,73085.0
293,300315,掌趣科技,1.88,3.1,4.54,,互联网,北京,33.47,26.43,27.58,1011407.19,174390.11,3829.08,411427.84,1.49,0.14300000000000002,3.15,2.03,20120511,168623.13,0.61,-5.66,-29.55,60.38,30.83,210213.0
294,600000,浦发银行,,7.27,10.03,,银行,上海,6.04,281.04,293.52,606383680.0,0.0,2527500.0,8176000.0,2.79,1.45,13.2,0.87,19991110,10843900.0,3.69,3.18,2.97,0.0,33.58,192174.0
295,600221,海航控股,,1.9,4.41,5.76,空运,海南,16.44,164.36,168.06,19734788.0,4310229.5,7390793.5,1788220.38,1.06,0.18,3.12,1.04,19991125,1570956.0,0.93,47.26,5.89,13.54,5.55,426000.0
296,600837,海通证券,,3.57,5.29,7.31,证券,上海,15.51,80.92,115.02,53470632.0,0.0,265727.63,5635798.0,4.9,0.7490000000000001,10.24,1.13,19940224,3029754.5,2.63,0.75,7.15,0.0,30.54,249401.0
297,600837,海通证券,,3.57,5.29,7.31,证券,上海,15.51,80.92,115.02,53470632.0,0.0,265727.63,5635798.0,4.9,0.7490000000000001,10.24,1.13,19940224,3029754.5,2.63,0.75,7.15,0.0,30.54,249401.0
