date,景点及旅游,燃气水务,综合,专用设备,证券,新材料,建筑材料,物流,交运设备服务,通信设备,通信服务,通用设备,石油矿业开采,其他电子,农业服务,非汽车交运,汽车零部件,化工新材料,园区开发,钢铁,建筑装饰,食品加工制造,半导体及元件,医药商业,化工合成材料,传媒,医疗器械服务,房地产开发,服装家纺,中药,公交,银行,造纸,电气设备,采掘服务,电子制造,纺织制造,机场航运,电力,公路铁路运输,零售,生物制品,化学制药,包装印刷,种植业与林业,国防军工,有色冶炼加工,酒店及餐饮,光学光电子,化学制品,农产品加工,港口航运,保险及其他,仪器仪表,煤炭开采加工,饮料制造,汽车整车,计算机应用,视听器材,家用轻工,贸易,养殖业,计算机设备,环保工程,基础化学,白色家电
1.1885184e+18,1102.775,1237.890,1077.499,1148.506,1205.988,1127.733,1153.854,1098.928,1124.375,1073.441,1043.520,1151.293,1260.975,1126.032,1211.049,1155.096,1100.307,1104.831,1132.959,1213.992,1095.081,1090.319,1078.429,1108.676,1086.171,1138.169,1081.790,1148.793,1096.290,1081.491,1088.409,1182.172,1211.445,1095.524,1168.727,979.339,1054.222,1228.096,1113.641,1136.263,1106.905,1161.088,1140.710,1086.420,1106.495,,1300.521,1117.544,1154.537,1104.184,1084.623,1170.422,1336.940,1110.457,1189.221,1053.079,1175.334,1125.666,1075.910,1102.152,1130.864,1136.000,1105.140,1083.317,1126.049,1057.525
1.1909376e+18,1100.076,1277.573,1138.412,1216.226,1180.936,1141.527,1199.542,1135.256,1063.230,1076.836,1157.816,1146.630,1586.733,1076.205,1368.844,1210.955,1080.991,1195.971,1115.043,1390.332,1122.197,1104.229,1064.739,1133.376,1207.575,1172.737,1165.070,1126.576,1050.239,1065.447,1102.850,1140.652,1299.769,1098.834,1168.727,968.452,1029.984,1393.654,1206.891,1204.563,1090.053,1203.473,1190.585,1122.270,1171.506,,1529.744,1171.118,1264.053,1154.740,1043.150,1271.353,1547.364,1154.117,1485.517,1107.625,1260.807,1095.975,1065.716,1068.261,1213.758,1093.106,1147.264,1046.612,1281.478,1099.490
1.1937888e+18,952.441,1142.823,965.331,1132.809,1373.451,1007.276,1092.868,983.449,858.075,936.217,1052.904,1037.268,1405.873,921.456,1355.087,1054.413,957.713,1110.452,1030.830,1248.703,1069.870,953.794,897.629,982.583,1073.455,963.499,961.848,1058.804,952.411,931.180,913.165,1297.519,1092.792,966.777,1274.092,879.178,911.189,1282.555,1076.100,1065.677,962.966,1060.156,1103.873,951.813,1020.598,,1420.559,993.552,1069.023,1073.358,923.045,1146.081,1528.303,965.543,1294.938,1051.261,1115.473,991.573,882.748,935.512,1038.083,997.808,968.036,934.256,1169.171,1015.691
1.1963808e+18,961.651,1109.030,923.555,1031.134,1035.221,933.235,989.206,909.124,822.362,942.888,938.397,944.938,1119.166,875.967,1214.179,1044.532,912.058,1029.659,881.018,1052.636,940.734,924.084,887.777,949.023,982.172,918.924,890.968,923.868,872.866,893.759,851.825,1140.614,1065.645,925.074,991.371,763.270,879.446,1275.747,981.502,973.945,927.243,1056.086,1063.680,953.119,979.178,,1062.972,916.132,1071.518,1016.370,909.962,1096.207,1347.140,920.908,1192.901,948.444,972.972,974.913,894.648,891.961,988.885,960.575,920.385,913.054,1041.798,980.813
1.1988e+18,1151.872,1336.195,1117.473,1210.523,1283.460,1171.572,1231.814,1114.772,976.080,1166.297,1154.935,1127.605,1340.241,1065.648,1483.126,1278.570,1077.319,1281.261,1013.298,1298.170,1148.718,1116.450,1057.178,1143.514,1211.445,1139.210,1085.902,1073.521,1059.220,1128.742,993.281,1168.012,1291.972,1120.047,1132.395,926.305,1047.006,1484.567,1166.952,1142.344,1141.768,1304.037,1364.839,1076.822,1213.531,,1295.049,1129.983,1266.532,1308.245,1123.253,1280.325,1561.974,1100.905,1380.979,1178.650,1146.662,1191.253,1100.462,1100.192,1200.803,1226.996,1116.344,1010.063,1275.475,1190.986
1.2017376e+18,1039.203,1167.741,1057.151,1062.264,1139.226,1091.258,1097.121,1076.142,903.193,1132.392,1045.882,985.881,1098.592,1026.344,1333.898,1155.912,1027.713,1150.011,905.461,1104.718,983.874,1027.168,965.323,1062.226,1113.253,1021.499,1039.504,953.268,1010.109,1046.385,880.373,983.434,1269.662,1028.534,957.907,789.330,981.570,1219.478,1053.478,1015.459,1023.599,1242.024,1202.340,1039.776,1247.730,,1104.298,1057.798,1206.280,1235.954,1042.647,1129.742,1363.912,942.133,1260.623,1075.973,1088.954,1158.990,1056.791,980.630,1060.126,1115.379,1079.529,923.752,1193.216,1151.152
1.2042432e+18,1131.706,1328.840,1214.240,1160.667,1133.809,1186.435,1245.731,1182.137,973.858,1219.250,1067.078,1087.517,1271.244,1132.655,1472.892,1243.190,1121.563,1338.996,976.936,1246.937,1092.041,1133.254,1064.118,1171.739,1262.243,1158.428,1123.398,1019.690,1131.365,1143.244,984.497,1030.793,1339.213,1165.947,1065.712,834.567,1085.771,1322.159,1164.502,1067.413,1084.943,1289.853,1370.796,1142.858,1519.453,,1200.481,1154.171,1281.959,1428.250,1240.180,1229.564,1465.881,1083.259,1362.926,1141.498,1133.140,1238.379,1146.181,1030.678,1208.450,1251.676,1190.499,994.593,1340.179,1260.398
1.2069216e+18,966.758,1138.021,975.179,886.907,772.579,960.487,960.693,923.315,856.076,1005.878,819.851,871.785,954.002,924.870,1109.161,914.918,904.282,1016.943,842.869,978.227,877.375,920.326,858.265,968.206,972.909,879.168,888.430,880.005,920.831,908.902,785.581,883.285,1124.124,929.771,857.493,694.753,893.713,1025.713,906.353,876.532,897.289,1091.779,1084.022,929.769,1231.936,,870.562,968.297,1025.378,1153.275,991.181,984.897,1100.581,885.670,1104.152,902.540,843.944,1018.299,929.779,807.632,963.329,982.538,941.625,842.487,1039.934,1000.380
1.2095136e+18,916.125,1152.623,853.012,849.489,1113.975,940.157,892.756,899.503,813.442,917.897,815.886,827.664,983.016,880.806,1153.649,863.038,805.880,961.576,739.828,980.826,810.382,844.347,749.449,933.575,884.484,898.440,846.101,750.323,864.792,853.980,736.711,975.759,1154.518,851.680,845.638,668.067,799.921,995.498,830.683,850.797,888.085,1039.299,1032.663,874.902,1371.756,,795.815,878.823,955.611,1107.098,1010.131,944.405,1235.326,755.297,1251.441,906.332,824.354,962.399,890.911,728.917,891.502,1003.959,863.764,792.740,1003.095,1017.633
1.2121056e+18,807.207,1063.531,836.417,807.749,973.216,946.897,898.252,823.191,739.771,952.064,786.917,791.698,981.670,847.280,1131.451,843.543,770.962,944.270,673.716,957.992,817.984,812.912,702.462,955.682,843.517,840.745,843.582,688.901,826.042,849.296,701.594,843.660,1093.144,831.696,893.620,624.992,763.617,893.743,831.685,777.496,845.971,985.948,1104.827,782.656,1417.161,,725.578,847.923,881.978,1119.743,977.905,896.256,1100.005,749.406,1288.055,872.207,735.362,1007.064,854.370,676.471,859.582,1003.998,828.615,724.057,1026.959,929.889
1.214784e+18,528.433,773.343,590.855,599.826,773.392,712.982,688.747,649.694,547.167,665.063,559.918,610.317,772.107,615.649,839.907,610.153,541.584,746.508,548.797,728.483,647.983,661.593,524.778,748.008,640.615,646.961,653.676,529.776,634.192,665.847,543.233,648.802,771.551,661.960,734.268,487.351,549.107,690.363,628.641,579.937,602.346,763.057,833.941,611.819,1137.480,,562.746,635.924,627.142,888.150,764.526,642.564,853.573,575.620,1001.222,650.722,505.216,795.334,637.509,511.940,648.087,801.809,604.398,578.477,766.817,690.493
1.2174624e+18,568.013,843.136,639.406,706.153,750.781,788.207,796.688,772.272,617.930,753.215,621.234,702.798,848.560,688.150,942.565,685.375,592.347,841.553,635.122,790.325,730.802,702.178,577.554,790.117,743.825,699.459,727.502,612.793,715.044,732.706,593.858,666.419,862.774,747.575,745.193,538.597,626.799,784.864,649.547,616.587,667.006,869.773,927.369,691.108,1362.888,,633.415,683.428,699.638,1008.988,856.345,695.235,1009.254,683.120,1034.045,714.907,551.482,843.024,705.519,572.658,759.842,964.201,658.199,588.303,836.335,748.586
1.219968e+18,456.126,621.588,486.484,578.128,653.054,607.418,658.578,701.469,479.981,542.479,452.073,582.741,685.234,521.192,802.154,535.447,473.048,692.266,504.552,650.837,609.209,548.257,454.852,632.707,606.410,539.055,579.619,502.657,551.502,565.162,543.728,668.774,671.282,623.663,539.433,414.673,499.395,689.435,498.096,508.552,512.206,684.463,680.753,529.385,1052.661,,476.899,503.574,530.037,796.120,682.618,527.567,963.806,593.183,760.941,569.287,439.460,654.069,541.380,427.315,629.232,791.347,505.700,480.339,661.979,584.233
1.2223872e+18,456.896,599.272,437.296,571.038,767.114,566.857,609.288,648.682,415.528,500.254,433.265,525.016,626.451,457.339,734.558,497.191,435.898,608.608,460.947,628.959,592.156,492.645,408.846,643.632,563.275,526.290,551.136,473.974,514.541,538.258,548.023,545.283,562.377,571.204,496.213,353.458,455.825,654.729,492.912,515.067,484.145,621.957,648.642,473.926,921.944,,421.815,442.315,444.000,694.150,581.896,509.423,858.447,563.203,674.559,487.512,420.626,590.844,481.477,369.492,600.307,695.219,446.522,457.398,617.267,547.880
1.2254112e+18,293.453,442.951,311.224,,,,,,302.069,363.347,315.631,,,353.692,,374.893,303.470,,355.390,,,378.246,302.351,511.719,,384.651,492.416,,382.971,440.025,394.517,,390.437,,,270.374,337.106,,368.964,432.753,421.041,492.302,520.782,368.383,,,,306.093,318.877,,,374.950,,,,374.947,310.940,463.083,365.586,275.028,,,330.842,350.746,,441.014
1.2278304e+18,341.601,542.148,378.528,594.559,711.356,580.086,728.154,564.383,351.638,434.602,375.926,541.510,618.408,421.744,743.664,444.176,361.701,631.490,431.822,651.048,683.465,448.507,352.650,620.510,535.342,452.825,596.749,489.311,434.120,521.334,448.961,520.107,442.014,635.187,469.996,311.124,395.876,644.344,449.863,486.914,504.846,581.902,623.016,446.638,1020.103,,403.024,365.260,378.212,683.571,603.976,429.306,764.740,540.720,593.194,429.803,381.828,542.021,435.507,336.786,597.252,736.419,383.209,466.262,562.384,515.147
1.2306816e+18,371.072,555.105,409.027,608.883,673.913,629.679,742.076,624.273,385.211,543.856,447.625,584.913,652.184,455.995,870.869,512.420,382.549,670.250,428.572,629.765,706.349,465.069,389.568,715.393,566.269,493.210,670.716,510.784,470.750,588.168,460.196,527.335,462.292,729.162,545.882,373.680,427.420,679.552,466.849,454.953,552.819,659.977,701.947,505.708,1080.338,,430.002,413.679,411.471,746.143,638.406,432.881,830.926,587.064,669.753,460.470,385.805,667.963,482.473,379.624,648.114,777.738,442.062,442.284,592.677,573.345
1.2326688e+18,419.760,657.615,488.647,741.490,848.267,801.464,898.448,721.250,447.040,597.851,496.388,701.446,807.988,536.735,1021.247,640.217,473.830,805.169,537.369,744.130,808.385,521.089,457.148,770.904,665.453,549.103,791.333,589.336,554.707,655.200,529.783,596.282,540.203,825.810,631.235,435.625,496.739,756.153,525.802,492.415,598.976,742.640,798.110,561.256,1202.629,,520.300,465.796,481.971,901.044,744.299,490.211,979.729,679.505,834.231,502.977,451.881,722.595,546.751,433.288,759.188,867.986,516.894,525.876,703.121,611.860
1.2356928e+18,479.892,688.083,524.827,806.922,887.913,867.970,989.788,801.744,474.473,638.844,504.120,744.992,926.373,571.861,1108.889,669.761,536.184,834.511,568.900,790.830,863.652,614.796,476.083,792.490,720.259,596.294,805.043,665.549,584.401,690.599,566.001,637.145,608.344,890.272,625.895,449.970,537.715,808.307,582.006,534.799,669.961,785.568,849.756,621.466,1295.562,,617.040,526.492,586.798,939.960,821.793,550.292,1059.704,722.226,859.738,549.590,554.705,762.694,636.506,462.091,863.320,952.609,563.424,544.728,756.070,674.897
1.2384576e+18,589.531,841.688,655.731,961.591,1168.411,1114.107,1238.105,976.733,610.992,783.854,596.698,912.180,1151.224,695.767,1305.269,818.219,673.927,1050.017,759.411,930.375,1049.695,725.875,598.642,900.782,873.431,710.942,957.311,867.756,714.658,817.302,715.793,725.446,761.780,1125.699,690.422,577.091,680.231,967.790,708.967,588.291,795.696,939.336,980.198,745.632,1354.190,,840.834,629.002,751.077,1135.400,960.347,679.762,1329.877,871.474,1100.064,640.300,669.985,942.761,753.637,572.297,1083.069,1086.301,700.028,668.968,942.831,783.136
1.2410496e+18,608.267,875.545,714.868,1006.085,1148.559,1185.084,1342.707,1066.384,682.924,960.902,637.148,977.773,1164.989,740.690,1501.697,866.663,738.386,1071.892,801.950,930.697,1118.545,847.184,629.805,993.618,1007.529,780.211,1111.723,948.392,753.389,894.603,789.811,740.337,785.356,1214.005,837.267,680.846,727.021,995.007,731.269,615.219,881.797,1027.976,1067.072,814.323,1323.828,,838.496,660.595,795.485,1181.617,942.857,699.143,1354.736,926.849,1267.793,688.357,755.590,1104.697,858.252,611.292,1124.167,1029.533,765.928,702.796,964.782,869.363
1.2433824e+18,652.785,951.732,766.957,1074.831,1253.043,1348.207,1376.944,1055.517,820.101,957.409,660.084,1068.242,1445.857,774.154,1531.834,901.288,832.012,1151.344,840.920,1023.198,1174.570,913.430,669.610,996.774,1077.553,854.900,1147.320,1058.213,780.989,894.163,805.165,799.158,823.607,1419.463,977.996,711.595,787.522,1009.239,801.874,638.828,924.546,1072.926,1053.265,834.920,1369.522,,949.367,753.529,838.991,1210.855,1044.484,736.056,1420.084,1000.278,1534.597,740.168,816.504,1159.564,874.491,661.633,1213.531,1076.617,832.050,781.781,1092.106,909.574
1.24632e+18,696.998,979.935,844.237,1135.596,1441.123,1376.378,1471.581,1054.169,901.095,1007.149,682.841,1080.546,1568.840,802.592,1728.712,942.660,835.167,1205.950,916.307,1218.838,1264.840,957.793,669.317,1039.989,1157.266,898.479,1201.196,1251.747,822.247,986.918,838.552,1028.220,869.344,1373.780,964.910,697.653,842.955,1066.190,836.545,685.581,1013.812,1222.583,1121.439,885.535,1404.106,,1094.674,803.737,878.594,1247.740,1168.666,830.966,1538.638,1067.811,1669.702,822.616,829.582,1145.838,887.198,672.609,1250.110,1129.269,845.896,721.251,1122.500,950.616
1.2489984e+18,753.492,1097.132,934.929,1292.502,1867.838,1577.898,1644.973,1195.133,976.863,1145.653,773.844,1245.048,1885.213,888.096,1791.493,1138.903,940.452,1406.518,1054.098,1623.130,1494.734,1037.158,773.265,1090.702,1398.747,992.677,1262.449,1436.075,884.946,1082.382,938.552,1156.391,1024.781,1522.077,1038.585,823.504,947.879,1234.714,987.775,741.340,1088.802,1304.901,1235.665,1061.832,1492.238,,1432.800,880.783,1005.447,1440.391,1358.032,915.813,1805.609,1219.628,2161.351,958.968,983.132,1343.403,1005.871,761.501,1426.372,1250.779,992.947,810.923,1364.305,1051.948
1.2516768e+18,681.967,872.209,784.747,1090.143,1219.795,1246.165,1369.733,997.038,949.315,974.263,669.846,1028.774,1393.945,762.131,1567.387,1007.468,775.613,1220.113,822.535,1147.009,1229.299,928.115,657.468,1056.052,1282.050,899.802,1171.593,1125.826,802.398,1025.214,753.260,834.206,851.968,1268.932,775.719,741.515,773.617,1004.610,792.242,625.804,958.598,1154.059,1148.466,937.999,1377.404,,1101.355,748.118,836.962,1238.502,1138.594,773.897,1430.356,1048.154,1593.902,830.616,779.269,1057.484,836.419,689.374,1161.332,1171.009,819.408,610.070,1134.580,920.504
1.2542688e+18,667.674,897.539,822.026,1148.996,1248.632,1322.670,1436.635,1060.633,892.518,1051.236,716.081,1099.180,1385.013,809.197,1593.456,980.452,817.438,1257.616,874.041,1111.562,1288.648,1009.724,684.511,1114.798,1298.739,902.186,1204.375,1180.639,861.827,1088.866,754.534,950.275,861.520,1395.206,786.107,776.103,816.836,998.868,805.183,633.472,1018.034,1251.442,1200.723,979.194,1413.995,,1153.459,757.411,886.062,1255.224,1119.456,769.489,1488.626,1089.854,1636.615,867.554,862.449,1131.785,898.544,705.844,1207.203,1141.326,868.818,707.314,1116.464,1004.358
1.2568608e+18,721.259,998.953,934.680,1279.529,1411.841,1477.834,1592.099,1220.919,1030.663,1164.118,809.568,1256.866,1533.009,886.867,1740.560,1064.125,1002.763,1387.286,965.855,1204.378,1397.417,1130.593,778.863,1230.805,1513.752,1001.155,1350.271,1357.089,973.490,1252.981,835.778,1023.130,950.512,1515.321,878.774,841.002,912.559,1070.966,882.011,680.547,1126.323,1451.997,1359.563,1106.532,1575.265,,1289.974,850.651,1046.641,1395.668,1260.595,830.615,1702.561,1188.251,1903.679,949.985,1078.366,1267.218,1020.985,802.838,1378.608,1229.779,954.373,837.719,1231.884,1212.317
1.2595392e+18,890.791,1188.923,1050.737,1467.492,1539.714,1706.113,1893.015,1319.126,1189.608,1295.681,871.083,1422.972,1678.320,1031.229,1999.318,1228.069,1133.376,1602.632,1063.322,1414.644,1598.255,1334.062,870.082,1409.887,1739.852,1098.154,1499.812,1561.052,1109.580,1409.637,958.838,1040.758,1085.209,1737.060,939.096,1106.660,1056.083,1174.689,994.569,807.490,1321.932,1604.336,1570.761,1225.631,1883.009,,1424.959,1010.466,1203.659,1659.156,1465.815,934.237,1939.400,1361.435,2183.553,1136.841,1202.426,1481.998,1290.077,949.398,1589.959,1484.338,1089.683,1159.829,1487.149,1446.196
1.2622176e+18,913.271,1205.141,1060.731,1538.801,1631.579,1671.432,1976.319,1405.791,1228.795,1429.805,911.599,1505.533,1645.935,1107.606,2008.475,1246.439,1219.055,1624.501,1032.930,1429.931,1643.095,1379.790,966.552,1447.645,1767.001,1069.228,1439.814,1484.150,1110.897,1421.232,1015.794,1125.648,1156.225,1763.391,961.766,1140.932,1121.381,1219.976,982.430,800.204,1362.879,1583.292,1600.590,1261.092,1940.124,,1451.554,1006.431,1349.100,1692.964,1542.247,957.281,2020.153,1343.773,2159.364,1183.570,1324.441,1573.651,1388.869,1033.123,1636.872,1485.231,1157.673,1169.268,1550.466,1483.294
1.2647232e+18,955.164,1120.943,1060.990,1417.342,1499.216,1600.943,1985.164,1332.760,1220.103,1411.228,952.381,1438.202,1564.838,1062.284,1972.027,1235.542,1151.922,1493.919,962.400,1253.225,1574.950,1352.399,963.008,1547.192,1673.651,1100.630,1423.047,1340.058,1098.416,1458.628,1059.199,979.808,1105.493,1724.009,858.582,1100.772,1096.038,1270.807,934.439,817.085,1347.080,1524.518,1577.923,1193.247,1944.425,,1302.312,1019.714,1378.687,1658.400,1497.124,957.504,1809.040,1277.730,1860.890,1159.702,1168.441,1610.214,1461.932,1009.383,1596.917,1489.355,1164.321,1260.180,1469.528,1439.753
1.2671424e+18,1035.661,1233.848,1162.991,1509.344,1503.303,1663.427,2098.185,1406.703,1288.940,1495.337,976.644,1511.573,1645.954,1136.419,2106.200,1347.199,1222.060,1618.909,1011.492,1313.405,1692.659,1429.663,1001.713,1702.976,1807.303,1184.802,1579.385,1447.603,1161.982,1592.810,1143.418,1002.322,1197.658,1802.979,908.808,1140.552,1176.475,1364.522,1000.578,899.878,1453.850,1622.077,1662.127,1267.716,2029.653,,1342.687,1117.145,1457.893,1743.481,1620.825,1038.791,1901.940,1366.837,1946.843,1222.092,1286.067,1708.272,1533.384,1054.567,1743.636,1566.092,1227.288,1477.864,1556.428,1561.723
1.2699936e+18,1051.939,1340.590,1220.760,1592.572,1499.449,1845.054,2162.551,1534.412,1402.286,1594.286,1026.159,1619.020,1727.402,1253.005,2172.541,1390.320,1330.621,1732.942,1069.337,1319.177,1840.329,1458.877,1120.677,1682.559,1867.196,1272.388,1727.893,1541.760,1212.796,1592.546,1244.587,1064.709,1237.718,1977.447,913.164,1309.966,1233.191,1407.067,1016.608,906.694,1465.469,1689.818,1719.918,1318.648,1961.267,,1375.710,1161.633,1581.798,1820.006,1666.904,1063.544,1999.181,1486.603,2031.835,1214.471,1341.852,1856.785,1534.150,1139.854,1804.285,1592.286,1360.083,1570.363,1596.445,1610.610
1.2725856e+18,991.290,1239.223,1111.126,1466.822,1287.667,1819.329,1946.699,1401.532,1277.437,1441.326,940.375,1517.230,1690.920,1247.415,2013.133,1282.584,1248.058,1598.108,891.504,1186.898,1621.157,1406.183,1070.541,1722.638,1646.581,1177.238,1753.998,1258.123,1088.220,1577.563,1084.803,935.196,1201.400,1859.572,899.875,1240.676,1119.069,1366.025,932.390,805.131,1385.311,1653.196,1769.318,1184.869,1942.754,,1353.706,1046.809,1566.269,1611.053,1545.959,992.086,1809.527,1324.111,1927.858,1246.660,1229.101,1666.912,1313.664,1035.699,1708.640,1505.068,1236.636,1629.171,1504.885,1487.042
1.275264e+18,886.487,1134.916,1006.316,1332.115,1046.232,1763.373,1785.658,1291.730,1111.161,1316.965,831.621,1375.140,1693.235,1229.618,2065.744,1206.558,1139.895,1463.850,755.666,1006.400,1496.190,1305.785,998.582,1723.637,1460.186,1092.356,1814.843,1123.154,1009.725,1577.303,878.989,848.651,1072.453,1744.808,763.304,1181.329,1029.674,1146.523,827.947,752.906,1282.936,1561.654,1693.255,1083.340,1899.757,,1267.985,942.568,1456.114,1464.688,1400.499,867.176,1577.018,1194.055,1702.921,1174.622,1100.730,1518.532,1183.851,920.041,1511.086,1354.974,1130.637,1642.142,1316.331,1369.241
1.277856e+18,827.763,996.249,912.895,1234.997,963.001,1490.368,1613.826,1202.360,961.360,1206.623,773.781,1231.507,1474.014,1105.199,1815.807,1089.905,1016.845,1332.727,695.496,887.931,1370.716,1192.874,913.495,1527.551,1329.242,982.378,1610.234,1039.412,977.044,1332.309,755.495,815.671,954.322,1561.047,673.382,1091.998,942.165,1060.831,754.616,678.966,1212.136,1418.811,1427.705,995.969,1682.384,,1108.980,871.665,1355.120,1291.509,1246.360,797.247,1498.812,1066.883,1453.729,1122.052,964.911,1447.511,1078.189,835.622,1326.461,1238.719,1029.752,1471.874,1138.148,1250.766
1.280448e+18,962.904,1116.497,1068.638,1458.202,1072.994,1790.164,1862.118,1397.077,1131.520,1331.736,866.325,1415.538,1683.232,1242.211,2023.894,1312.557,1189.993,1535.201,852.330,1057.350,1607.185,1371.987,1044.368,1602.294,1529.743,1089.193,1804.046,1270.667,1105.903,1488.665,910.901,911.626,1107.968,1780.948,746.698,1229.875,1102.932,1236.765,861.510,761.523,1375.097,1549.136,1569.206,1146.839,1888.880,,1268.519,1010.607,1576.318,1499.695,1443.300,903.017,1682.901,1220.139,1722.307,1294.508,1147.517,1574.575,1200.117,964.757,1574.925,1439.482,1152.235,1646.971,1325.178,1454.576
1.2832128e+18,1108.949,1173.978,1160.711,1620.036,1091.681,2355.644,2143.018,1560.213,1257.900,1447.334,908.238,1639.031,1975.207,1434.649,2356.981,1459.088,1342.183,1746.604,864.058,1108.641,1862.323,1549.200,1166.471,1898.054,1711.847,1192.481,2029.494,1339.389,1243.321,1710.024,968.364,896.168,1148.326,2065.049,804.491,1354.293,1203.442,1288.460,906.187,762.241,1591.423,1744.537,1802.481,1232.209,2289.152,,1474.110,1077.774,1740.614,1713.167,1687.175,945.320,1811.224,1413.675,1902.956,1453.253,1268.234,1733.578,1220.773,1073.576,1793.240,1717.965,1241.149,1856.243,1509.688,1551.004
1.2858048e+18,1074.355,1180.818,1179.411,1590.213,1051.936,2461.667,2078.548,1497.642,1216.197,1403.976,873.956,1639.382,2278.764,1396.667,2313.561,1538.370,1354.943,1729.697,829.477,1114.379,1842.904,1615.968,1139.655,1987.911,1732.001,1150.339,2013.177,1292.208,1265.578,1799.523,968.460,858.231,1212.906,2004.650,802.305,1346.208,1187.956,1292.487,932.692,737.530,1626.190,1761.799,1839.407,1219.617,2393.112,,1648.544,1095.378,1749.950,1706.424,1725.776,926.701,1775.600,1377.813,1947.012,1564.538,1309.647,1714.940,1176.180,1128.237,1840.259,1679.400,1259.744,1712.730,1543.950,1509.223
1.2883104e+18,1098.109,1324.550,1277.253,1814.782,1381.659,3408.011,2221.814,1599.700,1302.968,1509.967,942.497,1855.225,2507.396,1564.220,2407.257,1705.069,1550.039,1942.950,903.392,1237.924,2035.759,1638.953,1290.187,1979.661,1918.987,1223.564,2195.570,1367.632,1330.449,1831.639,1017.928,968.208,1303.928,2199.157,900.121,1490.233,1255.409,1584.303,1011.887,798.916,1612.092,1860.434,1919.412,1289.572,2602.577,,2081.629,1077.813,1913.038,1854.806,1864.592,1067.154,2073.933,1516.449,2525.456,1615.355,1505.090,1879.134,1248.796,1207.617,1957.532,1795.596,1357.204,1733.336,1781.302,1645.460
1.2910752e+18,1143.203,1354.173,1267.234,1868.518,1165.046,3168.896,2327.478,1630.306,1193.476,1609.166,987.945,1909.787,2421.924,1612.508,2557.327,1662.298,1590.956,1935.162,900.181,1135.396,2141.819,1749.239,1416.272,2150.144,1949.066,1190.891,2525.302,1273.941,1402.321,2123.747,963.420,863.784,1245.026,2334.942,987.402,1624.886,1276.050,1403.774,1002.963,738.609,1628.499,2028.842,2094.577,1339.583,2610.676,,1882.481,1095.535,2102.578,1877.503,1839.226,985.141,1925.729,1576.716,2327.601,1732.732,1414.623,2034.652,1256.362,1244.611,1881.039,1846.434,1454.849,2006.899,1751.734,1679.694
1.2937536e+18,1100.400,1325.651,1208.123,1836.066,1146.048,3224.357,2312.920,1599.228,1158.660,1599.780,941.366,1906.420,2534.299,1583.107,2439.728,1617.010,1546.870,1875.473,934.438,1129.271,2150.961,1685.041,1386.993,1956.287,1917.767,1165.490,2488.349,1271.245,1343.574,1987.976,927.180,857.319,1163.324,2260.118,1064.018,1628.620,1262.941,1396.221,976.888,717.783,1555.776,1870.555,1946.935,1367.794,2631.676,,1991.770,1080.947,2040.338,1834.228,1807.222,963.898,1883.113,1537.448,2475.287,1589.153,1273.462,1958.159,1198.256,1198.401,1799.870,1795.040,1371.112,1989.703,1686.392,1677.971
1.296432e+18,1046.371,1308.591,1156.401,1798.099,1081.147,2963.937,2262.892,1531.288,1069.310,1455.062,866.033,1873.938,2385.939,1426.266,2320.501,1639.299,1471.007,1728.260,894.562,1141.542,2151.442,1616.892,1234.370,1789.928,1826.072,1059.575,2212.083,1230.179,1254.228,1782.055,879.579,866.217,1146.640,2067.344,1001.142,1431.591,1203.384,1354.019,956.397,709.053,1475.671,1715.057,1767.062,1270.831,2483.214,,1804.482,1027.420,1849.363,1672.105,1691.634,942.174,1797.643,1440.355,2287.851,1469.373,1325.572,1739.617,1196.308,1087.660,1709.188,1629.660,1241.409,1891.662,1641.453,1529.245
1.2988512e+18,1195.879,1385.406,1307.674,1955.143,1203.408,3441.682,2550.360,1730.873,1160.568,1636.286,943.738,2046.955,2652.154,1619.358,2521.572,1769.622,1628.608,1968.281,1029.543,1214.869,2313.682,1724.915,1403.644,1901.200,2015.186,1113.574,2381.356,1343.247,1336.323,1935.832,962.186,874.658,1280.989,2263.336,1058.008,1558.322,1347.771,1404.184,1040.312,744.777,1570.771,1848.684,1916.303,1408.853,2838.985,,2032.027,1085.811,2054.815,1891.949,1849.355,1014.000,1939.064,1560.034,2473.795,1586.416,1436.544,1871.628,1349.634,1180.069,1924.847,1789.957,1375.984,2020.560,1829.791,1712.973
1.3015296e+18,1146.648,1311.040,1356.436,1883.593,1141.630,3356.149,2637.825,1656.497,1195.010,1561.260,907.839,1936.721,2773.147,1536.170,2441.326,1685.261,1574.397,2017.176,1039.702,1293.361,2226.010,1648.301,1359.719,1856.014,2013.969,1106.344,2227.753,1422.849,1300.164,1867.715,966.153,923.403,1262.803,2197.174,982.348,1466.440,1378.801,1362.460,1055.131,740.869,1516.374,1911.777,1863.539,1370.180,2563.477,,2139.471,1117.976,1901.643,1875.373,1842.528,994.522,1997.465,1510.916,2560.147,1602.736,1396.275,1759.318,1397.058,1156.771,2011.520,1716.831,1326.552,1895.464,1835.487,1652.546
1.3040352e+18,1102.328,1251.613,1322.556,1750.255,1115.049,2900.664,2529.168,1619.910,1133.445,1437.706,860.330,1810.029,3110.496,1398.669,2401.941,1546.498,1460.318,1919.043,976.880,1337.756,2095.159,1542.121,1256.431,1870.311,1986.654,1033.417,2137.555,1392.757,1271.524,1851.253,957.297,947.855,1250.941,2007.508,904.130,1338.555,1354.270,1377.580,1119.055,740.375,1526.911,1782.690,1827.513,1333.423,2414.171,,2008.647,1111.668,1715.765,1803.545,1758.960,978.927,2165.815,1419.807,2583.084,1563.831,1299.689,1625.148,1398.260,1121.927,1942.835,1721.453,1232.155,1753.014,1817.045,1569.626
1.3068e+18,962.785,1180.272,1213.215,1607.853,1059.114,2660.309,2297.910,1478.521,1179.425,1328.174,777.966,1666.931,2961.590,1293.293,2235.092,1426.439,1305.691,1758.621,897.714,1206.823,1919.724,1452.407,1143.247,1771.082,1838.978,962.872,1990.114,1305.849,1235.455,1755.998,866.818,903.316,1107.663,1836.290,797.540,1234.675,1231.829,1245.229,1056.297,701.425,1415.774,1612.867,1697.127,1208.866,2223.559,,1773.080,990.670,1610.309,1642.257,1665.922,907.354,2053.971,1298.058,2487.689,1512.073,1165.131,1498.111,1212.122,1061.506,1887.894,1700.228,1142.642,1646.168,1719.307,1451.285
1.309392e+18,992.086,1168.198,1275.863,1678.174,1087.146,2697.820,2541.769,1523.340,1144.523,1337.528,773.045,1734.509,3086.484,1341.205,2181.408,1580.868,1340.931,1863.810,920.355,1270.142,2065.554,1463.206,1206.713,1789.484,1904.342,966.649,2037.179,1384.476,1297.545,1791.435,874.910,863.973,1128.351,1863.598,842.382,1320.872,1270.363,1245.389,1048.728,672.685,1419.085,1668.565,1756.122,1222.833,2215.108,,1878.899,983.022,1683.331,1732.101,1727.912,932.307,2067.935,1357.000,2611.742,1570.777,1213.868,1554.188,1249.707,1115.714,1918.299,1738.983,1188.520,1685.959,1841.428,1523.212
1.3118976e+18,1050.859,1186.178,1281.356,1710.423,1030.463,3002.340,2494.517,1543.356,1163.480,1401.095,807.894,1747.767,3197.483,1375.388,2449.187,1582.021,1381.952,1896.199,914.340,1239.900,2126.455,1523.689,1225.064,1882.347,1941.139,994.679,2208.104,1358.459,1340.603,1920.771,854.101,841.042,1158.907,1906.122,866.810,1414.002,1343.188,1268.975,1037.255,658.125,1467.286,1728.416,1851.273,1285.511,2291.485,,1946.830,1049.680,1742.081,1798.322,1802.033,938.010,2096.699,1381.024,2643.173,1705.299,1195.307,1611.756,1216.877,1189.307,1939.518,1821.755,1222.458,1798.632,1827.418,1544.151
1.3147488e+18,1093.240,1170.957,1260.587,1659.456,969.105,2929.713,2377.845,1487.148,1141.263,1355.210,812.245,1684.509,3075.655,1338.914,2435.616,1448.385,1318.057,1787.069,860.437,1137.887,2039.788,1509.833,1189.998,1851.146,1894.819,1012.426,2379.605,1334.576,1303.422,1872.034,817.127,824.226,1132.848,1869.433,857.286,1406.528,1323.042,1203.330,976.405,621.472,1459.594,1738.678,1776.202,1250.344,2327.979,,1847.339,1001.119,1696.599,1800.146,1812.317,872.194,2033.259,1335.201,2509.504,1734.370,1100.338,1632.371,1158.046,1172.645,1866.612,1834.149,1189.440,1814.239,1752.003,1459.112
1.3173408e+18,936.497,1043.292,1106.397,1473.331,941.073,2818.634,2043.404,1308.435,996.204,1188.788,703.633,1445.576,2699.702,1175.005,2065.075,1267.614,1154.337,1583.459,777.251,1021.885,1747.360,1325.622,1052.698,1675.143,1669.725,933.233,1973.733,1147.148,1154.742,1629.008,735.514,778.835,1012.854,1614.443,774.898,1218.841,1138.602,1078.684,857.165,567.654,1267.989,1535.690,1519.256,1077.084,1971.155,,1578.688,903.455,1432.494,1577.358,1535.313,762.973,1746.417,1174.803,2327.484,1474.328,1038.265,1404.970,1042.646,991.058,1593.029,1579.740,1055.233,1586.029,1555.320,1255.282
1.3200192e+18,987.612,1154.152,1151.010,1537.648,998.597,3025.225,2164.722,1383.594,986.932,1216.216,806.080,1511.640,2599.211,1194.499,2135.831,1331.284,1160.852,1667.326,814.103,1045.255,1856.029,1379.053,1081.403,1715.458,1700.417,1174.719,2059.556,1185.921,1219.013,1703.036,786.172,838.203,1052.834,1671.161,837.412,1285.397,1173.078,1122.010,882.378,587.903,1313.160,1623.966,1554.177,1101.092,2103.452,,1603.329,939.482,1471.277,1651.107,1610.682,782.313,1872.726,1227.534,2283.188,1524.926,1055.506,1523.581,1075.550,1044.031,1640.441,1679.839,1108.973,1861.952,1614.753,1282.742
1.3226112e+18,995.844,1101.717,1094.427,1454.196,848.698,2902.378,1962.504,1257.177,940.226,1183.537,799.195,1452.940,2484.007,1180.179,2226.613,1262.920,1112.050,1541.630,739.377,945.471,1730.092,1373.666,1032.797,1704.267,1603.997,1103.643,2162.915,1101.494,1175.929,1710.043,727.362,789.121,1018.357,1619.034,779.283,1273.436,1104.608,1047.179,884.157,562.699,1238.870,1658.648,1537.568,1065.940,2150.720,,1493.355,892.581,1441.579,1583.065,1601.692,723.014,1795.883,1168.705,2119.446,1549.201,979.961,1493.454,1047.558,1011.322,1536.645,1666.127,1088.692,1734.424,1547.971,1181.992
1.3252032e+18,884.686,957.314,863.383,1206.485,738.208,2250.740,1615.906,1063.197,741.811,1018.748,719.914,1185.677,1908.176,996.668,1890.923,1044.188,911.358,1236.009,623.078,835.113,1484.161,1166.722,874.379,1390.885,1307.031,980.411,1814.937,960.710,1003.386,1462.605,630.150,802.867,865.186,1359.522,637.291,1130.033,910.197,914.007,745.077,514.567,1058.193,1376.738,1273.822,887.607,1785.901,,1215.827,711.254,1182.785,1273.724,1327.084,634.643,1521.131,1008.178,1737.004,1236.876,892.317,1318.842,876.696,806.574,1323.209,1381.276,936.321,1572.585,1221.722,989.747
1.327968e+18,853.628,922.209,886.565,1179.381,794.746,2413.749,1619.827,1090.606,717.110,964.079,677.809,1158.667,2031.143,973.930,1831.417,1056.776,914.461,1207.775,636.338,877.340,1473.046,1073.235,847.611,1327.703,1303.085,924.401,1597.862,991.877,914.256,1382.929,634.987,853.201,871.747,1302.356,652.899,1008.287,915.491,950.874,757.951,532.042,1050.983,1338.329,1211.211,867.144,1736.462,,1379.983,735.491,1121.558,1282.540,1266.055,661.370,1612.692,969.628,1915.365,1225.686,928.132,1205.932,911.358,776.308,1373.806,1390.547,888.727,1286.133,1296.248,980.912
1.3304736e+18,954.705,1032.666,1023.607,1342.549,878.624,2676.954,1842.775,1216.398,863.155,1122.446,812.067,1321.006,2594.423,1101.800,2009.446,1181.620,1027.883,1383.480,716.662,966.749,1650.597,1190.765,975.735,1508.844,1487.581,1051.711,1783.080,1159.867,1040.662,1559.432,680.449,874.777,993.835,1479.211,733.707,1173.231,1040.563,1010.706,831.538,570.980,1153.583,1505.880,1371.706,981.180,1965.241,,1534.095,839.938,1374.644,1457.293,1440.799,725.010,1770.718,1116.377,2126.283,1416.584,1064.068,1420.751,1088.862,904.012,1521.368,1563.076,1016.480,1492.967,1453.752,1125.187
1.3330656e+18,910.202,931.478,936.959,1241.335,852.595,2462.955,1666.925,1163.742,801.366,1038.547,730.892,1216.005,2240.272,1000.277,1857.988,1070.730,944.812,1239.073,662.196,867.121,1579.286,1117.195,923.340,1393.933,1382.827,961.373,1651.534,1097.699,1007.417,1437.819,625.899,820.918,946.746,1347.157,675.150,1107.102,951.724,940.269,766.988,534.034,1076.809,1436.827,1258.605,890.882,1680.947,,1366.254,833.326,1209.426,1352.062,1319.262,672.671,1628.492,1025.354,1875.381,1420.224,1000.801,1283.857,1004.343,844.336,1424.764,1434.306,948.412,1284.151,1314.120,1020.180
1.3354848e+18,958.671,1012.641,1045.380,1295.608,1007.711,2525.625,1803.317,1302.873,832.015,1073.191,750.669,1290.290,2365.971,1050.071,1995.600,1170.330,1009.043,1299.353,821.712,914.118,1680.772,1211.488,968.462,1522.756,1457.262,983.982,1697.296,1265.026,1042.875,1519.349,699.870,857.486,980.838,1373.902,701.272,1142.681,1019.687,992.786,825.483,573.593,1145.941,1512.720,1303.658,956.266,1788.969,,1471.011,887.748,1257.342,1411.816,1417.365,716.806,1999.857,1071.964,2077.459,1554.187,1051.709,1298.750,1038.641,874.530,1662.798,1525.953,985.415,1298.691,1361.760,1045.900
1.3384224e+18,926.933,1058.630,1033.455,1332.401,1079.134,2796.137,1885.372,1327.248,815.303,1076.705,742.664,1343.093,2297.508,1055.077,2009.768,1149.490,1008.649,1332.892,790.443,907.615,1803.235,1228.881,964.319,1559.606,1453.086,979.364,1755.008,1271.321,1060.469,1602.803,709.896,808.755,961.393,1378.387,716.316,1176.885,1010.436,988.540,827.070,572.273,1112.002,1561.013,1377.253,929.175,1780.318,,1488.540,962.907,1319.504,1421.141,1420.392,718.398,1904.174,1102.868,2038.727,1668.089,1057.971,1321.330,1055.591,894.438,1652.532,1498.441,1009.744,1538.708,1355.716,1091.850
1.340928e+18,900.088,1001.016,941.097,1225.304,983.893,2469.985,1661.932,1229.977,724.585,986.920,694.468,1209.477,2080.898,955.506,1861.402,1041.371,911.473,1223.647,745.438,793.710,1663.886,1220.085,871.874,1611.918,1345.103,916.889,1862.845,1170.277,1018.700,1742.244,635.264,787.270,864.182,1267.685,757.345,1157.759,926.298,957.708,822.564,528.153,1049.803,1582.667,1394.721,868.431,1627.312,,1344.664,895.601,1238.297,1326.255,1338.009,673.916,1819.189,1023.076,1691.771,1620.633,956.186,1283.129,1022.037,829.937,1474.361,1416.177,962.692,1577.333,1216.069,1010.030
1.3436928e+18,868.106,909.436,846.108,1058.316,901.024,2156.590,1472.483,1054.386,631.111,861.234,659.873,1036.526,1889.084,849.429,1690.511,921.868,806.415,1062.302,656.967,724.367,1531.080,1135.995,754.970,1547.783,1173.488,852.126,1694.416,1036.990,935.254,1608.088,582.064,753.587,782.923,1111.463,687.630,1022.499,803.343,892.135,754.032,488.396,939.963,1422.095,1276.638,766.946,1521.735,,1207.795,865.318,1049.632,1216.146,1240.609,623.916,1635.627,902.926,1613.060,1439.862,852.807,1149.759,913.034,747.292,1276.552,1333.426,843.598,1339.284,1056.056,862.187
1.3463712e+18,855.551,919.050,862.159,1086.988,810.898,2126.479,1458.760,1052.384,618.982,898.585,691.335,1057.812,1988.958,906.153,1745.866,927.382,815.586,1086.542,657.491,704.890,1507.416,1138.284,800.080,1645.678,1223.950,877.908,1797.844,1009.844,885.120,1616.648,565.303,736.049,783.749,1126.166,723.136,1120.441,827.122,851.254,747.095,491.073,927.328,1470.870,1299.528,786.020,1573.316,,1199.308,859.364,1150.514,1262.613,1242.872,599.229,1548.650,953.338,1562.197,1360.474,807.898,1235.620,908.611,757.316,1251.636,1268.229,903.760,1432.069,1085.442,872.046
1.3487904e+18,847.597,909.762,854.947,1075.395,903.307,2108.782,1542.339,1026.919,607.942,915.829,679.798,1064.222,2102.312,900.118,1700.537,947.039,812.057,1093.615,645.080,693.722,1568.456,1121.036,792.836,1645.583,1213.040,875.853,1683.934,1028.946,862.706,1613.276,557.200,703.501,771.345,1118.826,705.703,1093.839,804.762,848.088,727.260,470.070,932.145,1440.696,1298.380,783.604,1557.399,,1281.328,863.692,1118.220,1251.659,1246.321,585.866,1542.638,939.804,1663.443,1369.918,822.649,1206.526,930.451,748.357,1267.270,1280.474,918.537,1388.793,1119.857,861.528
1.3516416e+18,815.026,915.018,851.221,1039.946,858.096,1954.091,1527.448,1016.976,615.306,875.902,660.770,1058.202,2012.228,875.974,1636.146,938.976,801.572,1085.034,640.483,701.429,1547.645,1128.234,767.933,1584.580,1202.610,872.142,1719.317,1056.754,826.475,1617.853,557.856,707.293,807.743,1111.103,688.681,1098.505,824.396,859.215,737.444,483.158,916.043,1466.646,1329.249,803.273,1538.246,,1199.240,829.290,1092.985,1224.924,1198.670,591.768,1459.373,925.575,1561.920,1363.791,842.995,1159.165,916.412,731.503,1223.056,1236.710,898.217,1356.270,1149.564,884.421
1.3542336e+18,699.918,811.614,779.917,921.219,709.301,1598.395,1357.050,894.502,561.137,738.887,551.296,937.928,1783.712,726.615,1484.458,839.631,721.109,957.706,597.364,656.382,1389.406,967.528,652.002,1390.621,1059.319,733.996,1451.306,996.935,702.640,1402.894,494.831,705.709,717.161,965.189,576.784,915.689,728.210,787.328,680.375,454.302,798.545,1279.944,1150.299,705.922,1386.901,,1067.510,735.425,919.592,1053.913,1040.381,543.435,1270.788,796.128,1366.451,1120.549,775.213,991.992,832.680,657.050,1098.179,1067.622,768.994,1171.917,975.326,790.790
1.356912e+18,821.312,940.902,886.411,1092.782,922.515,1933.735,1633.211,1070.967,643.165,865.128,641.372,1083.037,2138.395,867.867,1720.671,1000.503,824.778,1146.534,746.569,726.043,1656.061,1136.487,746.415,1527.874,1202.308,841.321,1683.380,1192.553,839.035,1537.685,555.874,842.022,836.485,1105.891,661.425,1056.662,828.604,895.054,765.647,511.538,907.515,1439.613,1294.163,790.589,1617.206,,1248.854,823.038,1084.763,1220.483,1183.335,603.524,1592.240,910.910,1604.473,1258.889,945.090,1172.044,937.412,772.470,1248.960,1261.178,891.090,1411.729,1131.723,920.278
1.3595904e+18,839.763,973.337,952.508,1145.016,1007.578,2046.663,1705.258,1113.599,665.628,906.528,699.601,1134.317,2243.481,924.710,1780.873,1154.483,876.974,1191.692,741.320,750.520,1685.121,1200.944,785.822,1600.132,1289.527,905.795,1827.035,1198.264,852.839,1670.589,577.539,949.015,879.632,1172.236,719.691,1082.346,858.676,935.333,817.711,531.120,929.661,1627.735,1409.476,840.741,1750.003,,1303.012,869.903,1124.130,1327.972,1239.169,631.843,1639.518,967.204,1684.039,1204.880,1033.553,1243.375,987.062,804.175,1331.917,1338.902,941.581,1537.872,1237.333,974.083
1.3620096e+18,849.102,1113.981,986.477,1185.651,1033.771,2034.819,1743.736,1133.578,696.966,969.506,743.208,1175.338,2134.723,977.202,1902.343,1211.560,911.506,1230.647,775.717,739.373,1723.542,1286.257,827.155,1659.237,1318.959,979.934,1948.237,1198.732,871.156,1759.813,578.608,916.072,900.372,1226.675,727.620,1153.123,891.262,900.247,817.630,529.677,937.419,1722.689,1502.977,860.148,1756.961,,1270.730,870.990,1224.014,1370.711,1289.382,626.347,1637.719,1009.782,1618.616,1242.384,1029.212,1317.130,1040.690,824.998,1368.329,1334.020,987.542,1723.611,1267.212,1001.107
1.3645152e+18,877.861,1144.331,967.022,1115.419,890.550,1830.504,1606.239,1061.112,621.834,954.622,734.753,1105.017,1886.017,942.353,1765.427,1113.860,861.295,1150.760,724.532,686.974,1608.940,1318.374,802.663,1611.158,1270.312,911.156,1926.561,1104.899,833.148,1811.448,574.880,842.302,902.770,1175.258,733.614,1141.391,887.989,877.527,805.444,505.329,887.184,1727.164,1528.418,817.428,1610.108,,1173.264,833.128,1222.437,1330.994,1185.025,605.470,1435.058,963.267,1429.373,1120.146,942.699,1283.010,1042.953,810.110,1307.389,1236.373,976.366,1575.965,1208.183,972.017
1.3669344e+18,798.731,1090.506,926.865,1055.047,901.376,1794.061,1539.167,1024.434,643.254,948.964,785.276,1035.926,1807.186,927.119,1712.621,1050.012,831.299,1082.032,679.488,656.604,1571.332,1230.337,763.141,1523.150,1206.567,940.270,1937.410,1088.295,788.131,1712.617,540.478,820.888,880.388,1135.696,727.717,1123.703,832.460,838.209,762.920,486.667,844.496,1736.809,1456.651,789.328,1487.418,,1095.688,783.315,1228.357,1258.876,1113.744,572.309,1460.350,901.066,1321.633,1048.155,982.708,1259.452,1049.271,782.259,1254.405,1176.240,927.797,1463.734,1140.316,971.844
1.3699584e+18,836.760,1276.471,1031.390,1206.024,967.116,2130.097,1689.049,1338.271,765.392,1108.984,943.469,1200.363,1895.794,1150.770,2026.747,1219.167,945.447,1233.323,793.246,685.564,1758.317,1362.396,927.352,1733.315,1358.308,1107.184,2430.512,1218.894,876.709,1959.620,590.471,849.489,971.331,1323.270,892.958,1399.151,931.260,867.573,827.814,510.509,930.668,1948.190,1654.893,901.305,1644.100,,1178.760,905.549,1479.245,1414.820,1246.526,589.063,1612.664,1042.157,1338.487,1144.838,1117.414,1567.838,1166.450,867.412,1392.079,1286.157,1094.031,1824.734,1275.404,1082.112
1.3723776e+18,744.655,1128.507,840.331,976.692,750.667,1691.782,1367.628,1080.786,645.313,992.093,936.221,1003.458,1437.452,996.793,1636.722,987.976,783.073,1016.704,652.213,558.491,1446.242,1159.697,801.169,1519.420,1131.396,1078.150,2070.439,1024.314,698.320,1689.882,508.325,739.135,782.328,1114.032,760.300,1233.671,769.692,743.705,695.787,436.105,788.362,1666.314,1404.876,763.897,1356.906,,903.238,721.865,1286.386,1127.194,1004.141,480.839,1342.954,882.697,1010.805,953.718,891.063,1437.570,943.876,730.888,1119.505,1039.351,919.919,1515.897,1070.632,931.325
1.3752288e+18,788.535,1131.205,878.805,1045.076,791.708,1838.539,1411.419,1166.290,631.336,1102.379,1129.259,1073.350,1481.510,1094.603,1700.791,1033.940,807.136,1062.998,648.173,560.484,1431.979,1240.319,916.043,1650.669,1174.873,1316.499,2327.439,1055.175,732.081,1849.354,527.228,708.457,817.265,1185.621,821.939,1337.261,799.571,718.004,695.325,428.970,811.942,1837.522,1549.546,835.491,1417.883,,941.778,791.103,1356.390,1203.883,1007.718,485.353,1422.940,920.385,981.374,980.795,896.869,1718.164,1070.264,808.771,1230.474,1077.736,1040.402,1686.591,1105.588,1005.060
1.3778208e+18,887.040,1141.436,997.237,1130.949,813.406,1966.623,1537.242,1539.454,719.853,1226.250,1342.404,1160.446,1584.525,1167.024,1824.275,1126.985,882.802,1143.920,887.686,602.450,1568.798,1343.352,984.384,1755.428,1271.155,1455.114,2463.889,1181.286,833.200,1915.680,666.405,734.136,874.457,1281.572,832.842,1478.017,886.054,829.384,741.026,497.361,929.092,1904.320,1668.609,943.090,1537.132,,1034.717,877.008,1443.582,1308.860,1099.483,650.700,1665.165,1002.031,1095.339,1033.354,987.933,1892.013,1081.622,911.785,1562.488,1216.121,1166.103,1618.265,1182.084,1067.980
1.3804992e+18,932.033,1186.435,1025.174,1176.993,808.110,1958.508,1533.929,1561.427,771.200,1326.463,1711.434,1194.885,1559.426,1246.994,1892.793,1161.964,925.706,1176.388,1013.586,608.301,1554.876,1502.412,1047.495,1939.937,1305.076,1937.517,2996.909,1187.795,894.486,2040.390,671.054,765.411,907.768,1349.703,938.043,1504.228,901.582,819.954,741.048,508.880,1026.878,2035.650,1780.488,996.384,1759.101,,1036.559,936.342,1485.429,1358.232,1170.410,608.759,1722.445,1048.234,1106.896,992.279,1038.845,2077.699,1231.509,990.686,1519.228,1247.588,1283.274,1767.276,1210.797,1129.700
1.3831776e+18,890.077,1259.441,983.929,1170.658,782.296,1804.793,1506.694,1555.677,736.449,1219.407,1451.870,1162.006,1493.332,1204.990,1927.369,1142.840,930.219,1168.607,919.361,599.568,1516.372,1425.428,984.886,1863.354,1260.085,1509.661,2763.817,1158.448,876.256,1941.318,636.690,773.499,871.988,1329.728,1080.063,1334.829,888.506,811.650,769.588,506.376,980.094,1885.606,1624.297,952.588,1773.203,,974.201,909.093,1403.338,1301.379,1160.607,611.924,1594.450,1049.820,1044.318,941.606,1014.170,1922.139,1260.148,1005.152,1485.677,1233.887,1196.146,1931.831,1239.069,1186.173
1.3856832e+18,924.397,1300.166,1035.230,1272.953,819.611,1922.462,1609.092,1625.871,796.867,1403.995,1604.040,1296.517,1556.815,1316.998,2039.378,1364.515,1030.440,1272.968,983.788,623.097,1586.629,1519.540,1078.999,1935.580,1341.993,1680.786,3012.699,1180.799,926.217,2016.481,663.691,763.825,898.302,1431.914,1137.561,1480.418,932.655,872.764,764.554,513.148,1027.315,1989.605,1696.166,1016.880,1959.663,,1014.659,932.226,1544.265,1410.285,1244.169,674.296,1722.361,1168.529,1096.466,986.808,1047.882,2172.964,1468.776,1093.864,1538.285,1370.996,1395.247,2125.064,1284.439,1270.812
1.388448e+18,892.612,1230.167,965.962,1236.780,821.264,1837.822,1538.811,1575.215,740.585,1279.912,1466.568,1276.820,1495.077,1266.220,2089.220,1249.202,993.202,1185.787,922.477,588.600,1524.402,1503.549,1032.133,1942.307,1299.257,1522.185,2884.798,1117.048,900.519,1994.380,642.066,720.394,832.623,1384.063,1048.994,1441.326,923.333,816.039,732.648,474.921,974.484,1980.174,1696.670,988.770,1791.036,,946.498,891.345,1513.176,1369.040,1280.487,630.726,1606.586,1137.458,970.447,950.269,1018.342,2042.716,1369.853,1094.088,1452.881,1274.956,1290.447,1962.404,1208.781,1285.004
1.39104e+18,948.480,1189.305,964.041,1284.891,786.104,1874.889,1476.391,1667.562,776.992,1404.122,1882.545,1328.945,1374.396,1385.518,2071.073,1249.064,1034.029,1150.308,882.068,548.431,1424.243,1483.750,1117.671,1977.645,1277.888,1864.141,3278.041,1078.215,892.300,2033.658,646.773,680.145,806.665,1479.003,1144.037,1598.861,899.502,770.519,696.362,457.560,965.755,2110.527,1753.438,1068.029,1598.743,,907.937,897.543,1683.078,1358.292,1195.510,586.615,1500.216,1191.946,863.782,865.962,963.284,2598.064,1408.543,1234.119,1434.082,1211.398,1453.515,1908.400,1166.831,1299.120
1.3935456e+18,1022.409,1234.085,1025.979,1327.166,748.226,2036.608,1495.657,1752.359,823.683,1442.391,1804.860,1388.663,1392.823,1505.310,1999.469,1242.174,1151.190,1171.240,858.732,569.355,1455.697,1520.418,1211.871,2051.695,1347.423,1741.163,3616.919,1081.106,907.473,2142.216,686.775,688.306,801.044,1608.794,1135.787,1568.936,946.199,762.242,721.880,457.767,971.701,2101.763,1835.269,1090.077,1703.303,,948.267,987.701,1695.113,1400.981,1172.098,594.858,1518.698,1204.977,842.964,876.609,1023.521,2761.269,1542.981,1315.705,1482.453,1220.179,1515.358,1936.362,1270.366,1322.378
1.396224e+18,981.876,1151.174,1009.401,1278.524,701.498,1932.944,1529.330,1673.886,820.816,1341.643,1655.442,1309.266,1334.291,1404.361,1826.217,1178.229,1096.112,1136.560,854.849,561.434,1421.857,1466.882,1095.899,1946.987,1362.256,1580.136,3540.603,1158.952,876.941,2004.380,700.390,688.285,800.386,1495.771,997.848,1431.128,932.760,727.005,715.636,459.468,945.896,1954.150,1746.989,1034.209,1613.044,,916.501,968.811,1597.496,1374.100,1121.199,612.421,1477.757,1190.212,820.697,870.835,994.533,2490.569,1451.832,1230.495,1457.194,1192.732,1375.691,1729.292,1236.450,1235.715
1.398816e+18,978.543,1117.444,994.259,1229.081,720.721,1913.057,1496.235,1637.873,764.832,1331.090,1647.626,1281.489,1273.428,1378.739,1758.393,1171.521,1093.811,1095.202,833.385,540.882,1407.108,1419.639,1097.429,1915.199,1304.116,1573.654,3286.051,1111.063,848.878,1946.425,711.396,690.859,788.480,1448.198,968.755,1434.080,910.049,710.996,699.498,447.458,938.078,1925.728,1706.158,1013.065,1589.823,,905.844,938.556,1596.729,1330.060,1078.775,610.743,1444.164,1124.089,814.671,853.302,991.639,2400.431,1450.788,1205.612,1435.957,1233.885,1310.390,1670.935,1173.999,1245.845
1.401408e+18,988.711,1132.268,1008.192,1240.039,711.849,1995.216,1518.983,1652.502,767.382,1412.364,1671.116,1315.951,1330.482,1424.974,1796.812,1216.910,1142.585,1128.375,833.253,555.159,1422.901,1426.450,1178.483,1919.275,1331.610,1629.931,3432.406,1099.975,850.989,1973.950,703.681,684.389,796.553,1477.652,989.258,1541.842,908.758,706.311,695.292,448.512,926.035,1964.179,1757.668,1012.720,1614.485,,940.713,934.475,1666.180,1328.298,1133.553,597.406,1462.789,1166.331,832.482,851.547,970.951,2700.901,1527.047,1235.047,1440.224,1260.286,1469.260,1696.090,1180.380,1251.985
1.4040864e+18,1052.418,1149.364,1070.517,1304.251,710.284,2170.252,1578.027,1729.363,764.375,1543.123,1766.095,1439.322,1343.033,1536.252,1883.326,1343.728,1243.426,1155.958,825.877,569.814,1459.393,1472.556,1271.408,2000.554,1412.283,1813.097,3740.972,1117.933,888.020,2048.864,696.481,698.569,846.470,1574.229,1130.258,1652.063,937.513,710.034,703.451,454.065,927.416,2047.523,1838.902,1077.800,1600.530,,1017.101,943.214,1786.624,1407.275,1171.810,620.689,1478.907,1284.892,830.505,851.369,1016.287,2967.710,1606.766,1308.153,1488.658,1313.925,1563.744,1910.066,1230.938,1347.102
1.4067648e+18,1066.656,1200.292,1138.423,1386.386,821.467,2451.806,1701.406,1809.832,803.802,1564.108,1733.786,1507.183,1606.602,1612.665,2023.264,1484.160,1365.491,1293.435,907.180,630.753,1585.493,1554.474,1309.972,2355.666,1514.977,1719.897,3501.067,1237.721,955.394,2175.761,739.630,772.508,891.488,1700.884,1180.796,1651.693,1022.937,756.528,773.334,495.069,991.240,2121.914,2004.810,1129.435,1748.579,,1209.345,1001.817,1828.780,1519.670,1302.049,656.057,1624.487,1355.189,964.259,930.273,1192.596,2925.516,1729.007,1387.515,1623.136,1425.865,1604.570,2034.744,1376.712,1439.136
1.4092704e+18,1185.066,1250.191,1236.752,1487.465,812.482,2494.031,1785.250,1930.125,875.097,1645.616,1884.634,1601.344,1578.351,1818.911,2213.035,1629.610,1508.425,1317.838,915.675,665.468,1649.190,1623.005,1428.304,2534.402,1609.318,1898.063,3770.466,1281.925,1031.149,2253.243,776.330,733.919,964.836,1803.275,1195.940,1798.651,1110.933,761.653,820.362,502.705,1024.158,2293.572,2117.351,1191.467,1816.783,,1208.990,1121.166,2166.649,1602.750,1398.789,689.948,1617.764,1475.091,956.479,998.527,1192.312,3211.875,1756.457,1447.687,1763.885,1512.569,1690.483,2399.889,1447.334,1462.820
1.4120352e+18,1362.454,1407.765,1406.008,1723.391,889.626,2772.957,2034.959,2245.545,954.672,1930.680,2145.773,1865.635,1715.790,2067.960,2452.912,1978.521,1745.980,1471.536,998.701,748.897,1850.516,1786.027,1589.396,2827.851,1847.598,2053.082,4321.652,1419.434,1186.686,2480.453,848.790,748.643,1087.176,2064.564,1286.377,2010.459,1270.460,864.183,957.408,554.867,1161.557,2582.581,2344.579,1356.637,2302.007,,1295.397,1403.381,2387.454,1837.052,1594.014,815.837,1772.185,1756.418,1077.981,1073.147,1255.421,3839.314,1994.264,1645.785,2062.859,1675.162,1940.355,2580.375,1599.585,1607.442
1.4147136e+18,1340.273,1465.196,1450.641,1809.599,957.247,2783.240,2066.107,2303.899,938.740,1912.593,2091.332,1906.065,1653.253,2179.840,2475.797,2076.445,1814.559,1488.128,1028.212,785.926,1912.136,1780.658,1571.939,2879.614,1850.578,2078.554,4528.151,1461.963,1224.442,2555.714,902.808,787.304,1124.954,2090.791,1190.909,2030.482,1268.075,959.073,1004.190,590.486,1171.114,2781.642,2486.400,1362.863,2220.976,,1270.819,1410.689,2360.071,1923.132,1536.240,873.636,1887.579,1804.415,1082.583,1062.866,1287.298,3826.691,2004.337,1621.138,2163.362,1641.566,1940.962,2542.176,1580.445,1603.396
1.4171328e+18,1414.053,1636.427,1541.444,1920.833,1401.301,2916.474,2147.009,2423.330,959.745,2010.966,2295.633,2110.376,1727.736,2381.028,2507.194,2050.678,1870.376,1496.193,1192.087,870.515,2061.926,1855.528,1600.676,2877.208,1990.834,2090.388,4359.107,1603.857,1253.600,2538.324,964.678,916.082,1163.075,2188.189,1156.214,2149.589,1341.187,1127.797,1071.579,643.332,1219.695,2949.266,2468.470,1429.951,2409.963,,1359.591,1496.114,2347.658,2030.819,1647.762,954.620,2346.428,1887.873,1179.615,1094.201,1319.867,4244.258,1976.022,1760.180,2335.216,1658.602,2073.738,2731.060,1619.693,1708.516
1.419984e+18,1331.647,1673.560,1377.177,1790.835,2118.877,2448.213,2190.820,2345.572,828.447,1763.885,2125.102,1866.076,1668.487,1955.036,2262.449,1973.315,1628.006,1467.982,1224.894,989.246,2283.170,1836.126,1409.904,3054.464,1880.115,1880.796,3793.320,1644.063,1195.884,2425.651,871.393,1135.296,1086.562,2017.451,1154.950,1797.891,1210.035,1231.164,1164.090,723.918,1222.875,2679.097,2251.302,1371.536,2156.375,,1334.456,1349.089,2022.610,1839.692,1539.904,1027.471,2667.941,1703.362,1224.920,1156.502,1346.104,3623.435,1813.710,1549.821,2292.160,1469.785,1854.061,2736.410,1498.285,1585.485
1.422576e+18,1445.869,1676.792,1471.413,1912.194,1894.738,2600.298,2259.085,2630.093,880.740,1983.788,2634.738,1992.738,1714.368,2173.456,2557.981,2208.679,1815.679,1617.288,1257.884,987.752,2360.356,1933.721,1590.191,3229.713,2043.443,2243.095,4472.918,1700.824,1358.169,2622.409,908.829,1013.866,1175.280,2190.752,1305.146,1996.125,1343.092,1354.691,1176.518,713.106,1286.307,2882.516,2451.148,1501.693,2350.191,1063.993,1396.014,1486.080,2206.259,2028.208,1692.500,1023.133,2741.201,1978.948,1187.799,1152.483,1416.091,4472.724,2103.421,1822.026,2641.196,1590.994,2097.817,2957.708,1604.999,1736.376
1.4249952e+18,1540.238,1852.376,1583.045,2010.681,2091.201,2786.395,2386.231,3083.583,963.308,2278.287,3358.407,2168.492,1783.193,2337.389,2755.636,2292.360,1950.724,1743.528,1371.619,1041.745,2614.733,2030.444,1790.397,3628.485,2208.668,2726.129,4930.409,1775.500,1451.043,2733.481,946.506,999.652,1216.618,2392.223,1374.240,2183.495,1474.020,1431.405,1189.247,719.756,1374.055,3041.320,2579.130,1642.855,2323.121,1124.779,1492.457,1510.023,2400.451,2170.083,1772.555,1075.026,2873.371,2218.601,1221.224,1160.279,1517.544,5453.973,2407.572,2050.799,2805.204,1689.669,2474.283,3265.528,1732.331,1829.553
1.42776e+18,2153.109,2050.910,1893.178,2597.110,2487.211,3474.093,2958.893,4173.868,1257.932,2919.726,4153.967,2736.262,2136.808,2866.664,3233.237,2816.889,2541.944,2215.429,1596.191,1265.744,3272.035,2530.814,2127.498,4117.895,2757.382,3598.196,6483.324,2230.719,1815.622,3164.923,1154.648,1091.603,1473.206,3159.934,1596.317,2787.383,1836.170,1784.205,1416.512,859.037,1684.942,3757.174,3208.323,2117.283,2792.217,1296.218,1769.761,1894.880,3057.837,2707.593,2328.333,1299.049,3130.002,2832.317,1445.227,1314.275,1687.548,7481.967,2843.001,2710.842,3385.182,2134.122,3186.636,4104.137,2026.049,2219.527
1.430352e+18,2620.561,2418.593,2282.229,3205.292,2835.541,4016.375,3368.728,4667.293,1366.894,3408.425,5416.491,3411.690,2610.919,3504.147,3720.721,3639.636,3001.663,2581.559,1801.394,1507.250,4037.563,2960.791,2527.823,5206.649,3325.825,4344.838,8460.085,2735.611,2297.174,3776.174,1332.370,1238.669,1777.445,3883.407,1803.261,3123.234,2302.334,2217.399,1720.461,1135.854,2038.534,4658.658,3755.371,2473.049,3327.771,1568.890,2053.256,2416.345,3334.295,3269.141,2650.783,1631.881,3630.503,3515.729,1677.740,1535.597,1854.755,9051.320,3530.944,3435.852,4027.713,2360.483,3788.755,4963.733,2503.894,2609.652
1.4328576e+18,3489.187,2598.922,3070.513,4979.719,2748.187,5029.107,4161.601,5779.991,1650.060,5443.030,7700.122,4793.835,3290.581,5456.224,7648.902,5246.263,4156.446,3349.920,2112.148,1694.325,5010.151,3843.139,3882.804,7141.444,4374.796,5515.160,12555.195,3203.004,3343.018,4789.687,1971.318,1168.961,2258.297,5394.176,2134.322,4676.572,2961.098,2546.684,2004.645,1204.696,2511.039,6519.324,4974.200,3721.357,4150.234,2423.029,2358.885,2741.371,4617.895,4543.254,3420.350,1618.436,3949.897,5533.482,1799.946,1787.442,1959.889,14430.945,4319.388,5231.713,4924.274,3038.641,5724.703,6325.994,3025.531,3533.468
1.4356224e+18,2967.455,2425.730,2681.586,4588.648,2389.531,4052.486,3661.080,6149.657,1555.325,4405.512,5731.063,4349.486,2673.418,5218.448,8224.340,4661.581,3672.676,3545.001,2181.037,1885.297,4273.238,3724.224,3263.229,6709.435,3907.342,4659.569,12221.668,3028.024,3674.473,4102.522,1832.025,1220.870,1965.424,4687.119,2125.336,5008.162,2735.064,2998.504,2026.248,1168.407,2235.376,5371.238,4384.245,3829.884,3731.952,2312.007,2066.643,2644.747,4037.007,3989.547,3061.076,1590.503,3668.793,4963.125,1788.892,1891.503,1909.326,12017.181,4295.415,4566.197,4260.523,3273.503,4585.904,5768.462,3060.799,3146.718
1.4383008e+18,2976.709,2098.845,2101.374,4165.511,1840.486,3465.077,3242.781,6372.188,1346.813,3856.358,4615.449,3743.311,2168.178,4533.947,7466.571,3790.151,3198.577,2834.477,1769.434,1429.452,3822.060,3630.281,2923.280,5435.553,3379.949,4397.920,10794.456,2483.196,3642.172,3676.945,1453.006,1069.366,1581.649,4019.524,1659.967,4866.411,2309.847,2447.538,1577.061,958.348,1840.709,5532.264,3922.482,3100.433,3183.499,2233.660,1676.859,2318.721,3385.199,3556.967,3076.416,1241.337,3102.965,4431.402,1339.291,1562.046,1551.005,10494.589,3569.151,4263.029,3299.480,3274.749,4222.802,5364.889,2543.223,2926.408
1.4409792e+18,2376.822,1830.137,1908.915,3352.116,1366.317,2797.389,2940.121,5214.039,1225.923,3154.782,3588.149,3104.653,1754.249,3649.464,5838.393,3140.519,2624.593,2471.888,1622.874,1195.512,3213.710,3009.947,2273.115,4459.970,2909.540,3474.209,8364.363,2137.528,3012.003,3299.644,1317.758,980.488,1378.727,3317.132,1308.799,4095.354,2019.819,2016.994,1410.109,869.089,1587.359,4566.598,3314.568,2608.279,2684.264,1702.226,1427.653,2063.333,2709.013,2928.545,2643.808,1123.414,2739.103,3300.180,1138.316,1300.279,1407.310,7752.764,3149.826,3688.678,2777.461,2580.859,3267.488,4350.330,2203.956,2381.500
1.4435712e+18,2391.842,1734.128,1735.962,3168.158,1302.225,2813.696,2778.024,5509.287,1188.813,3044.648,3754.931,2912.402,1548.541,3165.727,5754.242,2946.944,2522.915,2118.227,1668.382,1005.223,2949.693,2806.971,2215.433,4397.500,2717.420,3510.321,9261.305,1969.098,2802.073,3018.886,1479.045,949.638,1307.299,3198.297,1360.689,4008.707,1898.626,1903.123,1267.667,784.771,1470.436,4574.141,3241.233,2448.991,2614.635,1509.396,1275.593,1918.032,2459.895,2786.173,2483.331,1017.546,2442.554,3382.818,1036.625,1235.594,1384.395,8195.393,2458.296,3385.308,2660.461,2365.251,3344.941,4378.428,2016.169,2309.323
1.4461632e+18,2737.839,2090.694,2171.596,3873.185,1568.240,3647.159,3200.339,6636.772,1484.246,3991.744,4715.815,3653.809,1814.662,4077.051,7415.564,3767.166,3069.732,2593.026,2052.133,1070.270,3538.142,3268.853,2785.215,5085.824,3372.620,4379.633,11761.218,2432.939,3503.721,3621.539,1870.290,1001.701,1619.451,4049.168,1652.237,4979.382,2408.108,2180.936,1468.670,891.794,1810.638,5407.496,3964.637,3022.610,3043.671,1939.013,1538.888,2464.697,3169.901,3507.991,2999.992,1261.443,2867.274,4362.240,1155.521,1429.811,1587.158,11041.778,3021.028,4081.474,3391.078,2917.262,4403.403,5387.479,2362.518,2928.651
1.4488416e+18,3170.848,2161.726,2724.399,4365.976,1777.885,4135.658,3440.125,7177.152,1554.965,4720.094,5038.154,4188.654,1944.384,4968.795,9218.766,3972.278,3652.984,2936.051,1981.393,1056.407,3838.454,3573.152,3429.953,5589.437,4026.317,5270.598,12136.989,2637.022,4002.764,3830.251,1893.284,1040.294,1722.706,4451.411,1822.478,5754.604,2748.657,2079.351,1524.246,889.762,1883.247,5976.061,4191.197,3561.109,3283.545,1941.963,1710.423,2517.496,3794.815,4025.253,3384.358,1193.214,3218.222,5419.917,1204.007,1516.412,1660.592,12672.289,3111.209,4733.056,3909.198,3438.016,5035.471,5879.778,2452.126,3536.987
1.45152e+18,3830.245,2246.604,2904.330,4728.271,1844.034,4329.991,3806.264,7069.364,1620.004,5047.099,5048.681,4525.512,2182.508,5267.325,9703.108,4062.172,4004.738,3287.737,2353.800,1102.488,4186.542,4174.037,3851.354,5905.396,4270.340,5590.629,12131.703,2908.276,4311.513,4164.763,2118.486,1067.559,1797.493,4723.178,1872.320,6050.741,3044.493,2156.305,1515.699,972.310,2094.070,6320.634,4566.837,3654.598,3466.300,1844.175,1817.289,2717.362,4073.400,4424.529,3716.078,1181.130,3529.787,5454.250,1222.013,1654.885,1704.215,13977.348,3769.833,5592.584,4190.574,3594.303,5189.797,6095.058,2654.550,3774.316
1.4540256e+18,2647.824,1450.581,1867.367,3144.088,1312.004,2786.128,2708.192,4846.997,1109.951,3261.829,3338.935,3031.357,1574.010,3301.654,6841.897,2740.157,2618.102,2226.471,1617.302,845.112,2981.676,2827.680,2566.291,4245.800,2989.854,3557.060,7971.512,1966.632,2894.656,2839.706,1378.991,897.967,1266.168,3142.174,1333.763,4200.188,1941.013,1606.594,1054.400,703.998,1456.838,4559.649,3294.994,2519.891,2422.187,1367.333,1258.798,1707.621,2534.409,2948.403,2620.291,773.848,2405.871,3302.506,1029.523,1235.255,1213.655,9172.205,2651.536,3561.291,2872.548,2558.870,3313.937,4158.299,1885.090,2644.782
1.456704e+18,2581.981,1477.535,1840.068,3049.675,1204.021,2746.794,2699.780,4768.988,1126.498,3071.462,3148.223,2916.375,1593.930,3281.714,6636.401,2535.930,2615.743,2249.953,1555.901,860.365,2943.852,2721.090,2490.807,4233.913,2993.099,3456.810,7404.811,1986.921,2885.785,2710.652,1409.515,885.876,1265.732,3016.739,1278.863,4080.358,1989.226,1524.562,1043.404,695.033,1398.134,4315.490,3202.617,2659.918,2320.133,1295.543,1363.228,1686.894,2465.755,2941.637,2647.961,764.019,2287.464,3011.581,1061.854,1216.478,1204.247,8479.032,2650.907,3463.058,2837.181,2691.209,3217.879,3982.290,1918.106,2492.790
1.4593824e+18,3024.821,1726.632,2199.988,3712.923,1518.725,3402.947,3231.978,5533.306,1285.581,4000.903,3882.284,3657.841,1853.065,4345.099,8323.505,3163.476,3226.182,2632.876,1923.157,938.187,3631.376,3381.621,3065.190,4939.920,3591.393,4233.961,8942.990,2305.279,3458.829,3180.085,1678.416,963.191,1501.847,3776.060,1472.363,5098.537,2438.531,1744.065,1187.596,787.439,1669.443,5036.056,3817.754,3206.723,2819.517,1564.265,1653.730,2024.221,3012.949,3618.608,3141.913,918.242,2732.247,3775.049,1111.615,1480.788,1433.939,10964.259,3282.654,4339.891,3435.848,3234.117,3864.763,4568.862,2288.834,3021.838
1.461888e+18,2909.579,1685.006,2230.648,3737.517,1413.771,3477.137,3277.900,5483.952,1239.810,3941.615,3670.977,3757.924,1826.677,4402.491,8498.235,3184.289,3326.170,2781.104,1813.482,956.881,3649.608,3422.266,3034.211,5126.183,3621.905,4006.618,8832.329,2321.648,3446.128,3145.747,1638.153,968.167,1561.387,3876.557,1483.581,5143.634,2502.310,1706.815,1166.843,759.676,1662.568,5137.079,3699.486,3176.606,2907.904,1504.178,1674.082,2047.997,2967.311,3637.923,3121.952,863.205,2684.466,3545.191,1182.370,1550.917,1443.031,10318.252,3136.225,4296.195,3451.329,3063.565,3655.698,4569.907,2478.479,3240.690
1.4646528e+18,2736.986,1615.315,2104.228,3721.894,1464.804,4114.978,3121.015,5479.819,1230.883,3935.127,3747.542,3793.099,1769.506,4561.313,8428.707,3067.507,3347.430,2788.972,1802.144,893.564,3526.686,3438.073,3263.474,5019.705,3492.786,3967.105,8832.037,2218.873,3343.296,3129.703,1530.430,987.297,1543.589,3856.481,1475.286,5321.214,2393.265,1796.327,1146.799,747.852,1602.275,5071.729,3667.426,3121.152,2869.292,1503.508,1643.445,1886.361,3206.420,3612.370,3119.975,818.971,2558.481,3551.386,1054.497,1611.061,1428.848,10746.980,3355.314,4114.292,3289.703,3098.775,3729.934,4436.528,2300.082,3274.263
1.4672448e+18,2764.820,1645.773,2201.344,4044.388,1515.940,4406.311,3280.733,5956.677,1285.807,4303.495,3792.601,4219.690,1779.119,5402.053,8645.383,3206.544,3679.731,2951.296,1844.389,894.988,3773.544,3602.829,3749.107,5206.547,3671.661,4031.667,9239.809,2269.147,3368.180,3298.009,1533.243,979.921,1591.636,4277.828,1591.652,6064.766,2469.691,1777.529,1168.924,749.592,1628.517,5476.088,3875.127,3409.369,2956.804,1680.634,1796.399,1889.295,3524.843,3958.168,3240.801,820.797,2594.055,4494.931,1095.368,1779.640,1606.506,11848.822,3503.803,4546.466,3454.846,3177.328,4066.095,4567.144,2422.496,3490.097
1.4697504e+18,2789.246,1688.097,2251.032,3884.264,1462.069,4235.378,3347.556,5753.049,1283.878,4275.628,3848.202,4100.778,1809.539,5025.484,8915.858,3191.752,3534.573,2971.394,1913.415,902.483,3870.227,3694.487,3470.961,5434.004,3731.204,3921.534,9289.777,2287.293,3472.275,3443.615,1814.605,1022.588,1610.320,4095.181,1496.334,5577.621,2450.699,1932.316,1199.725,783.075,1671.704,5519.852,4016.905,3383.931,2940.513,1703.916,1854.610,1891.823,3334.549,3903.038,3243.853,851.647,2619.279,4037.890,1174.164,1824.226,1620.575,10877.198,3418.007,4604.526,3565.840,3245.487,3844.538,4603.638,2444.545,3628.009
1.4726016e+18,2927.136,1832.177,2369.443,4106.923,1556.056,4611.783,3647.399,6065.638,1339.613,4624.615,4074.441,4320.127,1880.712,5145.392,9575.218,3326.978,3702.402,3198.481,2044.526,999.240,4278.538,3881.074,3651.462,5577.607,3910.039,4199.818,9836.492,2526.282,3617.338,3555.066,1941.321,1096.113,1728.852,4298.426,1533.838,5841.167,2524.132,1878.846,1240.237,817.328,1780.838,5817.724,4235.743,3517.888,3139.568,1763.414,1902.129,2073.619,3655.870,4134.468,3352.604,862.831,2784.781,4215.621,1268.199,1841.345,1640.908,11263.221,3490.109,4819.141,3850.168,3361.962,3931.010,5088.091,2594.532,3706.373
1.4751936e+18,2980.183,1887.917,2436.979,4117.816,1479.808,4444.700,3750.866,5811.363,1353.010,4557.491,3862.512,4339.115,1843.528,4979.629,9710.713,3423.337,3706.419,3324.078,2015.340,995.269,4303.483,3852.233,3662.960,5567.530,3935.683,4068.306,9486.591,2527.687,3652.970,3468.810,1854.258,1034.380,1760.123,4221.704,1551.708,5834.752,2536.364,1812.627,1231.581,801.789,1779.016,5919.153,4171.590,3380.243,3079.849,1654.613,1834.069,2170.525,3539.278,4115.146,3259.040,856.511,2858.843,4120.871,1298.241,1793.226,1628.053,10744.306,3512.473,4843.180,3765.593,3292.043,3755.723,5177.166,2684.516,3776.819
1.477872e+18,3025.646,1933.853,2577.024,4378.222,1544.681,4578.899,3994.962,6170.087,1392.224,4679.266,4000.969,4577.165,1953.722,5287.365,9900.934,3625.122,3881.623,3513.717,2039.749,1032.668,4546.340,4082.335,3816.825,5783.539,4110.783,4170.631,9651.131,2568.545,3834.251,3555.357,1902.774,1060.154,1825.639,4390.581,1636.667,6171.086,2641.524,1836.500,1284.191,838.835,1866.583,6031.643,4338.382,3517.157,3269.371,1687.536,1953.041,2293.085,3634.621,4322.891,3458.635,887.894,2959.157,4205.378,1400.338,1910.832,1679.556,11304.908,3566.562,5085.783,3914.302,3423.860,3819.995,5221.404,2784.375,3867.055
1.480464e+18,3034.982,1954.231,2596.028,4620.025,1653.110,4481.073,4170.196,6258.942,1395.286,4720.853,4201.096,4766.986,2046.793,5548.288,10017.042,3831.129,3998.050,3731.226,2102.397,1130.895,4825.426,4169.070,3871.078,5724.789,4304.999,4302.639,9737.156,2655.628,3994.585,3694.037,1986.542,1087.035,1880.745,4526.502,1677.644,6213.580,2792.215,1888.558,1327.479,878.153,1987.239,6178.543,4340.973,3764.080,3438.945,1698.765,2050.160,2264.796,3665.324,4459.119,3578.212,955.324,3182.751,4425.525,1380.439,1917.109,1731.921,11511.050,3665.745,5290.740,4016.702,3510.687,3838.492,5330.478,2950.107,4013.104
1.483056e+18,2907.045,1827.766,2581.837,4327.260,1459.122,4161.674,4155.987,5653.683,1330.967,4281.475,3750.540,4555.398,1956.529,4992.698,9559.423,4189.123,3828.136,3689.733,2058.284,1121.377,4493.332,4002.715,3564.983,5446.719,4132.163,3881.632,8675.320,2541.923,3868.714,3461.455,1880.062,1018.323,1855.232,4292.469,1614.692,5700.529,2736.144,1774.397,1281.588,873.681,2002.372,5782.660,4087.428,3445.933,3383.668,1623.569,1921.289,2265.270,3330.586,4267.944,3596.490,911.125,3093.475,3946.750,1301.540,1889.567,1662.628,9962.410,3416.383,4913.857,3859.019,3403.599,3413.104,5044.549,2993.498,3762.711
1.4853888e+18,2838.217,1781.273,2458.199,4211.171,1406.487,4052.794,4104.867,5380.934,1332.003,4078.350,3531.980,4320.200,1910.024,4780.663,9152.626,4230.378,3831.445,3621.858,2005.201,1202.649,4310.254,3788.340,3410.946,5394.910,4039.505,3713.787,8303.395,2485.661,3653.740,3370.728,1754.588,1033.402,1844.799,4143.924,1534.630,5311.649,2607.352,1809.890,1276.461,918.355,1916.509,5384.162,3991.768,3310.769,3220.254,1684.910,1957.473,2189.135,3228.807,4071.348,3420.037,905.866,3161.387,3626.855,1321.469,1859.871,1714.581,9442.487,3376.479,4673.258,3665.558,3290.928,3213.415,4934.351,2902.176,3642.014
1.48824e+18,2900.366,1885.452,2558.022,4465.335,1467.513,4303.145,4409.632,6025.817,1365.027,4281.278,3689.436,4528.822,1944.392,4950.789,9631.255,4393.213,3983.511,3836.485,2100.694,1264.012,4589.553,3929.613,3574.855,5477.541,4196.993,3864.422,8603.424,2561.051,3836.898,3504.036,1819.256,1169.594,1988.209,4334.902,1595.006,5575.964,2714.442,1869.755,1326.805,972.374,2014.425,5606.564,4111.510,3615.060,3291.421,1742.947,2064.941,2275.172,3389.855,4266.098,3632.397,964.823,3222.281,3737.314,1380.445,1963.283,1781.854,9786.066,3488.290,4925.215,3804.949,3392.795,3344.920,5203.250,3049.112,3881.436
1.4909184e+18,2941.941,1861.424,2442.949,4438.405,1408.962,4267.391,4346.574,5579.730,1322.841,4123.105,3498.042,4540.155,1851.857,5004.439,9471.508,4287.685,4027.291,3739.547,2018.024,1226.924,4656.070,3910.950,3592.368,5606.527,4094.385,3710.247,8373.733,2461.717,3757.287,3501.654,1704.084,1174.073,1914.934,4273.918,1537.318,5825.544,2609.531,1903.757,1324.110,998.471,1911.294,5571.817,4023.940,3621.221,3108.164,1742.223,1987.023,2140.202,3376.986,4223.084,3488.605,1023.762,3029.312,3711.430,1331.122,1950.428,1743.046,9532.542,3294.446,4878.121,3632.175,3241.190,3195.370,5243.411,2929.528,3969.154
1.4933376e+18,2741.176,1905.922,2253.426,4056.238,1367.730,3918.968,4228.592,5190.482,1290.635,3712.272,3261.710,4197.057,1747.966,4490.206,9121.518,3920.431,3733.931,3647.181,1923.113,1166.129,4440.921,3653.602,3306.706,5436.684,3736.766,3457.094,8077.736,2438.342,3435.989,3326.963,1515.292,1126.108,1779.657,3910.451,1384.153,5626.465,2389.493,1881.786,1235.021,949.097,1759.822,5440.482,3834.784,3247.211,2726.115,1609.638,1857.109,1878.287,3101.547,3869.354,3178.246,1024.751,2868.162,3456.581,1227.461,1837.443,1615.204,8725.907,2951.974,4454.976,3288.094,2936.463,2942.906,5580.293,2798.993,3849.337
1.4961888e+18,2536.889,1806.888,1980.582,3719.121,1290.323,3608.467,3859.829,4843.862,1166.772,3369.755,2996.892,3799.109,1673.744,4114.905,8529.593,3375.049,3367.519,3305.403,1866.936,1106.275,4082.674,3275.642,3058.571,5124.094,3353.697,3211.834,7553.915,2265.896,3127.410,3118.292,1342.606,1117.409,1676.679,3581.179,1313.412,5309.069,2207.491,1972.719,1158.547,901.155,1656.043,5102.704,3591.814,3002.331,2483.017,1355.741,1687.648,1598.273,2882.203,3537.487,2855.601,942.393,2712.776,3196.513,1150.379,1726.194,1492.135,7976.952,2687.628,4033.935,2876.770,2576.042,2703.747,5226.070,2517.909,3688.627
1.4987808e+18,2650.518,1825.960,2038.344,3797.174,1317.809,3851.405,4063.156,5053.900,1260.416,3494.616,3088.862,3892.474,1720.064,4200.324,8497.053,3583.434,3541.368,3578.340,1930.160,1161.084,4237.199,3479.819,3176.770,5328.063,3496.672,3291.366,7721.843,2331.367,3192.585,3222.188,1364.195,1135.164,1773.168,3695.106,1284.484,5517.976,2247.078,1997.731,1188.441,952.479,1697.927,5280.377,3766.783,3062.273,2600.014,1437.958,1830.202,1442.325,3088.213,3706.927,2979.359,973.339,2892.248,3191.058,1271.588,1847.302,1599.020,8115.200,2909.319,4154.228,2999.916,2729.583,2872.207,5246.513,2609.971,3868.807
1.5014592e+18,2585.022,1717.411,2153.288,3634.542,1363.214,4408.454,4178.415,4999.469,1227.075,3305.898,2841.922,3746.827,1957.186,4270.302,7918.421,3450.264,3424.397,4013.447,1911.393,1401.744,4063.365,3390.978,3136.052,5055.951,3532.906,3140.067,7226.226,2335.528,3017.016,3065.080,1311.072,1164.162,1866.935,3560.887,1246.925,5173.331,2176.924,1963.099,1196.012,1033.017,1699.885,4949.678,3644.229,2891.552,2616.348,1404.937,2146.709,1397.193,3038.311,3715.010,2915.732,1002.227,3094.773,2964.516,1527.213,1950.430,1597.292,7527.023,2823.360,3988.694,2979.741,2838.677,2690.972,4766.119,2862.147,3684.468
1.5041376e+18,2671.114,1775.267,2242.751,3786.369,1505.735,4695.029,4366.862,5283.854,1272.683,3595.536,2987.491,3956.096,1996.457,4594.561,8223.429,3594.443,3527.028,4223.599,2015.760,1560.032,4391.880,3517.125,3344.199,5126.341,3607.962,3292.017,7751.649,2398.425,3129.769,3139.896,1366.899,1195.840,1895.538,3738.061,1314.428,5543.239,2247.894,2059.685,1221.775,1050.769,1721.687,5285.611,3794.343,3016.505,2705.735,1472.586,2225.387,1356.009,3270.276,3824.576,3025.977,1030.456,3136.928,3257.916,1575.362,1965.205,1588.136,8487.012,2929.166,4171.881,3095.119,2915.604,2868.994,5179.287,2877.569,3766.232
1.5066432e+18,2798.818,1737.451,2235.675,3864.871,1464.625,5058.004,4380.902,5373.461,1291.461,4079.535,3012.354,3968.714,2055.211,4935.590,8025.587,3496.695,3551.348,4205.289,1968.929,1523.047,4346.165,3669.599,3760.538,5086.830,3666.037,3258.872,7896.445,2413.874,3116.246,3127.751,1348.381,1127.476,2003.491,3893.856,1355.278,5639.369,2240.572,1972.496,1184.049,1030.574,1734.863,5496.516,3820.185,3012.868,2785.427,1549.027,2241.625,1384.083,3385.897,3915.470,3012.076,969.928,3042.870,3359.348,1547.332,2040.973,1879.902,8641.825,2929.422,4168.845,2990.948,2830.946,2950.393,5246.800,2780.276,3836.342
1.509408e+18,2707.860,1713.106,2149.360,3821.706,1344.836,4720.930,4258.315,5746.891,1259.651,3689.094,2929.047,3891.990,1938.040,4744.217,8143.049,3508.112,3496.907,4111.988,2080.813,1412.873,4381.574,3675.851,3659.224,5284.969,3601.170,3132.953,8182.622,2349.194,3078.875,3214.431,1369.744,1112.262,1940.526,3778.462,1296.875,5611.046,2240.501,2063.487,1152.885,1026.983,1721.169,5700.761,3868.767,3048.956,2714.389,1442.145,2086.630,1364.051,3457.962,3844.907,2955.719,994.540,3115.608,3352.679,1401.417,2114.507,1749.829,8216.470,2899.775,4138.560,2978.679,2926.690,2835.286,5380.082,2649.760,3929.605
1.512e+18,2516.137,1620.358,1955.694,3584.629,1308.866,4499.744,3994.611,4988.037,1192.996,3437.919,2671.550,3544.456,1833.203,4329.595,7567.666,3184.857,3121.953,3991.189,1931.780,1529.275,3940.361,3385.041,3716.958,4811.448,3349.594,2842.516,7409.135,2232.529,2772.852,2944.856,1234.935,1106.637,1797.873,3445.743,1192.067,5117.655,2008.555,2105.569,1069.287,959.929,1561.770,5548.796,3647.548,2724.958,2459.429,1367.620,1959.577,1255.185,3203.576,3546.854,2748.581,902.162,2982.397,2978.427,1405.085,1951.349,1578.203,7567.971,2658.616,3879.130,2808.614,2750.873,2667.145,4800.978,2474.478,3599.518
1.5145056e+18,2486.204,1670.664,1911.676,3520.465,1204.709,4321.612,3854.463,4900.197,1174.333,3388.236,2584.498,3429.698,1766.104,4193.375,7498.062,3139.491,3045.808,4133.203,1858.910,1403.353,3813.349,3383.031,3734.993,4979.403,3319.375,2804.905,7514.769,2186.065,2704.349,2922.683,1200.594,1080.915,1719.140,3345.590,1201.316,4954.218,1999.593,2194.416,1045.583,970.524,1568.752,5544.189,3631.462,2584.668,2468.908,1326.386,1996.506,1262.979,3116.308,3490.022,2744.795,873.545,2871.171,2888.767,1380.348,2049.403,1608.722,7405.309,2484.753,3823.255,2676.730,2701.972,2594.472,4844.397,2408.539,3553.653
1.5173568e+18,2469.603,1596.752,1864.943,3331.585,1264.784,3980.669,3812.453,4837.653,1122.397,3032.886,2540.310,3266.656,1657.738,3776.471,7177.406,2970.818,2873.519,3948.352,1839.961,1452.580,3738.531,3314.824,3189.457,4786.585,3212.622,2777.341,7112.007,2333.224,2757.648,2856.827,1182.777,1221.985,1764.096,3132.586,1181.299,4410.861,1950.733,2267.443,1015.537,969.457,1566.453,5309.982,3584.776,2575.600,2369.184,1219.372,1964.454,1293.906,2924.945,3450.560,2706.013,896.898,2827.598,2720.348,1424.902,2082.076,1554.376,7123.788,2420.589,3713.079,2561.430,2604.518,2426.120,4218.955,2347.579,3336.355
1.519776e+18,2383.566,1491.563,1761.230,3183.897,1124.765,3888.132,3549.759,4524.015,1074.156,2942.240,2463.110,3046.468,1568.049,3588.850,7185.605,2805.714,2698.258,3825.255,1755.174,1485.029,3444.521,3092.746,3182.566,4706.560,3111.531,2686.963,6825.439,2090.391,2522.217,2709.319,1092.369,1124.992,1702.999,2944.721,1070.705,4336.762,1845.659,2211.122,957.577,907.100,1449.313,5157.005,3400.905,2365.001,2306.812,1147.160,1857.912,1193.268,2894.103,3251.138,2501.065,837.239,2591.115,2590.532,1344.596,1852.807,1470.695,6998.821,2349.727,3478.048,2405.964,2304.340,2354.972,4054.469,2168.194,3175.398
1.522368e+18,2483.046,1529.214,1846.692,3354.960,1114.338,4087.083,3673.200,4605.033,1100.669,3263.962,2589.465,3231.519,1540.510,4023.455,7375.412,2909.291,2820.826,3900.803,1770.107,1282.821,3585.530,3215.657,3535.014,5246.734,3215.908,2818.313,7802.303,2106.903,2642.163,2977.633,1201.749,1051.327,1641.823,3158.245,1112.388,4718.581,1896.520,2084.536,986.409,892.036,1493.772,5934.265,3780.578,2501.775,2423.937,1297.143,1848.295,1212.700,3035.961,3420.887,2658.208,819.550,2602.994,3053.502,1224.726,1831.095,1462.432,8307.585,2517.229,3625.032,2531.410,2349.858,2690.212,4139.555,2179.038,3228.560
1.5247872e+18,2365.096,1466.753,1742.332,3254.910,1075.137,3898.739,3380.659,4535.102,1057.708,3155.167,2413.966,3049.697,1369.793,3807.100,7255.076,2771.789,2650.068,3685.238,1715.593,1256.586,3364.190,3136.034,3603.885,5183.199,3066.060,2631.007,7980.063,1990.734,2542.499,2924.673,1091.879,1029.009,1541.540,2932.445,1037.142,4387.584,1789.211,2045.733,927.411,830.291,1431.535,6061.707,3803.121,2369.515,2285.255,1265.792,1744.757,1154.814,2931.053,3297.794,2484.597,805.867,2452.856,2941.769,1156.466,1789.731,1350.946,8299.130,2457.792,3391.489,2399.146,2251.087,2728.663,3954.184,2033.962,3044.074
1.5277248e+18,2461.755,1451.447,1692.825,3203.506,1008.535,3948.705,3249.557,4770.630,1085.785,2979.324,2229.967,3003.924,1302.496,3817.566,7538.613,2710.432,2658.783,3623.694,1615.225,1180.418,3259.111,3623.810,3322.827,5259.172,3135.630,2544.705,8040.637,1926.559,2706.677,3086.649,1028.778,1003.035,1516.438,2792.672,1110.189,4375.550,1805.364,2098.769,936.841,801.132,1513.517,6293.180,3929.676,2394.283,2357.064,1139.416,1677.317,1272.776,2749.568,3332.204,2641.198,798.193,2321.211,2880.724,1104.924,2141.768,1355.096,7693.041,2431.314,3551.150,2288.314,2416.758,2572.723,3747.675,2005.532,3117.520
1.5302304e+18,2166.664,1262.673,1471.551,2870.931,916.428,3387.708,2906.848,4162.713,979.149,2635.271,1966.366,2634.080,1132.350,3564.724,6489.216,2213.706,2405.212,3324.575,1429.533,1191.832,2876.359,3146.699,3193.341,4602.705,2805.229,2171.371,6921.899,1692.477,2281.253,2704.648,935.579,922.414,1321.245,2465.365,990.527,4013.489,1668.217,1899.343,832.683,718.662,1276.313,5668.462,3499.633,2173.532,2017.725,1040.756,1459.094,1174.364,2428.278,3011.870,2274.063,685.523,2000.464,2592.153,1082.347,1869.843,1245.307,7044.190,2070.203,3041.563,1933.782,2071.037,2296.679,3266.864,1825.360,2776.209
1.5329952e+18,2132.845,1305.717,1466.266,2913.905,905.240,3379.804,3049.549,3991.187,976.558,2550.679,1900.080,2614.086,1141.449,3543.171,6175.439,2286.660,2378.208,3497.503,1452.428,1322.737,2953.974,3118.580,3265.242,4415.604,2856.945,2088.283,6476.615,1688.023,2250.702,2618.798,942.328,974.791,1353.520,2453.804,990.982,3921.051,1626.165,1811.749,870.509,769.202,1286.490,5364.749,3364.026,2213.141,2040.507,1078.069,1471.614,1147.030,2423.929,3038.213,2256.562,681.547,1972.205,2640.141,1074.370,1891.348,1197.004,6755.441,2080.661,2995.459,1977.108,2196.571,2301.716,3217.110,1864.899,2718.155
1.5356736e+18,1999.728,1200.160,1369.989,2677.292,843.987,3007.965,2801.454,3545.310,905.860,2464.789,1770.492,2360.466,1109.922,3184.331,5725.121,1975.977,2113.502,3236.881,1347.859,1238.490,2712.123,2814.825,3112.773,4004.742,2662.140,1858.835,5805.673,1563.925,1963.337,2370.741,893.856,958.179,1285.945,2205.336,941.225,3514.163,1503.229,1695.705,805.790,737.843,1189.848,4995.134,3085.314,2052.883,1935.939,981.712,1321.737,1001.122,2195.219,2759.546,2077.385,647.816,1768.289,2373.769,1047.759,1641.806,1084.415,6429.086,1779.305,2701.270,1865.382,2075.548,2139.857,2789.243,1749.576,2436.436
1.5380928e+18,1966.339,1267.446,1372.380,2691.389,846.479,3007.972,2714.076,3768.189,911.498,2362.850,1783.964,2375.025,1161.141,3159.663,5804.009,1957.584,2075.052,3221.603,1328.976,1223.022,2671.442,2885.727,2948.598,3984.286,2614.254,1833.655,5802.147,1545.235,1960.272,2335.824,938.910,991.591,1256.427,2231.944,1027.753,3325.057,1448.080,1739.393,815.245,743.358,1168.679,4947.544,3008.530,2007.824,1912.556,1021.818,1305.115,1027.227,2108.286,2753.575,2050.577,660.840,1854.818,2292.382,1051.917,1709.464,1089.609,6237.267,1817.448,2635.243,1879.677,1985.576,2088.257,2757.065,1747.168,2401.213
1.540944e+18,1714.393,1157.667,1256.441,2435.087,884.543,2764.887,2465.014,3226.757,794.899,2103.676,1585.738,2159.276,1075.143,2787.553,5521.685,1770.089,1912.729,2864.122,1169.415,1128.558,2438.673,2586.455,2614.649,3513.381,2426.511,1623.099,5160.993,1429.144,1783.100,2092.515,869.889,977.900,1083.122,2020.455,875.151,3051.609,1361.490,1567.047,755.760,687.539,1061.952,4293.422,2724.299,1916.482,1698.507,878.918,1201.503,952.553,1908.680,2493.917,1864.405,615.853,1772.282,2080.014,1018.293,1397.891,953.440,5662.244,1635.674,2392.709,1703.714,1825.567,1820.310,2390.149,1562.947,2168.640
1.543536e+18,1862.916,1199.669,1386.932,2592.190,922.722,2812.686,2563.483,3355.892,845.158,2324.876,1760.109,2307.366,1084.355,3099.334,5890.031,1879.638,1996.227,2939.114,1513.066,1027.941,2540.265,2697.673,2750.831,3665.183,2471.876,1761.931,5571.787,1512.056,1912.180,2161.062,930.404,940.753,1177.330,2183.254,861.901,3171.724,1442.843,1657.641,787.351,722.855,1118.189,4690.147,2913.379,2023.429,1820.990,916.020,1230.454,983.637,1987.491,2628.992,1995.885,630.921,1854.920,2198.535,973.445,1480.102,994.223,6030.315,1713.631,2552.407,1885.684,2011.612,1945.044,2530.739,1611.689,2265.509
1.5459552e+18,1776.823,1139.915,1331.900,2463.584,855.015,2664.958,2448.546,3108.030,815.904,2457.633,1640.171,2212.393,1002.242,2952.987,5560.358,1854.335,1925.175,2791.192,1490.978,985.662,2493.734,2635.485,2621.958,3393.967,2369.015,1687.780,5203.057,1446.327,1825.696,2011.504,883.345,894.171,1113.318,2138.337,793.636,3047.524,1403.851,1588.934,776.028,708.141,1058.419,4190.942,2687.368,1996.582,1740.485,869.747,1168.668,929.981,1903.870,2513.788,1943.009,596.639,1729.075,2103.211,920.133,1435.044,949.798,5745.458,1659.530,2476.238,1775.612,1901.313,1828.374,2439.582,1556.354,2178.418
1.5488928e+18,1700.000,1061.409,1285.081,2421.395,891.909,2654.140,2409.662,2934.713,845.383,2340.126,1578.928,2227.482,1042.348,2819.067,5404.853,1789.273,1833.358,2797.388,1402.058,1021.117,2418.779,2611.576,2626.758,3288.613,2289.481,1563.466,5022.731,1426.228,1723.351,1922.229,839.390,929.542,1079.927,2143.995,756.119,2991.433,1371.677,1640.101,775.209,716.394,1055.183,3850.514,2576.455,1961.500,1677.107,874.560,1139.579,893.640,1852.585,2458.294,1918.933,583.042,1642.657,2059.993,945.093,1471.799,949.516,5585.371,1690.450,2403.529,1718.411,1992.785,1777.025,2239.366,1544.156,2169.552
1.551312e+18,2013.148,1259.408,1557.842,2951.884,1214.241,3302.471,2888.388,3558.138,1005.430,3018.770,2041.395,2692.876,1254.948,3484.249,6532.493,2174.006,2209.234,3383.504,1756.208,1197.265,2890.401,3063.378,3279.839,3899.041,2795.510,1945.681,6251.777,1716.070,2037.594,2346.831,982.794,1062.388,1332.886,2616.014,905.546,3838.972,1599.415,1880.418,933.842,811.627,1240.368,4758.474,3127.091,2395.939,2026.758,1105.746,1412.882,1067.305,2450.369,2941.712,2377.003,692.851,2228.058,2555.375,1099.787,1723.921,1162.624,7172.224,2110.453,2870.626,2115.966,2678.243,2274.973,2853.428,1833.454,2545.216
1.5520032e+18,2056.405,1267.463,1632.500,3083.737,1316.415,3421.982,2974.466,3657.577,1045.528,3315.491,2242.717,2782.855,1263.878,3790.794,6901.183,2196.107,2290.426,3381.868,1882.050,1192.762,2962.222,3153.737,3654.133,3933.129,2907.041,2076.862,6285.737,1737.838,2079.207,2439.013,1042.000,1066.010,1335.961,2707.411,918.056,4104.355,1634.494,1843.445,967.728,812.934,1276.750,4865.596,3228.840,2511.567,2082.649,1145.967,1468.304,1044.893,2667.990,3013.677,2649.439,709.189,2268.925,2728.121,1109.355,1726.500,1186.382,8130.697,2545.808,2965.893,2158.705,3018.156,2508.056,2938.834,1867.889,2653.879
1.2253248e+18,,,,486.839,678.113,500.914,546.340,559.547,,,,466.100,524.819,,673.737,,,540.371,,526.986,546.022,,,,481.190,,,432.423,,,,526.953,,502.885,436.038,,,597.645,,,,,,,895.399,,354.154,,,617.487,519.463,,757.322,481.892,576.664,,,,,,527.452,634.401,,,520.081,
,,,,,,,,,,,,,,,,,,,,,,,,,,,,,,,,,,,,,,,,,,,,,,,,,,,,,,,,,,,,,,,,,,
,,,,,,,,,,,,,,,,,,,,,,,,,,,,,,,,,,,,,,,,,,,,,,,,,,,,,,,,,,,,,,,,,,
,,,,,,,,,,,,,,,,,,,,,,,,,,,,,,,,,,,,,,,,,,,,,,,,,,,,,,,,,,,,,,,,,,
,,,,,,,,,,,,,,,,,,,,,,,,,,,,,,,,,,,,,,,,,,,,,,,,,,,,,,,,,,,,,,,,,,
,,,,,,,,,,,,,,,,,,,,,,,,,,,,,,,,,,,,,,,,,,,,,,,,,,,,,,,,,,,,,,,,,,
,,,,,,,,,,,,,,,,,,,,,,,,,,,,,,,,,,,,,,,,,,,,,,,,,,,,,,,,,,,,,,,,,,
,,,,,,,,,,,,,,,,,,,,,,,,,,,,,,,,,,,,,,,,,,,,,,,,,,,,,,,,,,,,,,,,,,
,,,,,,,,,,,,,,,,,,,,,,,,,,,,,,,,,,,,,,,,,,,,,,,,,,,,,,,,,,,,,,,,,,
,,,,,,,,,,,,,,,,,,,,,,,,,,,,,,,,,,,,,,,,,,,,,,,,,,,,,,,,,,,,,,,,,,
,,,,,,,,,,,,,,,,,,,,,,,,,,,,,,,,,,,,,,,,,,,,,,,,,,,,,,,,,,,,,,,,,,
,,,,,,,,,,,,,,,,,,,,,,,,,,,,,,,,,,,,,,,,,,,,,,,,,,,,,,,,,,,,,,,,,,
,,,,,,,,,,,,,,,,,,,,,,,,,,,,,,,,,,,,,,,,,,,,,,,,,,,,,,,,,,,,,,,,,,
,,,,,,,,,,,,,,,,,,,,,,,,,,,,,,,,,,,,,,,,,,,,,,,,,,,,,,,,,,,,,,,,,,
,,,,,,,,,,,,,,,,,,,,,,,,,,,,,,,,,,,,,,,,,,,,,,,,,,,,,,,,,,,,,,,,,,
,,,,,,,,,,,,,,,,,,,,,,,,,,,,,,,,,,,,,,,,,,,,,,,,,,,,,,,,,,,,,,,,,,
,,,,,,,,,,,,,,,,,,,,,,,,,,,,,,,,,,,,,,,,,,,,,,,,,,,,,,,,,,,,,,,,,,
,,,,,,,,,,,,,,,,,,,,,,,,,,,,,,,,,,,,,,,,,,,,,,,,,,,,,,,,,,,,,,,,,,
,,,,,,,,,,,,,,,,,,,,,,,,,,,,,,,,,,,,,,,,,,,,,,,,,,,,,,,,,,,,,,,,,,
,,,,,,,,,,,,,,,,,,,,,,,,,,,,,,,,,,,,,,,,,,,,,,,,,,,,,,,,,,,,,,,,,,
,,,,,,,,,,,,,,,,,,,,,,,,,,,,,,,,,,,,,,,,,,,,,,,,,,,,,,,,,,,,,,,,,,
,,,,,,,,,,,,,,,,,,,,,,,,,,,,,,,,,,,,,,,,,,,,,,,,,,,,,,,,,,,,,,,,,,
,,,,,,,,,,,,,,,,,,,,,,,,,,,,,,,,,,,,,,,,,,,,,,,,,,,,,,,,,,,,,,,,,,
,,,,,,,,,,,,,,,,,,,,,,,,,,,,,,,,,,,,,,,,,,,,,,,,,,,,,,,,,,,,,,,,,,
,,,,,,,,,,,,,,,,,,,,,,,,,,,,,,,,,,,,,,,,,,,,,,,,,,,,,,,,,,,,,,,,,,
,,,,,,,,,,,,,,,,,,,,,,,,,,,,,,,,,,,,,,,,,,,,,,,,,,,,,,,,,,,,,,,,,,
,,,,,,,,,,,,,,,,,,,,,,,,,,,,,,,,,,,,,,,,,,,,,,,,,,,,,,,,,,,,,,,,,,
,,,,,,,,,,,,,,,,,,,,,,,,,,,,,,,,,,,,,,,,,,,,,,,,,,,,,,,,,,,,,,,,,,
,,,,,,,,,,,,,,,,,,,,,,,,,,,,,,,,,,,,,,,,,,,,,,,,,,,,,,,,,,,,,,,,,,
,,,,,,,,,,,,,,,,,,,,,,,,,,,,,,,,,,,,,,,,,,,,,,,,,,,,,,,,,,,,,,,,,,
,,,,,,,,,,,,,,,,,,,,,,,,,,,,,,,,,,,,,,,,,,,,,,,,,,,,,,,,,,,,,,,,,,
,,,,,,,,,,,,,,,,,,,,,,,,,,,,,,,,,,,,,,,,,,,,,,,,,,,,,,,,,,,,,,,,,,
,,,,,,,,,,,,,,,,,,,,,,,,,,,,,,,,,,,,,,,,,,,,,,,,,,,,,,,,,,,,,,,,,,
,,,,,,,,,,,,,,,,,,,,,,,,,,,,,,,,,,,,,,,,,,,,,,,,,,,,,,,,,,,,,,,,,,
,,,,,,,,,,,,,,,,,,,,,,,,,,,,,,,,,,,,,,,,,,,,,,,,,,,,,,,,,,,,,,,,,,
,,,,,,,,,,,,,,,,,,,,,,,,,,,,,,,,,,,,,,,,,,,,,,,,,,,,,,,,,,,,,,,,,,
,,,,,,,,,,,,,,,,,,,,,,,,,,,,,,,,,,,,,,,,,,,,,,,,,,,,,,,,,,,,,,,,,,
,,,,,,,,,,,,,,,,,,,,,,,,,,,,,,,,,,,,,,,,,,,,,,,,,,,,,,,,,,,,,,,,,,
,,,,,,,,,,,,,,,,,,,,,,,,,,,,,,,,,,,,,,,,,,,,,,,,,,,,,,,,,,,,,,,,,,
,,,,,,,,,,,,,,,,,,,,,,,,,,,,,,,,,,,,,,,,,,,,,,,,,,,,,,,,,,,,,,,,,,
,,,,,,,,,,,,,,,,,,,,,,,,,,,,,,,,,,,,,,,,,,,,,,,,,,,,,,,,,,,,,,,,,,
,,,,,,,,,,,,,,,,,,,,,,,,,,,,,,,,,,,,,,,,,,,,,,,,,,,,,,,,,,,,,,,,,,
,,,,,,,,,,,,,,,,,,,,,,,,,,,,,,,,,,,,,,,,,,,,,,,,,,,,,,,,,,,,,,,,,,
,,,,,,,,,,,,,,,,,,,,,,,,,,,,,,,,,,,,,,,,,,,,,,,,,,,,,,,,,,,,,,,,,,
,,,,,,,,,,,,,,,,,,,,,,,,,,,,,,,,,,,,,,,,,,,,,,,,,,,,,,,,,,,,,,,,,,
,,,,,,,,,,,,,,,,,,,,,,,,,,,,,,,,,,,,,,,,,,,,,,,,,,,,,,,,,,,,,,,,,,
,,,,,,,,,,,,,,,,,,,,,,,,,,,,,,,,,,,,,,,,,,,,,,,,,,,,,,,,,,,,,,,,,,
,,,,,,,,,,,,,,,,,,,,,,,,,,,,,,,,,,,,,,,,,,,,,,,,,,,,,,,,,,,,,,,,,,
,,,,,,,,,,,,,,,,,,,,,,,,,,,,,,,,,,,,,,,,,,,,,,,,,,,,,,,,,,,,,,,,,,
,,,,,,,,,,,,,,,,,,,,,,,,,,,,,,,,,,,,,,,,,,,,,,,,,,,,,,,,,,,,,,,,,,
,,,,,,,,,,,,,,,,,,,,,,,,,,,,,,,,,,,,,,,,,,,,,,,,,,,,,,,,,,,,,,,,,,
,,,,,,,,,,,,,,,,,,,,,,,,,,,,,,,,,,,,,,,,,,,,,,,,,,,,,,,,,,,,,,,,,,
,,,,,,,,,,,,,,,,,,,,,,,,,,,,,,,,,,,,,,,,,,,,,,,,,,,,,,,,,,,,,,,,,,
,,,,,,,,,,,,,,,,,,,,,,,,,,,,,,,,,,,,,,,,,,,,,,,,,,,,,,,,,,,,,,,,,,
,,,,,,,,,,,,,,,,,,,,,,,,,,,,,,,,,,,,,,,,,,,,,,,,,,,,,,,,,,,,,,,,,,
,,,,,,,,,,,,,,,,,,,,,,,,,,,,,,,,,,,,,,,,,,,,,,,,,,,,,,,,,,,,,,,,,,
,,,,,,,,,,,,,,,,,,,,,,,,,,,,,,,,,,,,,,,,,,,,,,,,,,,,,,,,,,,,,,,,,,
,,,,,,,,,,,,,,,,,,,,,,,,,,,,,,,,,,,,,,,,,,,,,,,,,,,,,,,,,,,,,,,,,,
,,,,,,,,,,,,,,,,,,,,,,,,,,,,,,,,,,,,,,,,,,,,,,,,,,,,,,,,,,,,,,,,,,
,,,,,,,,,,,,,,,,,,,,,,,,,,,,,,,,,,,,,,,,,,,,,,,,,,,,,,,,,,,,,,,,,,
,,,,,,,,,,,,,,,,,,,,,,,,,,,,,,,,,,,,,,,,,,,,,,,,,,,,,,,,,,,,,,,,,,
,,,,,,,,,,,,,,,,,,,,,,,,,,,,,,,,,,,,,,,,,,,,,,,,,,,,,,,,,,,,,,,,,,
,,,,,,,,,,,,,,,,,,,,,,,,,,,,,,,,,,,,,,,,,,,,,,,,,,,,,,,,,,,,,,,,,,
,,,,,,,,,,,,,,,,,,,,,,,,,,,,,,,,,,,,,,,,,,,,,,,,,,,,,,,,,,,,,,,,,,
,,,,,,,,,,,,,,,,,,,,,,,,,,,,,,,,,,,,,,,,,,,,,,,,,,,,,,,,,,,,,,,,,,
,,,,,,,,,,,,,,,,,,,,,,,,,,,,,,,,,,,,,,,,,,,,,,,,,,,,,,,,,,,,,,,,,,
,,,,,,,,,,,,,,,,,,,,,,,,,,,,,,,,,,,,,,,,,,,,,,,,,,,,,,,,,,,,,,,,,,
,,,,,,,,,,,,,,,,,,,,,,,,,,,,,,,,,,,,,,,,,,,,,,,,,,,,,,,,,,,,,,,,,,
,,,,,,,,,,,,,,,,,,,,,,,,,,,,,,,,,,,,,,,,,,,,,,,,,,,,,,,,,,,,,,,,,,
,,,,,,,,,,,,,,,,,,,,,,,,,,,,,,,,,,,,,,,,,,,,,,,,,,,,,,,,,,,,,,,,,,
,,,,,,,,,,,,,,,,,,,,,,,,,,,,,,,,,,,,,,,,,,,,,,,,,,,,,,,,,,,,,,,,,,
,,,,,,,,,,,,,,,,,,,,,,,,,,,,,,,,,,,,,,,,,,,,,,,,,,,,,,,,,,,,,,,,,,
,,,,,,,,,,,,,,,,,,,,,,,,,,,,,,,,,,,,,,,,,,,,,,,,,,,,,,,,,,,,,,,,,,
,,,,,,,,,,,,,,,,,,,,,,,,,,,,,,,,,,,,,,,,,,,,,,,,,,,,,,,,,,,,,,,,,,
,,,,,,,,,,,,,,,,,,,,,,,,,,,,,,,,,,,,,,,,,,,,,,,,,,,,,,,,,,,,,,,,,,
,,,,,,,,,,,,,,,,,,,,,,,,,,,,,,,,,,,,,,,,,,,,,,,,,,,,,,,,,,,,,,,,,,
,,,,,,,,,,,,,,,,,,,,,,,,,,,,,,,,,,,,,,,,,,,,,,,,,,,,,,,,,,,,,,,,,,
,,,,,,,,,,,,,,,,,,,,,,,,,,,,,,,,,,,,,,,,,,,,,,,,,,,,,,,,,,,,,,,,,,
,,,,,,,,,,,,,,,,,,,,,,,,,,,,,,,,,,,,,,,,,,,,,,,,,,,,,,,,,,,,,,,,,,
,,,,,,,,,,,,,,,,,,,,,,,,,,,,,,,,,,,,,,,,,,,,,,,,,,,,,,,,,,,,,,,,,,
,,,,,,,,,,,,,,,,,,,,,,,,,,,,,,,,,,,,,,,,,,,,,,,,,,,,,,,,,,,,,,,,,,
,,,,,,,,,,,,,,,,,,,,,,,,,,,,,,,,,,,,,,,,,,,,,,,,,,,,,,,,,,,,,,,,,,
,,,,,,,,,,,,,,,,,,,,,,,,,,,,,,,,,,,,,,,,,,,,,,,,,,,,,,,,,,,,,,,,,,
,,,,,,,,,,,,,,,,,,,,,,,,,,,,,,,,,,,,,,,,,,,,,,,,,,,,,,,,,,,,,,,,,,
,,,,,,,,,,,,,,,,,,,,,,,,,,,,,,,,,,,,,,,,,,,,,,,,,,,,,,,,,,,,,,,,,,
,,,,,,,,,,,,,,,,,,,,,,,,,,,,,,,,,,,,,,,,,,,,,,,,,,,,,,,,,,,,,,,,,,
,,,,,,,,,,,,,,,,,,,,,,,,,,,,,,,,,,,,,,,,,,,,,,,,,,,,,,,,,,,,,,,,,,
,,,,,,,,,,,,,,,,,,,,,,,,,,,,,,,,,,,,,,,,,,,,,,,,,,,,,,,,,,,,,,,,,,
,,,,,,,,,,,,,,,,,,,,,,,,,,,,,,,,,,,,,,,,,,,,,,,,,,,,,,,,,,,,,,,,,,
,,,,,,,,,,,,,,,,,,,,,,,,,,,,,,,,,,,,,,,,,,,,,,,,,,,,,,,,,,,,,,,,,,
