date,code,close,peTTM,pbMRQ,psTTM,pcfNcfTTM,roe,eps
2014/1/2,sz.000651,32.08,10.023944,3.082811,0.863814,6.334887,0.307544715,10.40608717
2014/1/3,sz.000651,30.99,9.683355,2.978065,0.834464,6.119643,0.307544751,10.40608583
2014/1/6,sz.000651,30.02,9.380261,2.88485,0.808345,5.928095,0.307544747,10.40608697
2014/1/7,sz.000651,29.97,9.364638,2.880046,0.806999,5.918222,0.30754483,10.40608379
2014/1/8,sz.000651,30.16,9.424007,2.898304,0.812115,5.955741,0.307544763,10.40608577
2014/1/9,sz.000651,29.46,9.20528,2.831036,0.793266,5.817511,0.3075448,10.40608456
2014/1/10,sz.000651,29.48,9.211529,2.832958,0.793804,5.821461,0.307544817,10.40608438
2014/1/13,sz.000651,28.35,8.858441,2.724367,0.763377,5.598318,0.307544747,10.40608699
2014/1/14,sz.000651,29.23,9.133412,2.808933,0.787073,5.772093,0.30754476,10.40608658
2014/1/15,sz.000651,29.35,9.170909,2.820465,0.790304,5.795789,0.307544759,10.40608552
2014/1/16,sz.000651,28.8,8.999052,2.767611,0.775494,5.68718,0.307544728,10.40608669
2014/1/17,sz.000651,28.07,8.770951,2.69746,0.755837,5.543026,0.307544758,10.40608573
2014/1/20,sz.000651,29.57,8.22515,2.841606,0.741004,5.839233,0.345477712,10.40608726
2014/1/21,sz.000651,29.65,8.247403,2.849294,0.743008,5.855031,0.345477722,10.40608656
2014/1/22,sz.000651,30.4,8.456022,2.921367,0.761803,6.003135,0.345477696,10.40608729
2014/1/23,sz.000651,30.28,8.422643,2.909836,0.758796,5.979438,0.345477779,10.40608474
2014/1/24,sz.000651,30,8.344758,2.882928,0.751779,5.924146,0.345477724,10.40608714
2014/1/27,sz.000651,29,8.0666,2.786831,0.72672,5.726674,0.345477773,10.4060849
2014/1/28,sz.000651,29.2,8.122231,2.80605,0.731732,5.766169,0.345477739,10.40608685
2014/1/29,sz.000651,28.68,7.977589,2.75608,0.718701,5.663484,0.345477813,10.406084
2014/1/30,sz.000651,28.36,7.888578,2.725328,0.710682,5.600293,0.345477727,10.4060869
2014/2/7,sz.000651,28.75,7.99706,2.762806,0.720455,5.677307,0.345477713,10.40608714
2014/2/10,sz.000651,29.56,8.222369,2.840645,0.740753,5.837258,0.345477684,10.40608735
2014/2/11,sz.000651,29.92,8.322506,2.875241,0.749774,5.908348,0.345477792,10.40608422
2014/2/12,sz.000651,31.08,8.64517,2.986714,0.778843,6.137415,0.345477764,10.40608508
2014/2/13,sz.000651,31.74,8.828754,3.050138,0.795382,6.267746,0.345477742,10.40608654
2014/2/14,sz.000651,31.63,8.798157,3.039568,0.792626,6.246025,0.345477809,10.40608402
2014/2/17,sz.000651,31.56,8.778686,3.032841,0.790872,6.232202,0.345477786,10.40608459
2014/2/18,sz.000651,31.35,8.720272,3.01266,0.785609,6.190733,0.345477756,10.40608632
2014/2/19,sz.000651,31.95,8.887168,3.070319,0.800645,6.309215,0.345477772,10.40608484
2014/2/20,sz.000651,30.95,8.609009,2.974221,0.775586,6.111744,0.345477743,10.40608617
2014/2/21,sz.000651,30.5,8.483838,2.930977,0.764309,6.022882,0.345477719,10.40608643
2014/2/24,sz.000651,28.37,7.89136,2.726289,0.710933,5.602267,0.345477712,10.40608681
2014/2/25,sz.000651,27.78,7.727246,2.669592,0.696148,5.485759,0.345477807,10.40608453
2014/2/26,sz.000651,28.07,7.807912,2.69746,0.703415,5.543026,0.345477767,10.40608573
2014/2/27,sz.000651,26.36,7.332261,2.533133,0.660563,5.20535,0.345477746,10.40608606
2014/2/28,sz.000651,27.75,7.718901,2.666709,0.695396,5.479835,0.345477808,10.4060848
2014/3/3,sz.000651,28.13,7.824602,2.703226,0.704918,5.554874,0.345477764,10.40608517
2014/3/4,sz.000651,28,7.788441,2.690733,0.701661,5.529203,0.345477741,10.40608637
2014/3/5,sz.000651,27.38,7.615983,2.631153,0.686124,5.406771,0.345477793,10.40608433
2014/3/6,sz.000651,27.94,7.771752,2.684967,0.700157,5.517355,0.345477699,10.40608693
2014/3/7,sz.000651,27.76,7.721683,2.66767,0.695646,5.48181,0.345477793,10.40608471
2014/3/10,sz.000651,27.2,7.565914,2.613855,0.681613,5.371226,0.345477757,10.40608603
2014/3/11,sz.000651,27.79,7.730028,2.670553,0.696398,5.487734,0.345477791,10.40608443
2014/3/12,sz.000651,28.16,7.832947,2.706109,0.70567,5.560798,0.345477762,10.4060849
2014/3/13,sz.000651,27.97,7.780096,2.68785,0.700909,5.523279,0.345477742,10.40608665
2014/3/14,sz.000651,27.59,7.674396,2.651333,0.691386,5.44824,0.345477742,10.4060863
2014/3/17,sz.000651,27.84,7.743936,2.675358,0.697651,5.497607,0.345477804,10.40608397
2014/3/18,sz.000651,27.4,7.621546,2.633075,0.686625,5.41072,0.345477807,10.40608414
2014/3/19,sz.000651,26.9,7.482467,2.585026,0.674095,5.311984,0.345477768,10.40608489
2014/3/20,sz.000651,26.46,7.360077,2.542743,0.663069,5.225097,0.345477771,10.40608508
2014/3/21,sz.000651,27.12,7.543662,2.606167,0.679608,5.355428,0.3454777,10.40608679
2014/3/24,sz.000651,26.81,7.457432,2.576377,0.67184,5.294212,0.345477773,10.40608576
2014/3/25,sz.000651,27.14,7.549225,2.608089,0.68011,5.359377,0.345477715,10.4060866
2014/3/26,sz.000651,27.13,7.546443,2.607128,0.679859,5.357403,0.34547773,10.4060867
2014/3/27,sz.000651,26.74,7.437961,2.56965,0.670086,5.280389,0.345477746,10.40608643
2014/3/28,sz.000651,27.6,7.677178,2.652294,0.691637,5.450214,0.345477726,10.4060862
2014/3/31,sz.000651,28,7.788441,2.690733,0.701661,5.529203,0.345477741,10.40608637
2014/4/1,sz.000651,28.32,7.877452,2.721484,0.70968,5.592394,0.3454777,10.40608727
2014/4/2,sz.000651,28.21,7.846854,2.710914,0.706923,5.570672,0.345477818,10.40608444
2014/4/3,sz.000651,27.9,7.760625,2.681123,0.699155,5.509456,0.345477716,10.4060873
2014/4/4,sz.000651,28.47,7.919176,2.735899,0.713438,5.622015,0.345477737,10.4060859
2014/4/8,sz.000651,29.49,8.202897,2.833919,0.738999,5.823435,0.345477823,10.4060843
2014/4/9,sz.000651,29.95,8.33085,2.878124,0.750526,5.914272,0.345477832,10.40608396
2014/4/10,sz.000651,30.21,8.403172,2.903109,0.757042,5.965615,0.345477755,10.40608534
2014/4/11,sz.000651,31.31,8.709146,3.008816,0.784607,6.182834,0.345477731,10.40608665
2014/4/14,sz.000651,31.1,8.650733,2.988636,0.779344,6.141365,0.345477776,10.40608492
2014/4/15,sz.000651,30.12,8.378137,2.89446,0.754786,5.947843,0.34547776,10.40608611
2014/4/16,sz.000651,30.44,8.467148,2.925211,0.762805,6.011033,0.345477722,10.40608695
2014/4/17,sz.000651,29.86,8.305816,2.869475,0.748271,5.8965,0.345477795,10.40608474
2014/4/18,sz.000651,29.68,8.255748,2.852177,0.74376,5.860955,0.34547772,10.4060863
2014/4/21,sz.000651,29.02,8.072163,2.788753,0.727221,5.730624,0.345477786,10.40608473
2014/4/22,sz.000651,29.5,8.205679,2.83488,0.73925,5.82541,0.345477809,10.40608421
2014/4/23,sz.000651,30.27,8.419861,2.908875,0.758545,5.977463,0.345477794,10.40608483
2014/4/24,sz.000651,29.85,8.303035,2.868514,0.74802,5.894525,0.345477768,10.40608482
2014/4/25,sz.000651,29.47,8.154214,2.563175,0.738417,11.236558,0.31433747,11.49745921
2014/4/28,sz.000651,29.25,8.093341,2.54404,0.732904,11.152675,0.314337429,11.49746073
2014/4/29,sz.000651,30.47,7.773415,2.49375,0.746575,5.777792,0.320804949,12.21854637
2014/4/30,sz.000651,30.11,7.681573,2.464287,0.737754,5.709528,0.320804997,12.21854435
2014/5/5,sz.000651,30.06,7.668818,2.460195,0.736529,5.700047,0.320804979,12.21854365
2014/5/6,sz.000651,29.93,7.635652,2.449555,0.733344,5.675396,0.320804955,12.21854582
2014/5/7,sz.000651,29.26,7.464724,2.39472,0.716928,5.548349,0.320804895,12.21854747
2014/5/8,sz.000651,29.21,7.451968,2.390628,0.715702,5.538868,0.32080492,12.21854676
2014/5/9,sz.000651,29.51,7.528503,2.415181,0.723053,5.595754,0.320804946,12.21854594
2014/5/12,sz.000651,29.71,7.579527,2.43155,0.727953,5.633679,0.320804979,12.21854373
2014/5/13,sz.000651,29.44,7.510645,2.409452,0.721338,5.582481,0.320804938,12.21854596
2014/5/14,sz.000651,29.39,7.497889,2.40536,0.720113,5.573,0.320804963,12.21854525
2014/5/15,sz.000651,29.24,7.459622,2.393084,0.716438,5.544556,0.320804995,12.2185431
2014/5/16,sz.000651,29.42,7.505543,2.407815,0.720848,5.578688,0.320804904,12.21854669
2014/5/19,sz.000651,29.09,7.421354,2.380807,0.712762,5.516113,0.320804937,12.21854606
2014/5/20,sz.000651,29.22,7.454519,2.391447,0.715947,5.540764,0.320805004,12.21854384
2014/5/21,sz.000651,29.29,7.472377,2.397176,0.717663,5.554038,0.320805013,12.21854382
2014/5/22,sz.000651,29.24,7.459622,2.393084,0.716438,5.544556,0.320804995,12.2185431
2014/5/23,sz.000651,29.3,7.474929,2.397994,0.717908,5.555934,0.32080492,12.218546
2014/5/26,sz.000651,29.88,7.622896,2.445463,0.732119,5.665915,0.32080498,12.21854512
2014/5/27,sz.000651,29.87,7.620345,2.444645,0.731874,5.664018,0.320805029,12.21854298
2014/5/28,sz.000651,30.85,7.87036,2.52485,0.755886,5.849848,0.320804893,12.21854764
2014/5/29,sz.000651,30.9,7.883116,2.528943,0.757111,5.859329,0.320804996,12.21854348
2014/5/30,sz.000651,30.96,7.898423,2.533853,0.758581,5.870707,0.320804925,12.21854622
2014/6/3,sz.000651,31.03,7.916281,2.539582,0.760296,5.88398,0.320804934,12.2185462
2014/6/4,sz.000651,30.49,7.778518,2.495387,0.747065,5.781584,0.32080494,12.21854566
2014/6/5,sz.000651,31.12,7.939242,2.546948,0.762501,5.901046,0.320804933,12.21854549
2014/6/6,sz.000651,29.45,7.513196,2.410271,0.721583,5.584377,0.320805021,12.21854306
2014/6/9,sz.000651,29.12,7.429008,2.383262,0.713497,5.521802,0.320804877,12.21854752
2014/6/10,sz.000651,29.41,7.502991,2.406997,0.720603,5.576792,0.320804996,12.21854452
2014/6/11,sz.000651,29.45,7.513196,2.410271,0.721583,5.584377,0.320805021,12.21854306
2014/6/12,sz.000651,29.2,7.449417,2.38981,0.715457,5.536971,0.32080497,12.21854457
2014/6/13,sz.000651,29.63,7.559117,2.425002,0.725993,5.618509,0.32080493,12.21854662
2014/6/16,sz.000651,29.81,7.605038,2.439734,0.730404,5.652641,0.320804972,12.21854514
2014/6/17,sz.000651,29.5,7.525952,2.414363,0.722808,5.593858,0.320804996,12.21854377
2014/6/18,sz.000651,29.33,7.482582,2.400449,0.718643,5.561622,0.320804904,12.21854745
2014/6/19,sz.000651,29.3,7.474929,2.397994,0.717908,5.555934,0.32080492,12.218546
2014/6/20,sz.000651,29.05,7.411149,2.377533,0.711782,5.508528,0.320804912,12.21854754
2014/6/23,sz.000651,28.85,7.360126,2.361165,0.706882,5.470604,0.32080497,12.21854466
2014/6/24,sz.000651,29.18,7.444315,2.388173,0.714967,5.533179,0.320804936,12.21854531
2014/6/25,sz.000651,29.09,7.421354,2.380807,0.712762,5.516113,0.320804937,12.21854606
2014/6/26,sz.000651,29.4,7.50044,2.406178,0.720358,5.574896,0.320804913,12.21854742
2014/6/27,sz.000651,29.36,7.490236,2.402905,0.719378,5.567311,0.320804979,12.2185438
2014/6/30,sz.000651,29.45,7.513196,2.410271,0.721583,5.584377,0.320805021,12.21854306
2014/7/1,sz.000651,28.3,7.219812,2.316151,0.693406,5.366311,0.320804891,12.21854706
2014/7/2,sz.000651,28.02,7.148379,2.293235,0.686545,5.313217,0.320804899,12.21854716
2014/7/3,sz.000651,28.1,7.168788,2.299783,0.688505,5.328387,0.320804995,12.2185441
2014/7/4,sz.000651,28.03,7.15093,2.294054,0.68679,5.315113,0.320804986,12.21854411
2014/7/7,sz.000651,27.6,7.04123,2.258861,0.676254,5.233576,0.320804888,12.21854731
2014/7/8,sz.000651,27.99,7.140725,2.29078,0.68581,5.307528,0.32080496,12.21854565
2014/7/9,sz.000651,27.44,7.000411,2.245767,0.672334,5.203236,0.320805021,12.21854271
2014/7/10,sz.000651,27.44,7.000411,2.245767,0.672334,5.203236,0.320805021,12.21854271
2014/7/11,sz.000651,27.68,7.061639,2.265409,0.678214,5.248746,0.320804986,12.2185442
2014/7/14,sz.000651,28.13,7.176442,2.302238,0.68924,5.334076,0.320804934,12.21854561
2014/7/15,sz.000651,28,7.143276,2.291598,0.686055,5.309425,0.320804908,12.21854793
2014/7/16,sz.000651,27.93,7.125418,2.28587,0.68434,5.296151,0.320805039,12.21854261
2014/7/17,sz.000651,28.07,7.161135,2.297327,0.68777,5.322698,0.320804872,12.2185479
2014/7/18,sz.000651,28.64,7.306551,2.343978,0.701736,5.430783,0.320804987,12.21854471
2014/7/21,sz.000651,28.69,7.319307,2.34807,0.702961,5.440264,0.320804961,12.21854544
2014/7/22,sz.000651,28.77,7.339717,2.354617,0.704922,5.455434,0.320804876,12.21854764
2014/7/23,sz.000651,28.83,7.355024,2.359528,0.706392,5.466811,0.320804936,12.2185454
2014/7/24,sz.000651,29.5,7.525952,2.414363,0.722808,5.593858,0.320804996,12.21854377
2014/7/25,sz.000651,29.68,7.571873,2.429094,0.727218,5.62799,0.320804905,12.21854733
2014/7/28,sz.000651,30.52,7.786171,2.497842,0.7478,5.787273,0.320804925,12.21854705
2014/7/29,sz.000651,30.11,7.681573,2.464287,0.737754,5.709528,0.320804997,12.21854435
2014/7/30,sz.000651,30,7.65351,2.455284,0.735059,5.688669,0.320804964,12.2185458
2014/7/31,sz.000651,30.24,7.714739,2.474926,0.74094,5.734179,0.32080489,12.21854714
2014/8/1,sz.000651,30.24,7.714739,2.474926,0.74094,5.734179,0.32080489,12.21854714
2014/8/4,sz.000651,30.75,7.844848,2.516666,0.753436,5.830886,0.320804941,12.21854628
2014/8/5,sz.000651,30.53,7.788723,2.498661,0.748045,5.789169,0.320804964,12.21854425
2014/8/6,sz.000651,29.98,7.648408,2.453647,0.734569,5.684877,0.320804931,12.21854651
2014/8/7,sz.000651,29.54,7.536157,2.417636,0.723788,5.601443,0.320804888,12.21854737
2014/8/8,sz.000651,29.68,7.571873,2.429094,0.727218,5.62799,0.320804905,12.21854733
2014/8/11,sz.000651,29.93,7.635652,2.449555,0.733344,5.675396,0.320804955,12.21854582
2014/8/12,sz.000651,29.46,7.515747,2.411089,0.721828,5.586273,0.320804971,12.21854523
2014/8/13,sz.000651,29.53,7.533606,2.416818,0.723543,5.599547,0.320804937,12.21854521
2014/8/14,sz.000651,29.34,7.485133,2.401268,0.718888,5.563519,0.320804988,12.21854454
2014/8/15,sz.000651,29.57,7.54381,2.420092,0.724523,5.607132,0.320805004,12.21854376
2014/8/18,sz.000651,29.62,7.556566,2.424184,0.725748,5.616613,0.320804979,12.21854447
2014/8/19,sz.000651,29.36,7.490236,2.402905,0.719378,5.567311,0.320804979,12.2185438
2014/8/20,sz.000651,29.45,7.513196,2.410271,0.721583,5.584377,0.320805021,12.21854306
2014/8/21,sz.000651,29.25,7.462173,2.393902,0.716683,5.546453,0.320804945,12.21854529
2014/8/22,sz.000651,29.64,7.561668,2.425821,0.726238,5.620405,0.320805013,12.21854374
2014/8/25,sz.000651,29.33,7.482582,2.400449,0.718643,5.561622,0.320804904,12.21854745
2014/8/26,sz.000651,28.37,6.786755,2.384406,0.680033,6.870988,0.351332264,11.89814151
2014/8/27,sz.000651,28.37,6.786755,2.384406,0.680033,6.870988,0.351332264,11.89814151
2014/8/28,sz.000651,28.14,6.731734,2.365075,0.674519,6.815284,0.351332212,11.89814277
2014/8/29,sz.000651,28.44,6.803501,2.390289,0.68171,6.887942,0.351332204,11.89814286
2014/9/1,sz.000651,28.82,6.894405,2.422227,0.690819,6.979975,0.351332276,11.89814167
2014/9/2,sz.000651,29.16,6.975741,2.450803,0.698969,7.06232,0.351332281,11.89814114
2014/9/3,sz.000651,29.51,7.059469,2.480219,0.707359,7.147087,0.351332232,11.89814287
2014/9/4,sz.000651,29.66,7.095353,2.492826,0.710954,7.183416,0.351332203,11.89814291
2014/9/5,sz.000651,29.58,7.076215,2.486103,0.709036,7.164041,0.351332315,11.89813938
2014/9/9,sz.000651,29.91,7.155158,2.513838,0.716947,7.243964,0.351332284,11.89814141
2014/9/10,sz.000651,29.61,7.083392,2.488624,0.709756,7.171306,0.351332243,11.8981413
2014/9/11,sz.000651,29.43,7.040331,2.473496,0.705441,7.127712,0.351332345,11.89813931
2014/9/12,sz.000651,29.2,6.98531,2.454165,0.699928,7.072008,0.351332296,11.89814051
2014/9/15,sz.000651,28.93,6.92072,2.431472,0.693456,7.006616,0.351332231,11.89814236
2014/9/16,sz.000651,28.51,6.820246,2.396173,0.683388,6.904895,0.351332342,11.89813924
2014/9/17,sz.000651,28.74,6.875268,2.415503,0.688902,6.960599,0.351332195,11.89814295
2014/9/18,sz.000651,28.67,6.858522,2.40962,0.687224,6.943646,0.351332255,11.89814162
2014/9/19,sz.000651,28.69,6.863306,2.411301,0.687703,6.94849,0.351332288,11.89814129
2014/9/22,sz.000651,28.07,6.714988,2.359192,0.672842,6.798331,0.351332273,11.8981414
2014/9/23,sz.000651,28.25,6.758048,2.37432,0.677156,6.841925,0.351332219,11.89814347
2014/9/24,sz.000651,28.58,6.836992,2.402056,0.685066,6.921849,0.351332282,11.89814059
2014/9/25,sz.000651,28.43,6.801108,2.389449,0.681471,6.88552,0.351332312,11.89814053
2014/9/26,sz.000651,28.34,6.779578,2.381885,0.679313,6.863722,0.35133234,11.8981395
2014/9/29,sz.000651,27.92,6.679105,2.346585,0.669246,6.762002,0.351332252,11.89814134
2014/9/30,sz.000651,27.73,6.633652,2.330616,0.664692,6.715985,0.351332268,11.89814195
2014/10/8,sz.000651,28.06,6.712596,2.358351,0.672602,6.795909,0.351332182,11.89814408
2014/10/9,sz.000651,28.27,6.762833,2.376001,0.677636,6.846769,0.351332201,11.89814314
2014/10/10,sz.000651,28,6.698243,2.353309,0.671164,6.781377,0.351332282,11.89814002
2014/10/13,sz.000651,27.68,6.621691,2.326414,0.663493,6.703876,0.351332311,11.89814023
2014/10/14,sz.000651,27.47,6.571454,2.308764,0.658459,6.653015,0.351332293,11.89814117
2014/10/15,sz.000651,27.74,6.636045,2.331457,0.664931,6.718407,0.351332307,11.89813923
2014/10/16,sz.000651,27.56,6.592984,2.316328,0.660617,6.674813,0.351332265,11.89814223
2014/10/17,sz.000651,27.8,6.650398,2.336499,0.66637,6.732939,0.351332206,11.89814333
2014/10/20,sz.000651,27.75,6.638437,2.332297,0.665171,6.720829,0.351332249,11.89814162
2014/10/21,sz.000651,27.48,6.573847,2.309604,0.658699,6.655437,0.35133218,11.89814358
2014/10/22,sz.000651,27.52,6.583416,2.312966,0.659658,6.665125,0.351332196,11.8981429
2014/10/23,sz.000651,27.56,6.592984,2.316328,0.660617,6.674813,0.351332265,11.89814223
2014/10/24,sz.000651,27.34,6.540355,2.297838,0.655343,6.62153,0.351332305,11.89814077
2014/10/27,sz.000651,26.5,6.339408,2.227239,0.635208,6.418089,0.351332333,11.89813936
2014/10/28,sz.000651,26.82,6.41596,2.254134,0.642879,6.495591,0.351332303,11.89813915
2014/10/29,sz.000651,27.33,6.537963,2.296997,0.655104,6.619108,0.351332212,11.89814353
2014/10/30,sz.000651,27.07,6.475765,2.275145,0.648871,6.556139,0.351332236,11.89814276
2014/10/31,sz.000651,28.4,6.511165,2.144234,0.650582,7.379866,0.329316489,13.24482309
2014/11/3,sz.000651,28.35,6.499701,2.140459,0.649437,7.366873,0.329316533,13.24482272
2014/11/4,sz.000651,28.02,6.424044,2.115544,0.641877,7.281121,0.329316549,13.24482024
2014/11/5,sz.000651,28.07,6.435507,2.119319,0.643023,7.294114,0.329316556,13.24482062
2014/11/6,sz.000651,28.13,6.449263,2.123849,0.644397,7.309705,0.329316544,13.24482108
2014/11/7,sz.000651,28.21,6.467604,2.129889,0.64623,7.330493,0.329316544,13.24482168
2014/11/10,sz.000651,28.83,6.609749,2.1767,0.660433,7.491603,0.32931659,13.24482014
2014/11/11,sz.000651,28.68,6.575359,2.165374,0.656996,7.452625,0.329316468,13.24482514
2014/11/12,sz.000651,29.35,6.728968,2.21596,0.672345,7.626727,0.329316472,13.24482391
2014/11/13,sz.000651,29.04,6.657895,2.192555,0.665243,7.546172,0.329316548,13.24482168
2014/11/14,sz.000651,28.93,6.632676,2.18425,0.662723,7.517588,0.329316553,13.24482088
2014/11/17,sz.000651,28.61,6.559311,2.160089,0.655393,7.434435,0.329316448,13.24482463
2014/11/18,sz.000651,28.36,6.501994,2.141214,0.649666,7.369471,0.329316514,13.2448228
2014/11/19,sz.000651,28.35,6.499701,2.140459,0.649437,7.366873,0.329316533,13.24482272
2014/11/20,sz.000651,28.23,6.472189,2.131399,0.646688,7.33569,0.329316557,13.24482183
2014/11/21,sz.000651,28.67,6.573067,2.164619,0.656767,7.450026,0.329316436,13.24482507
2014/11/24,sz.000651,29.66,6.80004,2.239366,0.679446,7.707282,0.329316592,13.24482019
2014/11/25,sz.000651,30.66,7.029307,2.314867,0.702354,7.967137,0.329316531,13.24482141
2014/11/26,sz.000651,30.44,6.978868,2.298257,0.697314,7.909969,0.329316588,13.24481988
2014/11/27,sz.000651,30.22,6.92843,2.281646,0.692274,7.852801,0.329316454,13.24482413
2014/11/28,sz.000651,30.29,6.944478,2.286931,0.693878,7.87099,0.329316473,13.24482461
2014/12/1,sz.000651,31.8,7.29067,2.400938,0.728469,8.263371,0.32931651,13.24482348
2014/12/2,sz.000651,33.02,7.570375,2.49305,0.756416,8.580393,0.329316579,13.2448206
2014/12/3,sz.000651,35.21,8.072469,2.658397,0.806585,9.149474,0.329316471,13.24482385
2014/12/4,sz.000651,35.99,8.251296,2.717288,0.824453,9.352161,0.32931651,13.24482352
2014/12/5,sz.000651,35.51,8.141249,2.681048,0.813457,9.227431,0.329316546,13.24482068
2014/12/8,sz.000651,37.53,8.604367,2.83356,0.859731,9.752336,0.329316497,13.24482277
2014/12/9,sz.000651,34.8,7.97847,2.627442,0.797192,9.042934,0.329316523,13.24482139
2014/12/10,sz.000651,37.11,8.508075,2.80185,0.850109,9.643198,0.329316561,13.24482039
2014/12/11,sz.000651,37.1,8.505782,2.801095,0.84988,9.640599,0.329316575,13.24482033
2014/12/12,sz.000651,36.96,8.473685,2.790524,0.846673,9.604219,0.329316466,13.24482427
2014/12/15,sz.000651,36.75,8.425539,2.774669,0.841863,9.54965,0.329316498,13.24482308
2014/12/16,sz.000651,36.56,8.381978,2.760324,0.83751,9.500278,0.329316541,13.24482198
2014/12/17,sz.000651,36.25,8.310906,2.736919,0.830409,9.419723,0.329316563,13.24482018
2014/12/18,sz.000651,37.44,8.583733,2.826765,0.857669,9.72895,0.329316511,13.24482226
2014/12/19,sz.000651,36.9,8.459929,2.785994,0.845299,9.588628,0.329316475,13.24482393
2014/12/22,sz.000651,36.95,8.471392,2.789769,0.846444,9.601621,0.329316481,13.24482421
2014/12/23,sz.000651,38.05,8.723585,2.872821,0.871643,9.887461,0.32931656,13.24482103
2014/12/24,sz.000651,37.07,8.498904,2.79883,0.849193,9.632803,0.32931658,13.24482016
2014/12/25,sz.000651,37.02,8.487441,2.795054,0.848048,9.619811,0.329316457,13.24482461
2014/12/26,sz.000651,37.58,8.61583,2.837335,0.860876,9.765329,0.329316502,13.24482305
2014/12/29,sz.000651,35.99,8.251296,2.717288,0.824453,9.352161,0.32931651,13.24482352
2014/12/30,sz.000651,35.75,8.196273,2.699168,0.818955,9.289796,0.329316508,13.24482211
2014/12/31,sz.000651,37.12,8.510367,2.802605,0.850338,9.645796,0.329316585,13.24482044
2015/1/5,sz.000651,40.8,9.354068,3.080449,0.934639,10.60206,0.329316507,13.24482243
2015/1/6,sz.000651,41.67,9.553529,3.146135,0.954569,10.828134,0.329316528,13.24482262
2015/1/7,sz.000651,41.6,9.537481,3.14085,0.952966,10.809944,0.329316514,13.24482226
2015/1/8,sz.000651,41.74,9.569578,3.15142,0.956173,10.846324,0.329316507,13.24482297
2015/1/9,sz.000651,41,9.399921,3.095549,0.939221,10.654031,0.329316491,13.24482345
2015/1/12,sz.000651,42.2,9.675041,3.186151,0.96671,10.965857,0.329316537,13.2448211
2015/1/13,sz.000651,44.1,10.110647,3.329603,1.010235,11.45958,0.329316512,13.24482228
2015/1/14,sz.000651,42.61,9.76904,3.217106,0.976102,11.072397,0.329316494,13.24482314
2015/1/15,sz.000651,43.44,9.959331,3.279772,0.995116,11.288076,0.329316497,13.24482312
2015/1/16,sz.000651,42.88,9.830942,3.237492,0.982288,11.142558,0.32931656,13.24482037
2015/1/19,sz.000651,40.03,9.177533,3.022313,0.917,10.401973,0.329316495,13.24482276
2015/1/20,sz.000651,43.32,9.231627,3.270712,0.930684,11.256894,0.354294211,13.24482253
2015/1/21,sz.000651,43.92,9.359489,3.316013,0.943575,11.412806,0.354294236,13.24482142
2015/1/22,sz.000651,43.17,9.199661,3.259387,0.927462,11.217915,0.354294251,13.2448218
2015/1/23,sz.000651,43.01,9.165565,3.247307,0.924024,11.176339,0.354294252,13.24482102
2015/1/26,sz.000651,43.08,9.180482,3.252592,0.925528,11.194528,0.354294252,13.24482136
2015/1/27,sz.000651,42.01,8.952462,3.171805,0.90254,10.916484,0.35429416,13.24482432
2015/1/28,sz.000651,41.19,8.777717,3.109894,0.884923,10.703404,0.354294175,13.24482442
2015/1/29,sz.000651,40.63,8.658379,3.067614,0.872892,10.557885,0.354294262,13.24482155
2015/1/30,sz.000651,40.4,8.609366,3.050249,0.867951,10.498119,0.354294265,13.24482034
2015/2/2,sz.000651,39.52,8.421835,2.983807,0.849045,10.269447,0.354294165,13.24482448
2015/2/3,sz.000651,39.8,8.481504,3.004948,0.855061,10.342206,0.354294238,13.24482154
2015/2/4,sz.000651,39.48,8.413311,2.980787,0.848186,10.259053,0.354294166,13.24482427
2015/2/5,sz.000651,39,8.311021,2.944547,0.837874,10.134322,0.354294256,13.2448217
2015/2/6,sz.000651,38.5,8.20447,2.906796,0.827132,10.004395,0.354294184,13.24482351
2015/2/9,sz.000651,39.05,8.321676,2.948322,0.838948,10.147315,0.354294255,13.24482197
2015/2/10,sz.000651,39.83,8.487897,3.007213,0.855705,10.350002,0.354294238,13.2448217
2015/2/11,sz.000651,39.8,8.481504,3.004948,0.855061,10.342206,0.354294238,13.24482154
2015/2/12,sz.000651,39.1,8.332332,2.952097,0.840022,10.160308,0.354294212,13.24482224
2015/2/13,sz.000651,39.18,8.34938,2.958137,0.841741,10.181096,0.354294211,13.24482267
2015/2/16,sz.000651,38.73,8.253483,2.924162,0.832073,10.064162,0.354294302,13.24482023
2015/2/17,sz.000651,40.99,8.735096,3.094794,0.880627,10.651433,0.354294217,13.2448234
2015/2/25,sz.000651,41.22,8.78411,3.11216,0.885568,10.711199,0.354294288,13.24482032
2015/2/26,sz.000651,40.92,8.720179,3.089509,0.879123,10.633243,0.354294218,13.24482304
2015/2/27,sz.000651,40.53,8.637069,3.060064,0.870744,10.5319,0.354294263,13.24482102
2015/3/2,sz.000651,41.43,8.828862,3.128015,0.89008,10.765769,0.354294245,13.2448214
2015/3/3,sz.000651,39.81,8.483635,3.005703,0.855276,10.344805,0.354294238,13.24482159
2015/3/4,sz.000651,40.6,8.651986,3.065349,0.872248,10.55009,0.354294263,13.24482139
2015/3/5,sz.000651,39.3,8.374952,2.967197,0.844319,10.212279,0.35429421,13.24482331
2015/3/6,sz.000651,38.59,8.223649,2.913591,0.829065,10.027782,0.354294183,13.244824
2015/3/9,sz.000651,39.23,8.360035,2.961912,0.842815,10.194089,0.35429421,13.24482294
2015/3/10,sz.000651,38.83,8.274794,2.931712,0.834221,10.090147,0.354294258,13.24482077
2015/3/11,sz.000651,39.43,8.402656,2.977012,0.847112,10.24606,0.354294166,13.244824
2015/3/12,sz.000651,39.53,8.423966,2.984562,0.84926,10.272045,0.354294165,13.24482453
2015/3/13,sz.000651,39.92,8.507076,3.014008,0.857639,10.373389,0.354294237,13.24482218
2015/3/16,sz.000651,41.01,8.739358,3.096304,0.881056,10.65663,0.354294217,13.24482351
2015/3/17,sz.000651,41.05,8.747883,3.099324,0.881916,10.667024,0.354294176,13.24482371
2015/3/18,sz.000651,42.02,8.954593,3.17256,0.902755,10.919083,0.354294159,13.24482437
2015/3/19,sz.000651,42.72,9.103765,3.225411,0.917794,11.100981,0.354294185,13.24482368
2015/3/20,sz.000651,42.29,9.01213,3.192946,0.908556,10.989244,0.354294268,13.24482155
2015/3/23,sz.000651,42.77,9.11442,3.229186,0.918868,11.113974,0.354294184,13.24482393
2015/3/24,sz.000651,42.18,8.988689,3.184641,0.906192,10.96066,0.354294269,13.244821
2015/3/25,sz.000651,41.81,8.909841,3.156705,0.898243,10.864513,0.354294201,13.24482332
2015/3/26,sz.000651,41.83,8.914103,3.158215,0.898673,10.86971,0.354294201,13.24482342
2015/3/27,sz.000651,43.1,9.184744,3.254102,0.925958,11.199726,0.354294251,13.24482146
2015/3/30,sz.000651,44.4,9.461778,3.352253,0.953887,11.537536,0.354294193,13.24482371
2015/3/31,sz.000651,43.78,9.329654,3.305443,0.940567,11.376427,0.354294275,13.24482074
2015/4/1,sz.000651,44.7,9.525709,3.374904,0.960332,11.615493,0.354294258,13.24482119
2015/4/2,sz.000651,44.33,9.446861,3.346968,0.952383,11.519347,0.354294194,13.24482337
2015/4/3,sz.000651,43.99,9.374406,3.321298,0.945078,11.430996,0.354294235,13.24482175
2015/4/7,sz.000651,44.37,9.455385,3.349988,0.953242,11.529741,0.354294193,13.24482356
2015/4/8,sz.000651,45.11,9.613081,3.405859,0.96914,11.722033,0.354294216,13.24482311
2015/4/9,sz.000651,44,9.376537,3.322053,0.945293,11.433595,0.354294235,13.2448218
2015/4/10,sz.000651,44.86,9.559805,3.386984,0.963769,11.657069,0.354294256,13.24482194
2015/4/13,sz.000651,44.93,9.574723,3.392269,0.965273,11.675259,0.354294218,13.24482227
2015/4/14,sz.000651,43.98,9.372275,3.320543,0.944864,11.428397,0.354294235,13.24482171
2015/4/15,sz.000651,42.94,9.150647,3.242022,0.92252,11.158149,0.354294292,13.24482067
2015/4/16,sz.000651,45.12,9.615212,3.406614,0.969355,11.724632,0.354294216,13.24482316
2015/4/17,sz.000651,46.95,10.005191,3.544781,1.008671,12.200165,0.354294186,13.24482387
2015/4/20,sz.000651,45.81,9.762253,3.45871,0.984179,11.903931,0.354294239,13.24482249
2015/4/21,sz.000651,49.18,10.480411,3.713149,1.05658,12.77964,0.354294216,13.24482266
2015/4/22,sz.000651,49.88,10.629583,3.766,1.071619,12.961539,0.354294237,13.24482209
2015/4/23,sz.000651,49.04,10.450576,3.702579,1.053572,12.743261,0.354294251,13.24482206
2015/4/24,sz.000651,48.48,10.331239,3.660298,1.041541,12.597742,0.354294195,13.24482324
2015/4/27,sz.000651,51.26,10.923665,3.870192,1.101267,13.320138,0.354294278,13.24482093
2015/4/28,sz.000651,56.39,11.982446,3.841525,1.211479,11.90497,0.320596062,14.67906626
2015/4/29,sz.000651,57.71,12.262936,3.931449,1.239837,12.183646,0.320596063,14.67906617
2015/4/30,sz.000651,57,11.682334,3.652968,1.223854,10.064969,0.312691625,15.60375016
2015/5/4,sz.000651,56.5,11.579857,3.620924,1.213118,9.97668,0.312691599,15.60375197
2015/5/5,sz.000651,53.25,10.913759,3.412641,1.143337,9.4028,0.312691622,15.60375088
2015/5/6,sz.000651,52,10.657568,3.332532,1.116498,9.182077,0.312691601,15.60375114
2015/5/7,sz.000651,52.78,10.817431,3.38252,1.133246,9.319808,0.312691618,15.60375105
2015/5/8,sz.000651,53.17,10.897363,3.407514,1.14162,9.388674,0.312691612,15.603751
2015/5/11,sz.000651,55,11.272427,3.524794,1.180912,9.711812,0.312691668,15.60374876
2015/5/12,sz.000651,54.31,11.13101,3.480574,1.166097,9.589973,0.312691661,15.60374812
2015/5/13,sz.000651,54.17,11.102316,3.471601,1.163091,9.565252,0.312691604,15.6037517
2015/5/14,sz.000651,53.28,10.919908,3.414564,1.143981,9.408097,0.312691645,15.60374912
2015/5/15,sz.000651,52.04,10.665766,3.335096,1.117357,9.18914,0.312691653,15.60374874
2015/5/18,sz.000651,51.1,10.47311,3.274854,1.097174,9.023156,0.312691646,15.60374905
2015/5/19,sz.000651,53.59,10.983443,3.434431,1.150637,9.462836,0.312691658,15.60374921
2015/5/20,sz.000651,54.09,11.08592,3.466474,1.161373,9.551126,0.312691594,15.60375182
2015/5/21,sz.000651,58.38,11.965169,3.741408,1.253484,10.308647,0.312691613,15.60375132
2015/5/22,sz.000651,58.72,12.034853,3.763198,1.260784,10.368684,0.312691647,15.60374979
2015/5/25,sz.000651,60.02,12.301293,3.846511,1.288697,10.598236,0.312691601,15.60375104
2015/5/26,sz.000651,61.42,12.588227,3.936233,1.318756,10.845445,0.312691613,15.6037511
2015/5/27,sz.000651,59.43,12.18037,3.8087,1.276029,10.494054,0.312691651,15.60374931
2015/5/28,sz.000651,57.89,11.864742,3.710006,1.242963,10.222124,0.312691671,15.60374835
2015/5/29,sz.000651,62.21,12.75014,3.986862,1.335718,10.984942,0.312691625,15.60375052
2015/6/1,sz.000651,65.05,13.332207,4.16887,1.396696,11.486425,0.312691665,15.60374874
2015/6/2,sz.000651,64.15,13.147749,4.111191,1.377372,11.327504,0.312691625,15.60375084
2015/6/3,sz.000651,64.1,13.137502,4.107987,1.376299,11.318675,0.312691637,15.60374948
2015/6/4,sz.000651,62.53,12.815725,4.00737,1.342589,11.041447,0.312691635,15.60375009
2015/6/5,sz.000651,63.97,13.110858,4.099656,1.373508,11.29572,0.312691664,15.60374822
2015/6/8,sz.000651,62.49,12.807527,4.004807,1.34173,11.034384,0.31269167,15.6037482
2015/6/9,sz.000651,61.28,12.559534,3.927261,1.31575,10.820724,0.312691617,15.6037503
2015/6/10,sz.000651,62.15,12.737843,3.983017,1.33443,10.974348,0.312691639,15.60374962
2015/6/11,sz.000651,61.39,12.582078,3.934311,1.318112,10.840148,0.312691671,15.60374866
2015/6/12,sz.000651,61.71,12.647664,3.954819,1.324983,10.896653,0.312691656,15.60374824
2015/6/15,sz.000651,60.3,12.358679,3.864456,1.294709,10.647677,0.312691672,15.60374863
2015/6/16,sz.000651,58.19,11.926228,3.729232,1.249405,10.275097,0.312691657,15.60374898
2015/6/17,sz.000651,59.02,12.096339,3.782424,1.267226,10.421657,0.312691633,15.6037504
2015/6/18,sz.000651,56.51,11.581907,3.621565,1.213333,9.978445,0.312691597,15.60375142
2015/6/19,sz.000651,53,10.862521,3.396619,1.137969,9.358655,0.312691593,15.60375185
2015/6/23,sz.000651,57.87,11.860643,3.708724,1.242534,10.218592,0.312691647,15.60374943
2015/6/24,sz.000651,58.51,11.991813,3.74974,1.256275,10.331602,0.312691667,15.60374853
2015/6/25,sz.000651,59.62,12.219311,3.820876,1.280108,10.527604,0.312691608,15.6037516
2015/6/26,sz.000651,56.92,11.665938,3.647841,1.222136,10.050843,0.312691616,15.60375027
2015/6/29,sz.000651,58.66,12.022556,3.759353,1.259496,10.358089,0.312691661,15.60374884
2015/6/30,sz.000651,63.9,13.096511,4.095169,1.372005,11.28336,0.312691602,15.60375164
2015/7/1,sz.000651,60.81,12.463206,3.89714,1.305659,10.737732,0.312691614,15.60375044
2015/7/2,sz.000651,58.49,11.987714,3.748458,1.255846,10.328071,0.312691644,15.6037496
2015/7/3,sz.000651,24.98,10.239463,3.201794,1.072697,8.821857,0.312691593,7.801876073
2015/7/6,sz.000651,24.2,9.919736,3.101819,1.039202,8.546395,0.312691689,7.801873675
2015/7/7,sz.000651,21.82,8.944159,2.796764,0.937,7.705881,0.312691668,7.80187388
2015/7/8,sz.000651,19.64,8.050563,2.517344,0.843386,6.936,0.312691671,7.801873721
2015/7/9,sz.000651,21.6,8.853979,2.768565,0.927552,7.628187,0.312691616,7.801875701
2015/7/10,sz.000651,23.76,9.739377,3.045422,1.020308,8.391006,0.312691664,7.80187442
2015/7/13,sz.000651,26.14,10.714955,3.350477,1.12251,9.231519,0.312691654,7.801874181
2015/7/14,sz.000651,24.88,10.198472,3.188977,1.068403,8.786541,0.312691646,7.801875021
2015/7/15,sz.000651,23.41,9.59591,3.000561,1.005278,8.267401,0.312691657,7.801874383
2015/7/16,sz.000651,23.94,9.81316,3.068493,1.028037,8.454574,0.31269163,7.801875383
2015/7/17,sz.000651,24.88,10.198472,3.188977,1.068403,8.786541,0.312691646,7.801875021
2015/7/20,sz.000651,24.53,10.055005,3.144116,1.053373,8.662936,0.31269164,7.801874994
2015/7/21,sz.000651,24.21,9.923835,3.1031,1.039632,8.549926,0.312691616,7.801875544
2015/7/22,sz.000651,23.69,9.710684,3.03645,1.017302,8.366285,0.31269167,7.801873899
2015/7/23,sz.000651,24.06,9.862349,3.083874,1.03319,8.496953,0.312691632,7.801875174
2015/7/24,sz.000651,23.39,9.587712,2.997997,1.004419,8.260338,0.312691599,7.801875719
2015/7/27,sz.000651,21.06,8.63263,2.699351,0.904364,7.437482,0.312691613,7.80187534
2015/7/28,sz.000651,22.26,9.124518,2.85316,0.955894,7.86127,0.312691585,7.801875815
2015/7/29,sz.000651,22.59,9.259787,2.895458,0.970065,7.977812,0.312691642,7.801874522
2015/7/30,sz.000651,21.92,8.985149,2.809581,0.941294,7.741197,0.312691643,7.801875084
2015/7/31,sz.000651,22.31,9.145013,2.859569,0.958041,7.878928,0.312691628,7.801875038
2015/8/3,sz.000651,23.09,9.46474,2.959545,0.991536,8.15439,0.312691632,7.80187495
2015/8/4,sz.000651,23.39,9.587712,2.997997,1.004419,8.260338,0.312691599,7.801875719
2015/8/5,sz.000651,22.7,9.304876,2.909557,0.974789,8.016659,0.312691647,7.801874993
2015/8/6,sz.000651,22.17,9.087626,2.841625,0.95203,7.829486,0.312691675,7.801873928
2015/8/7,sz.000651,22.51,9.226994,2.885204,0.96663,7.94956,0.312691652,7.801874668
2015/8/10,sz.000651,23.24,9.526226,2.978771,0.997978,8.207364,0.312691616,7.801875337
2015/8/11,sz.000651,23.25,9.530325,2.980053,0.998407,8.210896,0.312691645,7.801874665
2015/8/12,sz.000651,22.69,9.300777,2.908275,0.97436,8.013128,0.312691617,7.801875682
2015/8/13,sz.000651,22.95,9.407353,2.941601,0.985524,8.104949,0.312691679,7.801873878
2015/8/14,sz.000651,22.54,9.239291,2.889049,0.967918,7.960154,0.312691634,7.801875288
2015/8/17,sz.000651,22.25,9.120419,2.851879,0.955465,7.857739,0.312691665,7.801873782
2015/8/18,sz.000651,20.98,8.599837,2.689097,0.900928,7.40923,0.312691624,7.801875499
2015/8/19,sz.000651,21.01,8.612135,2.692942,0.902217,7.419824,0.312691568,7.801876164
2015/8/20,sz.000651,20.13,8.251417,2.580149,0.864427,7.109046,0.312691626,7.801875008
2015/8/21,sz.000651,19.05,7.808718,2.441721,0.81805,6.727637,0.312691661,7.80187417
2015/8/24,sz.000651,17.15,7.029896,2.19819,0.736459,6.056639,0.312691681,7.801873359
2015/8/25,sz.000651,17.41,7.136471,2.231515,0.747624,6.14846,0.312691665,7.801874511
2015/8/26,sz.000651,18.45,7.562774,2.364816,0.792284,6.515743,0.312691613,7.801875495
2015/8/27,sz.000651,18.87,7.734935,2.418649,0.81032,6.664069,0.312691574,7.801876171
2015/8/28,sz.000651,19.5,7.993176,2.499399,0.837374,6.886558,0.312691601,7.801875571
2015/8/31,sz.000651,18.45,7.839529,2.699519,0.836491,3.66902,0.34434709,6.834550896
2015/9/1,sz.000651,18.19,7.729053,2.661477,0.824703,3.617316,0.344347102,6.83455089
2015/9/2,sz.000651,17.85,7.584585,2.611729,0.809288,3.549703,0.344346988,6.834552896
2015/9/7,sz.000651,17.32,7.359385,2.534182,0.785258,3.444305,0.34434698,6.83455253
2015/9/8,sz.000651,17.6,7.478358,2.575151,0.797953,3.499987,0.344347115,6.834550673
2015/9/9,sz.000651,17.85,7.584585,2.611729,0.809288,3.549703,0.344346988,6.834552896
2015/9/10,sz.000651,17.45,7.414622,2.553203,0.791152,3.470157,0.344347021,6.834552521
2015/9/11,sz.000651,17.31,7.355135,2.532719,0.784805,3.442317,0.344347045,6.834552116
2015/9/14,sz.000651,16.5,7.010961,2.414204,0.748081,3.281238,0.344347087,6.83455085
2015/9/15,sz.000651,16.05,6.819753,2.348362,0.727679,3.191749,0.344347075,6.834551062
2015/9/16,sz.000651,16.92,7.189422,2.475656,0.767123,3.36476,0.344347014,6.834552135
2015/9/17,sz.000651,16.41,6.972719,2.401035,0.744001,3.26334,0.344347019,6.834552599
2015/9/18,sz.000651,16.49,7.006712,2.41274,0.747628,3.279249,0.344346963,6.834553247
2015/9/21,sz.000651,16.59,7.049203,2.427372,0.752162,3.299135,0.344347013,6.834551935
2015/9/22,sz.000651,16.81,7.142682,2.459561,0.762136,3.342885,0.344346983,6.834552995
2015/9/23,sz.000651,16.45,6.989716,2.406888,0.745814,3.271295,0.344347038,6.834551504
2015/9/24,sz.000651,16.46,6.993965,2.408351,0.746268,3.273283,0.344347019,6.83455194
2015/9/25,sz.000651,16.09,6.836749,2.354214,0.729492,3.199704,0.344346999,6.834552849
2015/9/28,sz.000651,16.12,6.849496,2.358604,0.730853,3.20567,0.344347088,6.834551285
2015/9/29,sz.000651,15.75,6.692281,2.304467,0.714077,3.132091,0.344347017,6.834552198
2015/9/30,sz.000651,16.18,6.874991,2.367383,0.733573,3.217602,0.344347069,6.834551063
2015/10/8,sz.000651,16.83,7.15118,2.462488,0.763043,3.346862,0.344347087,6.834551072
2015/10/9,sz.000651,16.86,7.163927,2.466877,0.764403,3.352828,0.344347032,6.834552351
2015/10/12,sz.000651,17.5,7.435868,2.560519,0.793419,3.480101,0.344347022,6.834551901
2015/10/13,sz.000651,17.38,7.384879,2.542961,0.787979,3.456237,0.34434701,6.834552319
2015/10/14,sz.000651,17.09,7.261656,2.50053,0.774831,3.398567,0.344347075,6.834551075
2015/10/15,sz.000651,17.45,7.414622,2.553203,0.791152,3.470157,0.344347021,6.834552521
2015/10/16,sz.000651,17.53,7.448615,2.564908,0.79478,3.486066,0.344346969,6.83455313
2015/10/19,sz.000651,17.45,7.414622,2.553203,0.791152,3.470157,0.344347021,6.834552521
2015/10/20,sz.000651,17.56,7.461362,2.569298,0.79614,3.492032,0.344347051,6.834551695
2015/10/21,sz.000651,17.5,7.435868,2.560519,0.793419,3.480101,0.344347022,6.834551901
2015/10/22,sz.000651,17.6,7.478358,2.575151,0.797953,3.499987,0.344347115,6.834550673
2015/10/23,sz.000651,18.2,7.733302,2.66294,0.825156,3.619305,0.344347085,6.834551285
2015/10/26,sz.000651,17.95,7.627076,2.626361,0.813822,3.569589,0.344347034,6.834551686
2015/10/27,sz.000651,17.58,7.46986,2.572224,0.797046,3.49601,0.344347016,6.834552512
2015/10/28,sz.000651,17.3,7.350886,2.531256,0.784352,3.440328,0.344347062,6.834551701
2015/10/29,sz.000651,17.5,7.435868,2.560519,0.793419,3.480101,0.344347022,6.834551901
2015/10/30,sz.000651,17.35,7.372132,2.538572,0.786619,3.450271,0.344347063,6.834551078
2015/11/2,sz.000651,17.64,7.431019,2.361641,0.858131,4.081486,0.3178085,7.469382518
2015/11/3,sz.000651,17.47,7.359405,2.338882,0.849861,4.042151,0.317808573,7.46938067
2015/11/4,sz.000651,18.31,7.713263,2.451341,0.890724,4.236508,0.317808559,7.469381045
2015/11/5,sz.000651,19.02,8.012357,2.546396,0.925263,4.400785,0.317808605,7.469380254
2015/11/6,sz.000651,19.38,8.164011,2.594592,0.942776,4.484081,0.317808489,7.469382469
2015/11/9,sz.000651,19.56,8.239837,2.618691,0.951533,4.525729,0.317808593,7.469380694
2015/11/10,sz.000651,19.52,8.222987,2.613336,0.949587,4.516474,0.317808602,7.469380133
2015/11/11,sz.000651,19.23,8.100822,2.57451,0.935479,4.449375,0.317808489,7.469382523
2015/11/12,sz.000651,19.07,8.03342,2.55309,0.927696,4.412354,0.317808605,7.469380241
2015/11/13,sz.000651,18.59,7.831216,2.488827,0.904345,4.301293,0.317808499,7.469382163
2015/11/16,sz.000651,18.7,7.877554,2.503554,0.909696,4.326745,0.317808548,7.469381527
2015/11/17,sz.000651,18.7,7.877554,2.503554,0.909696,4.326745,0.317808548,7.469381527
2015/11/18,sz.000651,18.54,7.810153,2.482133,0.901913,4.289725,0.317808499,7.469382181
2015/11/19,sz.000651,18.75,7.898617,2.510248,0.912129,4.338314,0.317808548,7.469381511
2015/11/20,sz.000651,18.59,7.831216,2.488827,0.904345,4.301293,0.317808499,7.469382163
2015/11/23,sz.000651,18.42,7.759601,2.466068,0.896075,4.261959,0.317808609,7.469380406
2015/11/24,sz.000651,18.54,7.810153,2.482133,0.901913,4.289725,0.317808499,7.469382181
2015/11/25,sz.000651,18.55,7.814365,2.483472,0.902399,4.292038,0.317808549,7.469381575
2015/11/26,sz.000651,19.33,8.142948,2.587898,0.940344,4.472512,0.317808489,7.469382487
2015/11/27,sz.000651,18.55,7.814365,2.483472,0.902399,4.292038,0.317808549,7.469381575
2015/11/30,sz.000651,18.33,7.721688,2.454019,0.891697,4.241135,0.317808619,7.469379821
2015/12/1,sz.000651,19.09,8.041845,2.555767,0.928669,4.416982,0.317808538,7.46938199
2015/12/2,sz.000651,21,8.846451,2.811478,1.021584,4.858911,0.317808577,7.469380874
2015/12/3,sz.000651,20.38,8.58527,2.728472,0.991423,4.715458,0.317808526,7.46938213
2015/12/4,sz.000651,20.83,8.774837,2.788718,1.013314,4.819577,0.317808525,7.469381988
2015/12/7,sz.000651,20.81,8.766412,2.786041,1.012341,4.81495,0.317808586,7.469380386
2015/12/8,sz.000651,20.05,8.446255,2.684292,0.97537,4.639103,0.317808544,7.469381125
2015/12/9,sz.000651,20.8,8.762199,2.784702,1.011855,4.812636,0.317808578,7.469380925
2015/12/10,sz.000651,20.93,8.816963,2.802106,1.018179,4.842715,0.317808524,7.469381958
2015/12/11,sz.000651,21.34,8.989679,2.856997,1.038124,4.937579,0.317808567,7.469381312
2015/12/14,sz.000651,21.6,9.099207,2.891806,1.050772,4.997737,0.317808574,7.469380726
2015/12/15,sz.000651,21.24,8.947554,2.843609,1.03326,4.914442,0.317808532,7.469381339
2015/12/16,sz.000651,20.8,8.762199,2.784702,1.011855,4.812636,0.317808578,7.469380925
2015/12/17,sz.000651,21.13,8.901215,2.828882,1.027908,4.88899,0.317808524,7.469381897
2015/12/18,sz.000651,20.9,8.804325,2.79809,1.01672,4.835774,0.317808577,7.469380899
2015/12/21,sz.000651,22.99,9.684758,3.077899,1.118392,5.319351,0.317808561,7.469380899
2015/12/22,sz.000651,23.22,9.781647,3.108691,1.12958,5.372568,0.317808545,7.469381807
2015/12/23,sz.000651,23.93,10.080742,3.203746,1.16412,5.536845,0.31780855,7.469381156
2015/12/24,sz.000651,23.21,9.777435,3.107352,1.129094,5.370254,0.317808505,7.469382291
2015/12/25,sz.000651,23,9.68897,3.079238,1.118878,5.321665,0.317808601,7.469380412
2015/12/28,sz.000651,22.35,9.415152,2.992216,1.087258,5.17127,0.317808571,7.469380553
2015/12/29,sz.000651,23.1,9.731096,3.092626,1.123743,5.344802,0.3178086,7.469380391
2015/12/30,sz.000651,22.85,9.625781,3.059156,1.111581,5.286958,0.317808602,7.469380443
2015/12/31,sz.000651,22.35,9.415152,2.992216,1.087258,5.17127,0.317808571,7.469380553
2016/1/4,sz.000651,20.26,8.534719,2.712407,0.985586,4.687693,0.317808589,7.469380517
2016/1/5,sz.000651,20.85,8.783262,2.791396,1.014287,4.824205,0.317808577,7.469380912
2016/1/6,sz.000651,21.02,8.854876,2.814155,1.022557,4.863539,0.317808516,7.469382461
2016/1/7,sz.000651,19.58,8.248263,2.621368,0.952506,4.530356,0.317808489,7.469382399
2016/1/8,sz.000651,20.25,8.530507,2.711068,0.985099,4.685379,0.317808543,7.46938107
2016/1/11,sz.000651,19.39,8.168223,2.595931,0.943263,4.486395,0.317808537,7.46938189
2016/1/12,sz.000651,19.55,8.235625,2.617352,0.951046,4.523415,0.317808545,7.469381268
2016/1/13,sz.000651,19.3,8.13031,2.583882,0.938885,4.465571,0.317808546,7.469381342
2016/1/14,sz.000651,19.55,8.235625,2.617352,0.951046,4.523415,0.317808545,7.469381268
2016/1/15,sz.000651,18.8,7.91968,2.516942,0.914561,4.349883,0.317808548,7.469381495
2016/1/18,sz.000651,18.85,7.940743,2.523636,0.916994,4.361451,0.317808548,7.46938148
2016/1/19,sz.000651,19.66,8.281963,2.632079,0.956397,4.548867,0.317808592,7.469380668
2016/1/20,sz.000651,19.28,8.121885,2.581204,0.937912,4.460943,0.317808489,7.469382505
2016/1/21,sz.000651,18.71,7.881767,2.504893,0.910183,4.329059,0.317808557,7.469380928
2016/1/22,sz.000651,19.09,8.041845,2.555767,0.928669,4.416982,0.317808538,7.46938199
2016/1/25,sz.000651,19.23,8.100822,2.57451,0.935479,4.449375,0.317808489,7.469382523
2016/1/26,sz.000651,18.6,7.835428,2.490166,0.904832,4.303607,0.317808549,7.469381559
2016/1/27,sz.000651,18.48,7.784877,2.474101,0.898994,4.275842,0.317808618,7.469379787
2016/1/28,sz.000651,18.31,7.713263,2.451341,0.890724,4.236508,0.317808559,7.469381045
2016/1/29,sz.000651,18.73,7.890192,2.507571,0.911156,4.333686,0.317808616,7.46937973
2016/2/1,sz.000651,18.44,7.768027,2.468745,0.897048,4.266587,0.317808499,7.469382216
2016/2/2,sz.000651,18.96,7.987082,2.538363,0.922345,4.386903,0.317808556,7.469380857
2016/2/3,sz.000651,18.84,7.936531,2.522297,0.916507,4.359138,0.317808498,7.469382075
2016/2/4,sz.000651,19,8.003932,2.543718,0.924291,4.396158,0.317808547,7.469381433
2016/2/5,sz.000651,18.85,7.940743,2.523636,0.916994,4.361451,0.317808548,7.46938148
2016/2/15,sz.000651,18.64,7.852279,2.495521,0.906778,4.312862,0.317808499,7.469382145
2016/2/16,sz.000651,19.07,8.03342,2.55309,0.927696,4.412354,0.317808605,7.469380241
2016/2/17,sz.000651,19.2,8.088184,2.570494,0.93402,4.442433,0.317808546,7.469381372
2016/2/18,sz.000651,19.22,8.096609,2.573172,0.934993,4.447061,0.317808604,7.469380205
2016/2/19,sz.000651,19.22,8.096609,2.573172,0.934993,4.447061,0.317808604,7.469380205
2016/2/22,sz.000651,19.22,8.096609,2.573172,0.934993,4.447061,0.317808604,7.469380205
2016/2/23,sz.000651,19.22,8.096609,2.573172,0.934993,4.447061,0.317808604,7.469380205
2016/2/24,sz.000651,19.22,8.096609,2.573172,0.934993,4.447061,0.317808604,7.469380205
2016/2/25,sz.000651,19.22,8.096609,2.573172,0.934993,4.447061,0.317808604,7.469380205
2016/2/26,sz.000651,19.22,8.096609,2.573172,0.934993,4.447061,0.317808604,7.469380205
2016/2/29,sz.000651,19.22,8.096609,2.573172,0.934993,4.447061,0.317808604,7.469380205
2016/3/1,sz.000651,19.22,8.096609,2.573172,0.934993,4.447061,0.317808604,7.469380205
2016/3/2,sz.000651,19.22,8.096609,2.573172,0.934993,4.447061,0.317808604,7.469380205
2016/3/3,sz.000651,19.22,8.096609,2.573172,0.934993,4.447061,0.317808604,7.469380205
2016/3/4,sz.000651,19.22,8.096609,2.573172,0.934993,4.447061,0.317808604,7.469380205
2016/3/7,sz.000651,19.22,8.096609,2.573172,0.934993,4.447061,0.317808604,7.469380205
2016/3/8,sz.000651,19.22,8.096609,2.573172,0.934993,4.447061,0.317808604,7.469380205
2016/3/9,sz.000651,19.22,8.096609,2.573172,0.934993,4.447061,0.317808604,7.469380205
2016/3/10,sz.000651,19.22,8.096609,2.573172,0.934993,4.447061,0.317808604,7.469380205
2016/3/11,sz.000651,19.22,8.096609,2.573172,0.934993,4.447061,0.317808604,7.469380205
2016/3/14,sz.000651,19.22,8.096609,2.573172,0.934993,4.447061,0.317808604,7.469380205
2016/3/15,sz.000651,19.22,8.096609,2.573172,0.934993,4.447061,0.317808604,7.469380205
2016/3/16,sz.000651,19.22,8.096609,2.573172,0.934993,4.447061,0.317808604,7.469380205
2016/3/17,sz.000651,19.22,8.096609,2.573172,0.934993,4.447061,0.317808604,7.469380205
2016/3/18,sz.000651,19.22,8.096609,2.573172,0.934993,4.447061,0.317808604,7.469380205
2016/3/21,sz.000651,19.22,8.096609,2.573172,0.934993,4.447061,0.317808604,7.469380205
2016/3/22,sz.000651,19.22,8.096609,2.573172,0.934993,4.447061,0.317808604,7.469380205
2016/3/23,sz.000651,19.22,8.096609,2.573172,0.934993,4.447061,0.317808604,7.469380205
2016/3/24,sz.000651,19.22,8.096609,2.573172,0.934993,4.447061,0.317808604,7.469380205
2016/3/25,sz.000651,19.22,8.096609,2.573172,0.934993,4.447061,0.317808604,7.469380205
2016/3/28,sz.000651,19.22,8.096609,2.573172,0.934993,4.447061,0.317808604,7.469380205
2016/3/29,sz.000651,19.22,8.096609,2.573172,0.934993,4.447061,0.317808604,7.469380205
2016/3/30,sz.000651,19.22,8.096609,2.573172,0.934993,4.447061,0.317808604,7.469380205
2016/3/31,sz.000651,19.22,8.096609,2.573172,0.934993,4.447061,0.317808604,7.469380205
2016/4/1,sz.000651,19.22,8.096609,2.573172,0.934993,4.447061,0.317808604,7.469380205
2016/4/5,sz.000651,19.22,8.096609,2.573172,0.934993,4.447061,0.317808604,7.469380205
2016/4/6,sz.000651,19.22,8.096609,2.573172,0.934993,4.447061,0.317808604,7.469380205
2016/4/7,sz.000651,19.22,8.096609,2.573172,0.934993,4.447061,0.317808604,7.469380205
2016/4/8,sz.000651,19.22,8.096609,2.573172,0.934993,4.447061,0.317808604,7.469380205
2016/4/11,sz.000651,19.22,8.096609,2.573172,0.934993,4.447061,0.317808604,7.469380205
2016/4/12,sz.000651,19.22,8.096609,2.573172,0.934993,4.447061,0.317808604,7.469380205
2016/4/13,sz.000651,19.22,8.096609,2.573172,0.934993,4.447061,0.317808604,7.469380205
2016/4/14,sz.000651,19.22,8.096609,2.573172,0.934993,4.447061,0.317808604,7.469380205
2016/4/15,sz.000651,19.22,8.096609,2.573172,0.934993,4.447061,0.317808604,7.469380205
2016/4/18,sz.000651,19.22,8.096609,2.573172,0.934993,4.447061,0.317808604,7.469380205
2016/4/19,sz.000651,19.22,8.096609,2.573172,0.934993,4.447061,0.317808604,7.469380205
2016/4/20,sz.000651,19.22,8.096609,2.573172,0.934993,4.447061,0.317808604,7.469380205
2016/4/21,sz.000651,19.22,8.096609,2.573172,0.934993,4.447061,0.317808604,7.469380205
2016/4/22,sz.000651,19.22,8.096609,2.573172,0.934993,4.447061,0.317808604,7.469380205
2016/4/25,sz.000651,19.22,8.096609,2.573172,0.934993,4.447061,0.317808604,7.469380205
2016/4/26,sz.000651,19.22,8.096609,2.573172,0.934993,4.447061,0.317808604,7.469380205
2016/4/27,sz.000651,19.22,8.096609,2.573172,0.934993,4.447061,0.317808604,7.469380205
2016/4/28,sz.000651,19.22,8.096609,2.573172,0.934993,4.447061,0.317808604,7.469380205
2016/4/29,sz.000651,19.22,9.225843,2.43306,1.149734,3.414865,0.263722242,7.89951748
2016/5/3,sz.000651,19.22,8.951246,2.280846,1.149684,6.858268,0.254807655,8.426697813
2016/5/4,sz.000651,19.22,8.951246,2.280846,1.149684,6.858268,0.254807655,8.426697813
2016/5/5,sz.000651,19.22,8.951246,2.280846,1.149684,6.858268,0.254807655,8.426697813
2016/5/6,sz.000651,19.22,8.951246,2.280846,1.149684,6.858268,0.254807655,8.426697813
2016/5/9,sz.000651,19.22,8.951246,2.280846,1.149684,6.858268,0.254807655,8.426697813
2016/5/10,sz.000651,19.22,8.951246,2.280846,1.149684,6.858268,0.254807655,8.426697813
2016/5/11,sz.000651,19.22,8.951246,2.280846,1.149684,6.858268,0.254807655,8.426697813
2016/5/12,sz.000651,19.22,8.951246,2.280846,1.149684,6.858268,0.254807655,8.426697813
2016/5/13,sz.000651,19.22,8.951246,2.280846,1.149684,6.858268,0.254807655,8.426697813
2016/5/16,sz.000651,19.22,8.951246,2.280846,1.149684,6.858268,0.254807655,8.426697813
2016/5/17,sz.000651,19.22,8.951246,2.280846,1.149684,6.858268,0.254807655,8.426697813
2016/5/18,sz.000651,19.22,8.951246,2.280846,1.149684,6.858268,0.254807655,8.426697813
2016/5/19,sz.000651,19.22,8.951246,2.280846,1.149684,6.858268,0.254807655,8.426697813
2016/5/20,sz.000651,19.22,8.951246,2.280846,1.149684,6.858268,0.254807655,8.426697813
2016/5/23,sz.000651,19.22,8.951246,2.280846,1.149684,6.858268,0.254807655,8.426697813
2016/5/24,sz.000651,19.22,8.951246,2.280846,1.149684,6.858268,0.254807655,8.426697813
2016/5/25,sz.000651,19.22,8.951246,2.280846,1.149684,6.858268,0.254807655,8.426697813
2016/5/26,sz.000651,19.22,8.951246,2.280846,1.149684,6.858268,0.254807655,8.426697813
2016/5/27,sz.000651,19.22,8.951246,2.280846,1.149684,6.858268,0.254807655,8.426697813
2016/5/30,sz.000651,19.22,8.951246,2.280846,1.149684,6.858268,0.254807655,8.426697813
2016/5/31,sz.000651,19.22,8.951246,2.280846,1.149684,6.858268,0.254807655,8.426697813
2016/6/1,sz.000651,19.22,8.951246,2.280846,1.149684,6.858268,0.254807655,8.426697813
2016/6/2,sz.000651,19.22,8.951246,2.280846,1.149684,6.858268,0.254807655,8.426697813
2016/6/3,sz.000651,19.22,8.951246,2.280846,1.149684,6.858268,0.254807655,8.426697813
2016/6/6,sz.000651,19.22,8.951246,2.280846,1.149684,6.858268,0.254807655,8.426697813
2016/6/7,sz.000651,19.22,8.951246,2.280846,1.149684,6.858268,0.254807655,8.426697813
2016/6/8,sz.000651,19.22,8.951246,2.280846,1.149684,6.858268,0.254807655,8.426697813
2016/6/13,sz.000651,19.22,8.951246,2.280846,1.149684,6.858268,0.254807655,8.426697813
2016/6/14,sz.000651,19.22,8.951246,2.280846,1.149684,6.858268,0.254807655,8.426697813
2016/6/15,sz.000651,19.22,8.951246,2.280846,1.149684,6.858268,0.254807655,8.426697813
2016/6/16,sz.000651,19.22,8.951246,2.280846,1.149684,6.858268,0.254807655,8.426697813
2016/6/17,sz.000651,19.22,8.951246,2.280846,1.149684,6.858268,0.254807655,8.426697813
2016/6/20,sz.000651,19.22,8.951246,2.280846,1.149684,6.858268,0.254807655,8.426697813
2016/6/21,sz.000651,19.22,8.951246,2.280846,1.149684,6.858268,0.254807655,8.426697813
2016/6/22,sz.000651,19.22,8.951246,2.280846,1.149684,6.858268,0.254807655,8.426697813
2016/6/23,sz.000651,19.22,8.951246,2.280846,1.149684,6.858268,0.254807655,8.426697813
2016/6/24,sz.000651,19.22,8.951246,2.280846,1.149684,6.858268,0.254807655,8.426697813
2016/6/27,sz.000651,19.22,8.951246,2.280846,1.149684,6.858268,0.254807655,8.426697813
2016/6/28,sz.000651,19.22,8.951246,2.280846,1.149684,6.858268,0.254807655,8.426697813
2016/6/29,sz.000651,19.22,8.951246,2.280846,1.149684,6.858268,0.254807655,8.426697813
2016/6/30,sz.000651,19.22,8.951246,2.280846,1.149684,6.858268,0.254807655,8.426697813
2016/7/1,sz.000651,19.22,8.951246,2.280846,1.149684,6.858268,0.254807655,8.426697813
2016/7/4,sz.000651,19.22,8.951246,2.280846,1.149684,6.858268,0.254807655,8.426697813
2016/7/5,sz.000651,19.22,8.951246,2.280846,1.149684,6.858268,0.254807655,8.426697813
2016/7/6,sz.000651,19.22,8.951246,2.280846,1.149684,6.858268,0.254807655,8.426697813
2016/7/7,sz.000651,17.72,8.252657,2.102841,1.059958,6.323024,0.254807755,8.426695123
2016/7/8,sz.000651,17.72,8.252657,2.102841,1.059958,6.323024,0.254807755,8.426695123
2016/7/11,sz.000651,17.72,8.252657,2.102841,1.059958,6.323024,0.254807755,8.426695123
2016/7/12,sz.000651,17.72,8.252657,2.102841,1.059958,6.323024,0.254807755,8.426695123
2016/7/13,sz.000651,17.72,8.252657,2.102841,1.059958,6.323024,0.254807755,8.426695123
2016/7/14,sz.000651,17.72,8.252657,2.102841,1.059958,6.323024,0.254807755,8.426695123
2016/7/15,sz.000651,17.72,8.252657,2.102841,1.059958,6.323024,0.254807755,8.426695123
2016/7/18,sz.000651,17.72,8.252657,2.102841,1.059958,6.323024,0.254807755,8.426695123
2016/7/19,sz.000651,17.72,8.252657,2.102841,1.059958,6.323024,0.254807755,8.426695123
2016/7/20,sz.000651,17.72,8.252657,2.102841,1.059958,6.323024,0.254807755,8.426695123
2016/7/21,sz.000651,17.72,8.252657,2.102841,1.059958,6.323024,0.254807755,8.426695123
2016/7/22,sz.000651,17.72,8.252657,2.102841,1.059958,6.323024,0.254807755,8.426695123
2016/7/25,sz.000651,17.72,8.252657,2.102841,1.059958,6.323024,0.254807755,8.426695123
2016/7/26,sz.000651,17.72,8.252657,2.102841,1.059958,6.323024,0.254807755,8.426695123
2016/7/27,sz.000651,17.72,8.252657,2.102841,1.059958,6.323024,0.254807755,8.426695123
2016/7/28,sz.000651,17.72,8.252657,2.102841,1.059958,6.323024,0.254807755,8.426695123
2016/7/29,sz.000651,17.72,8.252657,2.102841,1.059958,6.323024,0.254807755,8.426695123
2016/8/1,sz.000651,17.72,8.252657,2.102841,1.059958,6.323024,0.254807755,8.426695123
2016/8/2,sz.000651,17.72,8.252657,2.102841,1.059958,6.323024,0.254807755,8.426695123
2016/8/3,sz.000651,17.72,8.252657,2.102841,1.059958,6.323024,0.254807755,8.426695123
2016/8/4,sz.000651,17.72,8.252657,2.102841,1.059958,6.323024,0.254807755,8.426695123
2016/8/5,sz.000651,17.72,8.252657,2.102841,1.059958,6.323024,0.254807755,8.426695123
2016/8/8,sz.000651,17.72,8.252657,2.102841,1.059958,6.323024,0.254807755,8.426695123
2016/8/9,sz.000651,17.72,8.252657,2.102841,1.059958,6.323024,0.254807755,8.426695123
2016/8/10,sz.000651,17.72,8.252657,2.102841,1.059958,6.323024,0.254807755,8.426695123
2016/8/11,sz.000651,17.72,8.252657,2.102841,1.059958,6.323024,0.254807755,8.426695123
2016/8/12,sz.000651,17.72,8.252657,2.102841,1.059958,6.323024,0.254807755,8.426695123
2016/8/15,sz.000651,17.72,8.252657,2.102841,1.059958,6.323024,0.254807755,8.426695123
2016/8/16,sz.000651,17.72,8.252657,2.102841,1.059958,6.323024,0.254807755,8.426695123
2016/8/17,sz.000651,17.72,8.252657,2.102841,1.059958,6.323024,0.254807755,8.426695123
2016/8/18,sz.000651,17.72,8.252657,2.102841,1.059958,6.323024,0.254807755,8.426695123
2016/8/19,sz.000651,17.72,8.06701,2.373474,1.076261,8.597628,0.294219791,7.465849636
2016/8/22,sz.000651,17.72,8.06701,2.373474,1.076261,8.597628,0.294219791,7.465849636
2016/8/23,sz.000651,17.72,8.06701,2.373474,1.076261,8.597628,0.294219791,7.465849636
2016/8/24,sz.000651,17.72,8.06701,2.373474,1.076261,8.597628,0.294219791,7.465849636
2016/8/25,sz.000651,17.72,8.06701,2.373474,1.076261,8.597628,0.294219791,7.465849636
2016/8/26,sz.000651,17.72,8.06701,2.373474,1.076261,8.597628,0.294219791,7.465849636
2016/8/29,sz.000651,17.72,8.06701,2.373474,1.076261,8.597628,0.294219791,7.465849636
2016/8/30,sz.000651,17.72,8.06701,2.373474,1.076261,8.597628,0.294219791,7.465849636
2016/8/31,sz.000651,17.72,8.06701,2.373474,1.076261,8.597628,0.294219791,7.465849636
2016/9/1,sz.000651,17.72,8.06701,2.373474,1.076261,8.597628,0.294219791,7.465849636
2016/9/2,sz.000651,19.49,8.8728,2.610554,1.183766,9.45642,0.294219863,7.465848245
2016/9/5,sz.000651,21.44,9.760536,2.871743,1.302203,10.402548,0.294219805,7.465849138
2016/9/6,sz.000651,23,10.470724,3.080694,1.396953,11.159449,0.294219769,7.465850227
2016/9/7,sz.000651,22.86,10.406989,3.061942,1.38845,11.091522,0.294219779,7.465850104
2016/9/8,sz.000651,22.48,10.233994,3.011044,1.36537,10.907149,0.294219832,7.465849054
2016/9/9,sz.000651,22.26,10.13384,2.981576,1.352008,10.800406,0.294219763,7.465850275
2016/9/12,sz.000651,22.07,10.047342,2.956127,1.340468,10.708219,0.294219805,7.465849742
2016/9/13,sz.000651,21.98,10.00637,2.944072,1.335001,10.664552,0.294219782,7.46585002
2016/9/14,sz.000651,21.43,9.755983,2.870404,1.301596,10.397696,0.294219865,7.465848013
2016/9/19,sz.000651,22.09,10.056447,2.958806,1.341682,10.717923,0.294219817,7.4658494
2016/9/20,sz.000651,22.02,10.02458,2.94943,1.337431,10.68396,0.294219808,7.465849334
2016/9/21,sz.000651,22,10.015475,2.946751,1.336216,10.674256,0.294219795,7.465849676
2016/9/22,sz.000651,21.75,9.901663,2.913265,1.321032,10.552958,0.294219769,7.465850172
2016/9/23,sz.000651,21.44,9.760536,2.871743,1.302203,10.402548,0.294219805,7.465849138
2016/9/26,sz.000651,21.51,9.792403,2.881119,1.306455,10.436511,0.294219815,7.465849207
2016/9/27,sz.000651,22.03,10.029132,2.95077,1.338038,10.688812,0.294219879,7.465847897
2016/9/28,sz.000651,21.9,9.96995,2.933357,1.330142,10.625737,0.294219831,7.465848855
2016/9/29,sz.000651,21.84,9.942635,2.92532,1.326498,10.596625,0.294219792,7.46584989
2016/9/30,sz.000651,22.22,10.11563,2.976219,1.349578,10.780998,0.294219836,7.465848447
2016/10/10,sz.000651,22.11,10.065552,2.961485,1.342897,10.727627,0.29421983,7.465849059
2016/10/11,sz.000651,22.11,10.065552,2.961485,1.342897,10.727627,0.29421983,7.465849059
2016/10/12,sz.000651,22.2,10.106525,2.97354,1.348364,10.771295,0.294219823,7.465848786
2016/10/13,sz.000651,22.07,10.047342,2.956127,1.340468,10.708219,0.294219805,7.465849742
2016/10/14,sz.000651,21.94,9.98816,2.938715,1.332572,10.645144,0.294219856,7.465848168
2016/10/17,sz.000651,21.74,9.89711,2.911926,1.320424,10.548106,0.294219828,7.465849063
2016/10/18,sz.000651,21.88,9.960845,2.930678,1.328928,10.616033,0.294219818,7.465849199
2016/10/19,sz.000651,21.78,9.91532,2.917284,1.322854,10.567513,0.294219854,7.465848371
2016/10/20,sz.000651,21.82,9.93353,2.922641,1.325283,10.586921,0.294219779,7.465850236
2016/10/21,sz.000651,22.44,10.215784,3.005686,1.36294,10.887741,0.294219807,7.465849726
2016/10/24,sz.000651,22.55,10.265862,3.02042,1.369622,10.941112,0.294219813,7.46584912
2016/10/25,sz.000651,23.03,10.484381,3.084713,1.398775,11.174005,0.29421985,7.465848525
2016/10/26,sz.000651,22.63,10.302282,3.031135,1.37448,10.979928,0.294219766,7.465850251
2016/10/27,sz.000651,22.42,10.206679,3.003007,1.361726,10.878037,0.294219795,7.465850063
2016/10/28,sz.000651,22.4,10.197574,3.000329,1.360511,10.868333,0.29421988,7.465847912
2016/10/31,sz.000651,22.4,9.758456,2.708859,1.338687,10.354087,0.277590943,8.26916425
2016/11/1,sz.000651,22.4,9.758456,2.708859,1.338687,10.354087,0.277590943,8.26916425
2016/11/2,sz.000651,22.4,9.758456,2.708859,1.338687,10.354087,0.277590943,8.26916425
2016/11/3,sz.000651,22.4,9.758456,2.708859,1.338687,10.354087,0.277590943,8.26916425
2016/11/4,sz.000651,22.4,9.758456,2.708859,1.338687,10.354087,0.277590943,8.26916425
2016/11/7,sz.000651,22.4,9.758456,2.708859,1.338687,10.354087,0.277590943,8.26916425
2016/11/8,sz.000651,22.4,9.758456,2.708859,1.338687,10.354087,0.277590943,8.26916425
2016/11/9,sz.000651,22.4,9.758456,2.708859,1.338687,10.354087,0.277590943,8.26916425
2016/11/10,sz.000651,22.4,9.758456,2.708859,1.338687,10.354087,0.277590943,8.26916425
2016/11/11,sz.000651,22.4,9.758456,2.708859,1.338687,10.354087,0.277590943,8.26916425
2016/11/14,sz.000651,22.4,9.758456,2.708859,1.338687,10.354087,0.277590943,8.26916425
2016/11/15,sz.000651,22.4,9.758456,2.708859,1.338687,10.354087,0.277590943,8.26916425
2016/11/16,sz.000651,22.4,9.758456,2.708859,1.338687,10.354087,0.277590943,8.26916425
2016/11/17,sz.000651,22.84,9.950139,2.762069,1.364983,10.557471,0.277590996,8.269163442
2016/11/18,sz.000651,22.52,9.810733,2.723371,1.345859,10.409555,0.277590981,8.269163474
2016/11/21,sz.000651,22.8,9.932714,2.757232,1.362592,10.538981,0.277590999,8.269162697
2016/11/22,sz.000651,23.23,10.120041,2.809232,1.38829,10.737743,0.27759097,8.269163957
2016/11/23,sz.000651,25.55,11.130738,3.089793,1.52694,11.81013,0.277591028,8.269162368
2016/11/24,sz.000651,26.38,11.492324,3.190166,1.576543,12.193786,0.277591025,8.269162169
2016/11/25,sz.000651,27.23,11.862623,3.292957,1.627341,12.586687,0.277590968,8.269163551
2016/11/28,sz.000651,28.47,12.402823,3.442912,1.701447,13.159859,0.277590997,8.269162848
2016/11/29,sz.000651,28.47,12.402823,3.442912,1.701447,13.159859,0.277590997,8.269162848
2016/11/30,sz.000651,28.47,12.402823,3.442912,1.701447,13.159859,0.277590997,8.269162848
2016/12/1,sz.000651,30.59,13.326391,3.699286,1.828145,14.1398,0.277590985,8.269163293
2016/12/2,sz.000651,28.76,12.52916,3.477982,1.718779,13.293908,0.277590996,8.26916298
2016/12/5,sz.000651,25.88,11.274501,3.1297,1.546662,11.962668,0.277590999,8.269163179
2016/12/6,sz.000651,26.33,11.470542,3.184119,1.573555,12.170674,0.27759098,8.269163307
2016/12/7,sz.000651,26.19,11.409551,3.167189,1.565188,12.105961,0.277591029,8.269162339
2016/12/8,sz.000651,26.24,11.431334,3.173235,1.568176,12.129073,0.277590962,8.269163803
2016/12/9,sz.000651,26.99,11.758068,3.263934,1.612998,12.47575,0.277591012,8.269162305
2016/12/12,sz.000651,25.34,11.039253,3.064397,1.51439,11.713061,0.277590975,8.269163558
2016/12/13,sz.000651,25.54,11.126382,3.088583,1.526342,11.805508,0.277590955,8.269164209
2016/12/14,sz.000651,25.3,11.021827,3.05956,1.511999,11.694571,0.277591002,8.269162886
2016/12/15,sz.000651,24.75,10.782222,2.993048,1.47913,11.440341,0.27759102,8.269162406
2016/12/16,sz.000651,24.99,10.886777,3.022071,1.493473,11.551278,0.277590971,8.269163762
2016/12/19,sz.000651,24.16,10.525191,2.921698,1.44387,11.167622,0.277590972,8.269164027
2016/12/20,sz.000651,24,10.455488,2.902349,1.434308,11.093664,0.277590965,8.269164046
2016/12/21,sz.000651,24.2,10.542617,2.926536,1.44626,11.186112,0.277591038,8.269161903
2016/12/22,sz.000651,24.66,10.743014,2.982164,1.473751,11.39874,0.277591,8.26916293
2016/12/23,sz.000651,24.09,10.494696,2.913233,1.439686,11.135266,0.277590985,8.269163503
2016/12/26,sz.000651,24.62,10.725588,2.977327,1.471361,11.380251,0.277591028,8.269162238
2016/12/27,sz.000651,24.97,10.878064,3.019653,1.492277,11.542033,0.277591031,8.269162053
2016/12/28,sz.000651,24.94,10.864995,3.016025,1.490485,11.528166,0.277591016,8.269162225
2016/12/29,sz.000651,24.83,10.817074,3.002722,1.483911,11.47732,0.277590964,8.269163779
2016/12/30,sz.000651,24.62,10.725588,2.977327,1.471361,11.380251,0.277591028,8.269162238
2017/1/3,sz.000651,25.06,10.917272,3.030536,1.497656,11.583635,0.277590959,8.269164267
2017/1/4,sz.000651,25.14,10.952124,3.040211,1.502437,11.620614,0.277590995,8.269162897
2017/1/5,sz.000651,25.26,11.004401,3.054723,1.509609,11.676082,0.277591029,8.269162212
2017/1/6,sz.000651,25,10.891133,3.02328,1.49407,11.5559,0.277590954,8.269164616
2017/1/9,sz.000651,24.74,10.777866,2.991838,1.478532,11.435719,0.277590944,8.269164306
2017/1/10,sz.000651,24.93,10.860638,3.014815,1.489887,11.523544,0.277590967,8.269164111
2017/1/11,sz.000651,24.68,10.751727,2.984583,1.474946,11.407985,0.277591033,8.26916189
2017/1/12,sz.000651,24.31,10.590538,2.939838,1.452834,11.236958,0.277590997,8.269163131
2017/1/13,sz.000651,24.16,10.525191,2.921698,1.44387,11.167622,0.277590972,8.269164027
2017/1/16,sz.000651,23.79,10.364003,2.876954,1.421757,10.996595,0.277591004,8.269162454
2017/1/17,sz.000651,24.17,10.529548,2.922908,1.444467,11.172245,0.277591023,8.269162081
2017/1/18,sz.000651,24.96,10.873708,3.018443,1.49168,11.537411,0.277590956,8.269163937
2017/1/19,sz.000651,24.88,10.838856,3.008769,1.486899,11.500432,0.277591011,8.269162571
2017/1/20,sz.000651,25.37,11.052322,3.068025,1.516183,11.726928,0.277590989,8.269163387
2017/1/23,sz.000651,25.28,11.013114,3.057141,1.510804,11.685327,0.27759097,8.269163902
2017/1/24,sz.000651,25.32,11.03054,3.061978,1.513194,11.703816,0.277590943,8.269164573
2017/1/25,sz.000651,25.5,11.108956,3.083746,1.523952,11.787018,0.277590982,8.269163543
2017/1/26,sz.000651,25.78,11.230937,3.117607,1.540685,11.916445,0.277590997,8.269162855
2017/2/3,sz.000651,25.39,11.061035,3.070444,1.517378,11.736173,0.277591021,8.269162375
2017/2/6,sz.000651,25.26,11.004401,3.054723,1.509609,11.676082,0.277591029,8.269162212
2017/2/7,sz.000651,25.13,10.947767,3.039002,1.50184,11.615991,0.277591038,8.269162047
2017/2/8,sz.000651,25.35,11.043609,3.065606,1.514987,11.717683,0.277590958,8.2691644
2017/2/9,sz.000651,25.62,11.161234,3.098258,1.531123,11.842487,0.27759099,8.269162865
2017/2/10,sz.000651,25.97,11.313709,3.140584,1.55204,12.004269,0.277591018,8.269162678
2017/2/13,sz.000651,27.1,11.805989,3.277236,1.619572,12.526596,0.277590975,8.269163405
2017/2/14,sz.000651,26.9,11.71886,3.25305,1.60762,12.434149,0.277590994,8.269162786
2017/2/15,sz.000651,26.99,11.758068,3.263934,1.612998,12.47575,0.277591012,8.269162305
2017/2/16,sz.000651,27.59,12.019455,3.336492,1.648856,12.753092,0.277590956,8.26916414
2017/2/17,sz.000651,27.41,11.941039,3.314725,1.638099,12.669889,0.277591004,8.2691626
2017/2/20,sz.000651,28.55,12.437674,3.452586,1.706228,13.196838,0.277590971,8.269164041
2017/2/21,sz.000651,28.24,12.302624,3.415098,1.687702,13.053545,0.277591024,8.269162408
2017/2/22,sz.000651,28.32,12.337476,3.424772,1.692483,13.090524,0.277590976,8.269163611
2017/2/23,sz.000651,27.91,12.158861,3.37519,1.66798,12.901007,0.277590968,8.269164106
2017/2/24,sz.000651,27.85,12.132723,3.367934,1.664394,12.873273,0.277590941,8.269164419
2017/2/27,sz.000651,27.13,11.819058,3.280864,1.621365,12.540463,0.277590989,8.269163245
2017/2/28,sz.000651,27.44,11.954108,3.318353,1.639892,12.683756,0.277591017,8.269162443
2017/3/1,sz.000651,27.46,11.962821,3.320771,1.641087,12.693001,0.277590963,8.269163998
2017/3/2,sz.000651,27.31,11.897474,3.302632,1.632122,12.623666,0.277591025,8.269162292
2017/3/3,sz.000651,27.3,11.893118,3.301422,1.631525,12.619043,0.277590956,8.269164015
2017/3/6,sz.000651,28.15,12.263416,3.404214,1.682323,13.011944,0.277591007,8.269162867
2017/3/7,sz.000651,28.23,12.298268,3.413888,1.687104,13.048923,0.277590958,8.269164073
2017/3/8,sz.000651,28.09,12.237277,3.396958,1.678737,12.98421,0.277591003,8.269163175
2017/3/9,sz.000651,28.4,12.372328,3.434447,1.697264,13.127503,0.277591008,8.269162401
2017/3/10,sz.000651,28.96,12.616289,3.502168,1.730731,13.386355,0.277590978,8.269163558
2017/3/13,sz.000651,28.87,12.577081,3.491284,1.725352,13.344754,0.277590961,8.26916401
2017/3/14,sz.000651,28.71,12.507378,3.471935,1.71579,13.270796,0.277590955,8.269164025
2017/3/15,sz.000651,29.3,12.764408,3.543285,1.75105,13.543515,0.277591017,8.269162656
2017/3/16,sz.000651,29.23,12.733913,3.53482,1.746867,13.511159,0.277591028,8.26916222
2017/3/17,sz.000651,28.81,12.550942,3.484028,1.721767,13.31702,0.277590957,8.269164312
2017/3/20,sz.000651,29.26,12.746983,3.538447,1.74866,13.525026,0.277590941,8.26916441
2017/3/21,sz.000651,30.34,13.21748,3.669053,1.813204,14.024241,0.277590963,8.269163732
2017/3/22,sz.000651,30.5,13.287183,3.688402,1.822766,14.098199,0.277590969,8.269163719
2017/3/23,sz.000651,31.2,13.592134,3.773054,1.8646,14.421764,0.277590995,8.269163389
2017/3/24,sz.000651,31.54,13.740254,3.814171,1.884919,14.578924,0.277591011,8.269162552
2017/3/27,sz.000651,30.71,13.378668,3.713798,1.835316,14.195268,0.277591013,8.269162728
2017/3/28,sz.000651,30.8,13.417876,3.724682,1.840695,14.236869,0.277591029,8.269162307
2017/3/29,sz.000651,31.2,13.592134,3.773054,1.8646,14.421764,0.277590995,8.269163389
2017/3/30,sz.000651,30.72,13.383025,3.715007,1.835914,14.199891,0.277590978,8.269163423
2017/3/31,sz.000651,31.7,13.809957,3.83352,1.894481,14.652882,0.277591016,8.269162545
2017/4/5,sz.000651,31.46,13.705402,3.804496,1.880138,14.541945,0.277590982,8.269163642
2017/4/6,sz.000651,32,13.940651,3.869799,1.91241,14.791553,0.277590982,8.269163334
2017/4/7,sz.000651,31.81,13.857878,3.846822,1.901055,14.703728,0.277590985,8.269163481
2017/4/10,sz.000651,31.52,13.731541,3.811752,1.883724,14.569679,0.277590986,8.269163366
2017/4/11,sz.000651,30.83,13.430946,3.72831,1.842488,14.250736,0.27759102,8.269162167
2017/4/12,sz.000651,30.81,13.422233,3.725891,1.841292,14.241492,0.277590994,8.269163
2017/4/13,sz.000651,31.25,13.613917,3.779101,1.867588,14.444876,0.277591012,8.269162428
2017/4/14,sz.000651,30.68,13.365599,3.71017,1.833523,14.181401,0.277591001,8.269162869
2017/4/17,sz.000651,31.75,13.831739,3.839566,1.897469,14.675994,0.277590981,8.269163754
2017/4/18,sz.000651,32.23,14.040849,3.897613,1.926156,14.897867,0.277590978,8.269163716
2017/4/19,sz.000651,33.21,14.467782,4.016126,1.984723,15.350858,0.277590995,8.26916287
2017/4/20,sz.000651,33.02,14.385009,3.993149,1.973368,15.263033,0.277590998,8.269163009
2017/4/21,sz.000651,32.91,14.337088,3.979846,1.966794,15.212187,0.277590958,8.269164184
2017/4/24,sz.000651,32.51,14.16283,3.931474,1.942889,15.027293,0.27759099,8.269163169
2017/4/25,sz.000651,33.84,14.742238,4.092312,2.022374,15.642067,0.27759096,8.269164228
2017/4/26,sz.000651,33.43,14.563624,4.042731,1.997871,15.45255,0.277591003,8.269162603
2017/4/27,sz.000651,33.58,13.099585,3.750342,1.834552,-33.424837,0.286294718,8.953850076
2017/4/28,sz.000651,33,12.873327,3.685565,1.802866,-32.847517,0.286294677,8.953851038
2017/5/2,sz.000651,32.97,12.186193,3.427517,1.723929,-113.765035,0.281262327,9.619208307
2017/5/3,sz.000651,32.65,12.067917,3.39425,1.707197,-112.660855,0.281262292,9.619208956
2017/5/4,sz.000651,32.66,12.071613,3.39529,1.707719,-112.69536,0.28126233,9.619207785
2017/5/5,sz.000651,32.77,12.11227,3.406725,1.713471,-113.074922,0.281262307,9.619209064
2017/5/8,sz.000651,31.68,11.70939,3.29341,1.656477,-109.313809,0.281262303,9.619209269
2017/5/9,sz.000651,31.16,11.517191,3.239352,1.629288,-107.519517,0.281262332,9.619207792
2017/5/10,sz.000651,31.48,11.635468,3.272618,1.64602,-108.623697,0.281262258,9.619210064
2017/5/11,sz.000651,32.88,12.152928,3.418161,1.719223,-113.454484,0.281262343,9.619207521
2017/5/12,sz.000651,33.07,12.223155,3.437913,1.729157,-114.110091,0.281262325,9.619207932
2017/5/15,sz.000651,33.03,12.20837,3.433754,1.727066,-113.972068,0.281262282,9.619209763
2017/5/16,sz.000651,33.58,12.411658,3.490932,1.755824,-115.869877,0.281262342,9.619207707
2017/5/17,sz.000651,32.92,12.167713,3.422319,1.721314,-113.592506,0.281262305,9.619208496
2017/5/18,sz.000651,32.64,12.06422,3.39321,1.706674,-112.626349,0.281262278,9.619210128
2017/5/19,sz.000651,33.1,12.234243,3.441031,1.730726,-114.213608,0.281262273,9.619210057
2017/5/22,sz.000651,33.82,12.500366,3.515882,1.768373,-116.698012,0.281262325,9.619207926
2017/5/23,sz.000651,33.99,12.5632,3.533555,1.777262,-117.284608,0.281262338,9.619207852
2017/5/24,sz.000651,33.75,12.474493,3.508605,1.764713,-116.456473,0.281262333,9.619207634
2017/5/25,sz.000651,33.59,12.415354,3.491971,1.756347,-115.904383,0.281262298,9.619209323
2017/5/26,sz.000651,34.07,12.592769,3.541871,1.781445,-117.560653,0.281262286,9.619209734
2017/5/31,sz.000651,34.08,12.596465,3.542911,1.781968,-117.595159,0.281262322,9.619208611
2017/6/1,sz.000651,33.97,12.555808,3.531476,1.776216,-117.215597,0.281262345,9.61920738
2017/6/2,sz.000651,33.5,12.382089,3.482615,1.751641,-115.593832,0.281262314,9.619208554
2017/6/5,sz.000651,33.27,12.297078,3.458704,1.739615,-114.800203,0.281262264,9.61920997
2017/6/6,sz.000651,34.26,12.662996,3.561624,1.79138,-118.21626,0.281262349,9.619207418
2017/6/7,sz.000651,34.6,12.788665,3.596969,1.809158,-119.389451,0.281262274,9.619209951
2017/6/8,sz.000651,36.25,13.398529,3.768501,1.895433,-125.082878,0.281262294,9.619209335
2017/6/9,sz.000651,36.04,13.32091,3.74667,1.884452,-124.35826,0.281262316,9.619208524
2017/6/12,sz.000651,37.57,13.88642,3.905727,1.964453,-129.63762,0.281262341,9.619207897
2017/6/13,sz.000651,37.35,13.805105,3.882856,1.952949,-128.878497,0.28126233,9.619208129
2017/6/14,sz.000651,36.43,13.46506,3.787214,1.904844,-125.70398,0.281262319,9.61920821
2017/6/15,sz.000651,36.54,13.505717,3.798649,1.910596,-126.083541,0.281262298,9.619209356
2017/6/16,sz.000651,35.99,13.302429,3.741472,1.881838,-124.185732,0.281262317,9.619208696
2017/6/19,sz.000651,37.31,13.790321,3.878697,1.950858,-128.740474,0.281262271,9.61920975
2017/6/20,sz.000651,37.31,13.790321,3.878697,1.950858,-128.740474,0.281262271,9.61920975
2017/6/21,sz.000651,38.54,14.244947,4.006567,2.015172,-132.984666,0.281262331,9.619207666
2017/6/22,sz.000651,38.62,14.274516,4.014883,2.019355,-133.260711,0.281262286,9.619209327
2017/6/23,sz.000651,40.01,14.78828,4.159386,2.092035,-138.056992,0.281262324,9.61920822
2017/6/26,sz.000651,40.64,15.021137,4.22488,2.124976,-140.230846,0.281262331,9.61920812
2017/6/27,sz.000651,41.43,15.313133,4.307007,2.166283,-142.95679,0.281262299,9.619208884
2017/6/28,sz.000651,40.36,14.917645,4.195771,2.110336,-139.264689,0.28126229,9.619209437
2017/6/29,sz.000651,40.5,14.969391,4.210326,2.117656,-139.747768,0.281262344,9.619207634
2017/6/30,sz.000651,41.17,15.217033,4.279978,2.152689,-142.059644,0.28126232,9.619208323
2017/7/3,sz.000651,40.49,14.965695,4.209286,2.117133,-139.713262,0.281262314,9.619208578
2017/7/4,sz.000651,39.87,14.736534,4.144832,2.084715,-137.573913,0.281262338,9.619207727
2017/7/5,sz.000651,39.26,14.511069,4.081417,2.052819,-135.469071,0.281262325,9.619208231
2017/7/6,sz.000651,39.2,14.488892,4.075179,2.049682,-135.262037,0.281262294,9.619209365
2017/7/7,sz.000651,38.41,14.196897,3.993052,2.008374,-132.536093,0.281262307,9.619208565
2017/7/10,sz.000651,39.06,14.437146,4.060625,2.042361,-134.778958,0.281262308,9.619208866
2017/7/11,sz.000651,41.53,15.350094,4.317403,2.171512,-143.301847,0.281262317,9.619208584
2017/7/12,sz.000651,40.79,15.076579,4.240474,2.132819,-140.748431,0.281262347,9.619207664
2017/7/13,sz.000651,41.01,15.157895,4.263344,2.144323,-141.507554,0.281262273,9.61920971
2017/7/14,sz.000651,41.08,15.183768,4.270622,2.147983,-141.749094,0.281262332,9.619207694
2017/7/17,sz.000651,41.06,15.176375,4.268542,2.146937,-141.680082,0.281262291,9.619209557
2017/7/18,sz.000651,40.23,14.869595,4.182257,2.103538,-138.816116,0.281262334,9.619208002
2017/7/19,sz.000651,39.99,14.780888,4.157307,2.090989,-137.987981,0.28126233,9.619207819
2017/7/20,sz.000651,41.04,15.168983,4.266463,2.145891,-141.611071,0.281262297,9.619209167
2017/7/21,sz.000651,40.71,15.04701,4.232157,2.128636,-140.472386,0.281262324,9.619208361
2017/7/24,sz.000651,41.3,15.265083,4.293492,2.159486,-142.508217,0.281262277,9.619209725
2017/7/25,sz.000651,41.02,15.161591,4.264384,2.144845,-141.54206,0.281262303,9.619208777
2017/7/26,sz.000651,40,14.784584,4.158346,2.091512,-138.022487,0.281262293,9.619209176
2017/7/27,sz.000651,38.9,14.378008,4.043992,2.033995,-134.226868,0.281262328,9.619207951
2017/7/28,sz.000651,39.57,14.62565,4.113644,2.069028,-136.538745,0.281262303,9.619208663
2017/7/31,sz.000651,39.24,14.503677,4.079338,2.051773,-135.400059,0.281262331,9.619207822
2017/8/1,sz.000651,39.26,14.511069,4.081417,2.052819,-135.469071,0.281262325,9.619208231
2017/8/2,sz.000651,39.02,14.422362,4.056467,2.04027,-134.640936,0.28126232,9.619208045
2017/8/3,sz.000651,38.33,14.167327,3.984735,2.004191,-132.260048,0.281262302,9.619209308
2017/8/4,sz.000651,37.79,13.967736,3.928598,1.975956,-130.396744,0.281262332,9.619207666
2017/8/7,sz.000651,38.43,14.204289,3.995131,2.00942,-132.605104,0.2812623,9.619208982
2017/8/8,sz.000651,38.49,14.226466,4.001369,2.012557,-132.812138,0.281262332,9.619207826
2017/8/9,sz.000651,39.18,14.4815,4.0731,2.048636,-135.193026,0.2812623,9.619208956
2017/8/10,sz.000651,38.82,14.348439,4.035675,2.029812,-133.950823,0.281262303,9.619208683
2017/8/11,sz.000651,38.16,14.104493,3.967062,1.995302,-131.673452,0.28126229,9.61920938
2017/8/14,sz.000651,38.83,14.352135,4.036715,2.030335,-133.985329,0.281262335,9.619207697
2017/8/15,sz.000651,38.58,14.259731,4.010725,2.017263,-133.122688,0.281262318,9.619208497
2017/8/16,sz.000651,37.92,14.015786,3.942112,1.982753,-130.845317,0.281262285,9.619209195
2017/8/17,sz.000651,38.08,14.074924,3.958746,1.991119,-131.397407,0.281262336,9.619207699
2017/8/18,sz.000651,38.27,14.145151,3.978498,2.001054,-132.053014,0.281262321,9.619208053
2017/8/21,sz.000651,38.9,14.378008,4.043992,2.033995,-134.226868,0.281262328,9.619207951
2017/8/22,sz.000651,39.06,14.437146,4.060625,2.042361,-134.778958,0.281262308,9.619208866
2017/8/23,sz.000651,39.2,14.488892,4.075179,2.049682,-135.262037,0.281262294,9.619209365
2017/8/24,sz.000651,39.43,14.573904,4.09909,2.061708,-136.055666,0.281262317,9.619208166
2017/8/25,sz.000651,39.65,14.655219,4.121961,2.073211,-136.81479,0.281262327,9.619207945
2017/8/28,sz.000651,39.82,14.718053,4.139634,2.0821,-137.401385,0.281262338,9.619207882
2017/8/29,sz.000651,39.38,14.555423,4.093892,2.059093,-135.883138,0.281262317,9.619208323
2017/8/30,sz.000651,39.58,14.629346,4.114684,2.069551,-136.57325,0.281262334,9.619207696
2017/8/31,sz.000651,38.65,12.587747,4.432251,1.787939,-17.96055,0.352108364,8.720174015
2017/9/1,sz.000651,38.11,12.411877,4.370326,1.762959,-17.709613,0.352108388,8.720173278
2017/9/4,sz.000651,38.08,12.402106,4.366886,1.761571,-17.695673,0.352108424,8.720172681
2017/9/5,sz.000651,38.13,12.41839,4.37262,1.763884,-17.718907,0.352108446,8.720172345
2017/9/6,sz.000651,38.19,12.437931,4.3795,1.76666,-17.746789,0.352108401,8.720173536
2017/9/7,sz.000651,37.8,12.310914,4.334776,1.748618,-17.565557,0.352108381,8.720173776
2017/9/8,sz.000651,37.09,12.079677,4.253356,1.715774,-17.235622,0.352108421,8.720172965
2017/9/11,sz.000651,37.11,12.086191,4.255649,1.716699,-17.244916,0.352108369,8.720174056
2017/9/12,sz.000651,36.7,11.95266,4.208632,1.697733,-17.05439,0.352108401,8.720173206
2017/9/13,sz.000651,37.33,12.157842,4.280878,1.726876,-17.34715,0.352108376,8.720173759
2017/9/14,sz.000651,37.5,12.213208,4.300373,1.73474,-17.426148,0.35210839,8.720173808
2017/9/15,sz.000651,37.94,12.35651,4.350831,1.755095,-17.630615,0.352108403,8.720173227
2017/9/18,sz.000651,37.94,12.35651,4.350831,1.755095,-17.630615,0.352108403,8.720173227
2017/9/19,sz.000651,37.29,12.144814,4.276291,1.725026,-17.328562,0.352108398,8.720173627
2017/9/20,sz.000651,37.83,12.320685,4.338217,1.750006,-17.579498,0.352108426,8.720172366
2017/9/21,sz.000651,37.99,12.372794,4.356565,1.757408,-17.65385,0.352108424,8.720172889
2017/9/22,sz.000651,39.25,12.783158,4.501057,1.815695,-18.239368,0.352108376,8.72017395
2017/9/25,sz.000651,38.93,12.678939,4.464361,1.800892,-18.090665,0.352108406,8.720172943
2017/9/26,sz.000651,38.4,12.506325,4.403582,1.776374,-17.844376,0.352108393,8.720173713
2017/9/27,sz.000651,38.55,12.555178,4.420784,1.783313,-17.91408,0.352108429,8.720172711
2017/9/28,sz.000651,37.9,12.343483,4.346244,1.753244,-17.612027,0.352108396,8.720173097
2017/9/29,sz.000651,37.9,12.343483,4.346244,1.753244,-17.612027,0.352108396,8.720173097
2017/10/9,sz.000651,39.1,12.734305,4.483856,1.808756,-18.169664,0.352108419,8.720172994
2017/10/10,sz.000651,38.79,12.633343,4.448306,1.794416,-18.025608,0.352108385,8.720173477
2017/10/11,sz.000651,39.95,13.011138,4.581331,1.848077,-18.564656,0.352108401,8.720173242
2017/10/12,sz.000651,40.42,13.16421,4.635229,1.869819,-18.783064,0.352108406,8.720173264
2017/10/13,sz.000651,40.27,13.115357,4.618028,1.86288,-18.71336,0.352108448,8.720172333
2017/10/16,sz.000651,39.5,12.86458,4.529727,1.82726,-18.355543,0.352108425,8.720172319
2017/10/17,sz.000651,40.68,13.248889,4.665045,1.881846,-18.903885,0.352108392,8.720173117
2017/10/18,sz.000651,41.19,13.414988,4.72353,1.905439,-19.140881,0.352108403,8.72017326
2017/10/19,sz.000651,41.06,13.372649,4.708622,1.899425,-19.08047,0.352108397,8.720173333
2017/10/20,sz.000651,40.5,13.190265,4.644403,1.87352,-18.82024,0.352108392,8.720173508
2017/10/23,sz.000651,40.63,13.232604,4.659311,1.879533,-18.880651,0.352108398,8.720173433
2017/10/24,sz.000651,41.27,13.441043,4.732704,1.90914,-19.178057,0.352108389,8.720173499
2017/10/25,sz.000651,41.81,13.616913,4.79463,1.93412,-19.428993,0.35210844,8.720172359
2017/10/26,sz.000651,42.88,13.965397,4.917334,1.983618,-19.92622,0.352108429,8.720172354
2017/10/27,sz.000651,43.77,14.255257,5.019396,2.024789,-20.3398,0.352108419,8.720172706
2017/10/30,sz.000651,43.75,14.248743,5.017102,2.023864,-20.330506,0.352108393,8.720173518
2017/10/31,sz.000651,42.55,13.024697,4.366297,1.849905,-11.151339,0.335232136,9.745099795
2017/11/1,sz.000651,41.8,12.795119,4.289335,1.817298,-10.954782,0.33523213,9.745100348
2017/11/2,sz.000651,42.26,12.935927,4.336538,1.837297,-11.075337,0.335232102,9.745100815
2017/11/3,sz.000651,41.83,12.804302,4.292414,1.818602,-10.962644,0.335232174,9.745099145
2017/11/6,sz.000651,43.53,13.324678,4.46686,1.892512,-11.408174,0.335232116,9.745100585
2017/11/7,sz.000651,44.19,13.526706,4.534587,1.921206,-11.581144,0.33523217,9.745099168
2017/11/8,sz.000651,43.53,13.324678,4.46686,1.892512,-11.408174,0.335232116,9.745100585
2017/11/9,sz.000651,43.74,13.38896,4.488409,1.901642,-11.46321,0.335232087,9.745101215
2017/11/10,sz.000651,45.67,13.979739,4.686458,1.98555,-11.969017,0.335232153,9.745099604
2017/11/13,sz.000651,45.64,13.970556,4.683379,1.984246,-11.961154,0.335232112,9.745100706
2017/11/14,sz.000651,44.86,13.731796,4.603339,1.950335,-11.756735,0.335232114,9.745100241
2017/11/15,sz.000651,45.46,13.915458,4.664908,1.97642,-11.913981,0.335232085,9.745101082
2017/11/16,sz.000651,45.86,14.037899,4.705955,1.993811,-12.018811,0.335232145,9.74509956
2017/11/17,sz.000651,45.95,14.065448,4.71519,1.997724,-12.042398,0.335232123,9.74510041
2017/11/20,sz.000651,45.82,14.025655,4.70185,1.992072,-12.008328,0.335232116,9.745100333
2017/11/21,sz.000651,47.8,14.631739,4.905029,2.078154,-12.527239,0.335232128,9.745100386
2017/11/22,sz.000651,47.36,14.497054,4.859878,2.059025,-12.411925,0.33523211,9.745100597
2017/11/23,sz.000651,45.01,13.777711,4.618731,1.956856,-11.796046,0.335232101,9.745100981
2017/11/24,sz.000651,45.51,13.930763,4.670039,1.978594,-11.927084,0.335232105,9.74510063
2017/11/27,sz.000651,44.04,13.480791,4.519194,1.914684,-11.541833,0.335232109,9.745100564
2017/11/28,sz.000651,44,13.468547,4.51509,1.912945,-11.531349,0.335232152,9.745099212
2017/11/29,sz.000651,42.45,12.994087,4.356035,1.845557,-11.125132,0.335232094,9.745100763
2017/11/30,sz.000651,42.45,12.994087,4.356035,1.845557,-11.125132,0.335232094,9.745100763
2017/12/1,sz.000651,41.63,12.743082,4.27189,1.809907,-10.910229,0.335232089,9.745101114
2017/12/4,sz.000651,42.16,12.905317,4.326277,1.832949,-11.049129,0.335232137,9.745099539
2017/12/5,sz.000651,42.5,13.009392,4.361166,1.847731,-11.138235,0.335232115,9.745100278
2017/12/6,sz.000651,41.95,12.841035,4.304727,1.823819,-10.994093,0.33523209,9.745101141
2017/12/7,sz.000651,40.8,12.489016,4.186719,1.773822,-10.692706,0.335232095,9.745101116
2017/12/8,sz.000651,41.69,12.761448,4.278047,1.812516,-10.925954,0.335232099,9.745100977
2017/12/11,sz.000651,43.44,13.297129,4.457625,1.888599,-11.384587,0.335232139,9.745099689
2017/12/12,sz.000651,43.02,13.168565,4.414526,1.870339,-11.274515,0.335232123,9.745100606
2017/12/13,sz.000651,43.95,13.453242,4.509959,1.910771,-11.518246,0.335232132,9.745099678
2017/12/14,sz.000651,43.72,13.382838,4.486357,1.900772,-11.457968,0.335232108,9.745100535
2017/12/15,sz.000651,43.11,13.196115,4.423762,1.874252,-11.298102,0.33523215,9.745099307
2017/12/18,sz.000651,43.95,13.453242,4.509959,1.910771,-11.518246,0.335232132,9.745099678
2017/12/19,sz.000651,44.58,13.646087,4.574607,1.938161,-11.683354,0.335232144,9.745099415
2017/12/20,sz.000651,44.48,13.615476,4.564345,1.933814,-11.657146,0.335232128,9.745100338
2017/12/21,sz.000651,45.06,13.793016,4.623862,1.95903,-11.80915,0.33523212,9.745100524
2017/12/22,sz.000651,45.07,13.796077,4.624888,1.959465,-11.811771,0.33523211,9.745100854
2017/12/25,sz.000651,45.41,13.900152,4.659778,1.974246,-11.900877,0.335232161,9.745099445
2017/12/26,sz.000651,44.66,13.670575,4.582816,1.941639,-11.70432,0.335232132,9.745099956
2017/12/27,sz.000651,43.18,13.217542,4.430945,1.877295,-11.316447,0.335232148,9.745099522
2017/12/28,sz.000651,43.74,13.38896,4.488409,1.901642,-11.46321,0.335232087,9.745101215
2017/12/29,sz.000651,43.7,13.376716,4.484305,1.899902,-11.452727,0.33523213,9.745099854
2018/1/2,sz.000651,45.15,13.820566,4.633098,1.962943,-11.832737,0.335232146,9.745099283
2018/1/3,sz.000651,45.65,13.973617,4.684405,1.984681,-11.963775,0.335232102,9.745101032
2018/1/4,sz.000651,46.58,14.258293,4.779838,2.025113,-12.207506,0.335232135,9.745100148
2018/1/5,sz.000651,47.88,14.656228,4.913238,2.081632,-12.548205,0.335232094,9.745100889
2018/1/8,sz.000651,47.83,14.640922,4.908108,2.079458,-12.535101,0.335232166,9.745099334
2018/1/9,sz.000651,49.4,15.121505,5.069214,2.147716,-12.946561,0.335232108,9.745100522
2018/1/10,sz.000651,51.05,15.626575,5.23853,2.219451,-13.378986,0.335232129,9.745100248
2018/1/11,sz.000651,50.8,15.550049,5.212876,2.208582,-13.313467,0.335232127,9.745100401
2018/1/12,sz.000651,53.3,16.315308,5.469415,2.317272,-13.968657,0.335232102,9.74510071
2018/1/15,sz.000651,54.6,16.713242,5.602816,2.373791,-14.309356,0.335232147,9.745099607
2018/1/16,sz.000651,54.37,16.642838,5.579214,2.363792,-14.249079,0.335232128,9.745100295
2018/1/17,sz.000651,52.04,15.929618,5.34012,2.262493,-13.638442,0.335232144,9.745099361
2018/1/18,sz.000651,52.26,15.99696,5.362695,2.272057,-13.696098,0.335232132,9.745100178
2018/1/19,sz.000651,51.45,15.749017,5.279576,2.236842,-13.483817,0.335232097,9.745100743
2018/1/22,sz.000651,56.6,17.325449,5.808047,2.460743,-14.833509,0.33523212,9.745100203
2018/1/23,sz.000651,56.79,17.383608,5.827544,2.469004,-14.883303,0.335232134,9.745100166
2018/1/24,sz.000651,55.77,17.071383,5.722876,2.424658,-14.615985,0.335232125,9.745100191
2018/1/25,sz.000651,55.4,16.958125,5.684908,2.408572,-14.519017,0.335232109,9.745100536
2018/1/26,sz.000651,57.4,17.570331,5.89014,2.495524,-15.04317,0.335232159,9.745099437
2018/1/29,sz.000651,55.78,17.074444,5.723902,2.425093,-14.618606,0.335232116,9.745100458
2018/1/30,sz.000651,54.35,16.636716,5.577162,2.362922,-14.243837,0.335232146,9.745099748
2018/1/31,sz.000651,55.94,17.123421,5.740321,2.432049,-14.660538,0.335232136,9.745099621
2018/2/1,sz.000651,55.58,17.013223,5.703379,2.416398,-14.566191,0.335232131,9.745100229
2018/2/2,sz.000651,55.49,16.985674,5.694144,2.412485,-14.542604,0.335232149,9.745099527
2018/2/5,sz.000651,54.05,16.544885,5.546377,2.349879,-14.165215,0.335232128,9.74510027
2018/2/6,sz.000651,53.42,16.35204,5.481729,2.322489,-14.000107,0.335232118,9.745100497
2018/2/7,sz.000651,50.28,15.390876,5.159516,2.185975,-13.177188,0.335232121,9.745100122
2018/2/8,sz.000651,51,15.61127,5.233399,2.217277,-13.365882,0.335232111,9.745100651
2018/2/9,sz.000651,49.45,15.13681,5.074345,2.14989,-12.959664,0.335232126,9.745100107
2018/2/12,sz.000651,51.51,15.767383,5.285733,2.23945,-13.499541,0.335232105,9.745100632
2018/2/13,sz.000651,52.4,16.039815,5.377061,2.278144,-13.732789,0.335232108,9.74510053
2018/2/14,sz.000651,54.24,16.603045,5.565874,2.35814,-14.215009,0.335232122,9.74510023
2018/2/22,sz.000651,54.99,16.832622,5.642836,2.390747,-14.411566,0.335232146,9.745099804
2018/2/23,sz.000651,54.06,16.547946,5.547403,2.350314,-14.167835,0.335232119,9.745100545
2018/2/26,sz.000651,54.65,16.728547,5.607946,2.375965,-14.32246,0.335232104,9.745100969
2018/2/27,sz.000651,52.01,15.920434,5.337041,2.261188,-13.630579,0.33523213,9.745100328
2018/2/28,sz.000651,51.69,15.822481,5.304204,2.247276,-13.546715,0.33523213,9.745100302
2018/3/1,sz.000651,51.58,15.78881,5.292916,2.242494,-13.517887,0.335232104,9.74510081
2018/3/2,sz.000651,52.48,16.064303,5.38527,2.281622,-13.753755,0.335232098,9.745100988
2018/3/5,sz.000651,51.63,15.804115,5.298047,2.244667,-13.53099,0.335232122,9.745100412
2018/3/6,sz.000651,51.87,15.87758,5.322675,2.255102,-13.593889,0.335232132,9.745099973
2018/3/7,sz.000651,51.72,15.831664,5.307283,2.24858,-13.554577,0.335232165,9.745099329
2018/3/8,sz.000651,53.16,16.272453,5.455049,2.311186,-13.931967,0.335232125,9.745100365
2018/3/9,sz.000651,53.04,16.235721,5.442735,2.305969,-13.900518,0.335232109,9.745100579
2018/3/12,sz.000651,53.29,16.312247,5.468389,2.316838,-13.966037,0.335232111,9.745100431
2018/3/13,sz.000651,53,16.223477,5.438631,2.30423,-13.890035,0.335232145,9.745099456
2018/3/14,sz.000651,52.18,15.972472,5.354486,2.268579,-13.675132,0.335232142,9.745099716
2018/3/15,sz.000651,53.8,16.468359,5.520723,2.33901,-14.099696,0.335232126,9.745100415
2018/3/16,sz.000651,53.42,16.35204,5.481729,2.322489,-14.000107,0.335232118,9.745100497
2018/3/19,sz.000651,52.93,16.202049,5.431447,2.301186,-13.871689,0.335232106,9.745101075
2018/3/20,sz.000651,52.2,15.978594,5.356538,2.269449,-13.680374,0.335232124,9.745100287
2018/3/21,sz.000651,51.7,15.825542,5.30523,2.247711,-13.549336,0.33523212,9.745100589
2018/3/22,sz.000651,49.9,15.274556,5.120522,2.169454,-13.077599,0.335232134,9.745100207
2018/3/23,sz.000651,48.88,14.962331,5.015854,2.125108,-12.810281,0.335232124,9.745100236
2018/3/26,sz.000651,48.13,14.732753,4.938892,2.092501,-12.613724,0.335232119,9.745100723
2018/3/27,sz.000651,47.44,14.521542,4.868087,2.062503,-12.432891,0.335232099,9.745101104
2018/3/28,sz.000651,45.51,13.930763,4.670039,1.978594,-11.927084,0.335232105,9.74510063
2018/3/29,sz.000651,47.1,14.417467,4.833198,2.047721,-12.343785,0.335232118,9.745100449
2018/3/30,sz.000651,46.9,14.356246,4.812675,2.039026,-12.29137,0.335232135,9.745100178
2018/4/2,sz.000651,45.97,14.07157,4.717242,1.998593,-12.047639,0.335232103,9.745101057
2018/4/3,sz.000651,46.12,14.117486,4.732635,2.005114,-12.086951,0.335232137,9.745099717
2018/4/4,sz.000651,46.8,14.325636,4.802413,2.034678,-12.265163,0.335232097,9.745101056
2018/4/9,sz.000651,45.72,13.995044,4.691588,1.987724,-11.98212,0.335232101,9.745101232
2018/4/10,sz.000651,47.68,14.595007,4.892715,2.072937,-12.49579,0.335232111,9.745100624
2018/4/11,sz.000651,48.12,14.729692,4.937866,2.092067,-12.611103,0.335232128,9.745100414
2018/4/12,sz.000651,47.8,14.631739,4.905029,2.078154,-12.527239,0.335232128,9.745100386
2018/4/13,sz.000651,47.45,14.524603,4.869114,2.062938,-12.435512,0.335232157,9.745099416
2018/4/16,sz.000651,46.19,14.138913,4.739818,2.008158,-12.105296,0.335232136,9.745099917
2018/4/17,sz.000651,45.29,13.86342,4.647464,1.969029,-11.869428,0.335232143,9.745099693
2018/4/18,sz.000651,45.35,13.881786,4.653621,1.971638,-11.885152,0.335232152,9.745099569
2018/4/19,sz.000651,47.6,14.570519,4.884506,2.069459,-12.474824,0.335232122,9.745100119
2018/4/20,sz.000651,47.85,14.647045,4.91016,2.080328,-12.540343,0.335232124,9.745099956
2018/4/23,sz.000651,49.72,15.219458,5.102051,2.161628,-13.030425,0.335232109,9.745100549
2018/4/24,sz.000651,50.19,15.363326,5.150281,2.182062,-13.153601,0.335232163,9.745099345
2018/4/25,sz.000651,50.07,15.326594,5.137967,2.176845,-13.122152,0.335232146,9.74509957
2018/4/26,sz.000651,45.58,12.240077,4.180151,1.827742,-5.48808,0.341513456,10.90391232
2018/4/27,sz.000651,44.08,11.063337,3.739002,1.657233,-5.011001,0.337963311,11.78924216
2018/5/2,sz.000651,45.2,11.344438,3.834004,1.69934,-5.138322,0.337963326,11.78924174
2018/5/3,sz.000651,45.79,11.492519,3.88405,1.721522,-5.205393,0.337963331,11.78924061
2018/5/4,sz.000651,45.88,11.515107,3.891684,1.724906,-5.215624,0.337963338,11.78924085
2018/5/7,sz.000651,46.72,11.725933,3.962935,1.756486,-5.311115,0.337963299,11.78924206
2018/5/8,sz.000651,48,12.047191,4.071509,1.804609,-5.456625,0.337963348,11.78924079
2018/5/9,sz.000651,48.2,12.097388,4.088473,1.812128,-5.479361,0.337963286,11.78924259
2018/5/10,sz.000651,48.21,12.099898,4.089322,1.812504,-5.480498,0.337963345,11.78924037
2018/5/11,sz.000651,47.5,11.9217,4.029097,1.785811,-5.399785,0.337963294,11.78924211
2018/5/14,sz.000651,48.58,12.192762,4.120706,1.826415,-5.52256,0.337963293,11.78924194
2018/5/15,sz.000651,48.35,12.135035,4.101197,1.817768,-5.496413,0.337963343,11.78924104
2018/5/16,sz.000651,47.88,12.017073,4.06133,1.800098,-5.442984,0.337963329,11.78924146
2018/5/17,sz.000651,47.75,11.984446,4.050303,1.79521,-5.428205,0.337963307,11.78924145
2018/5/18,sz.000651,48.27,12.114957,4.094411,1.81476,-5.487319,0.337963313,11.78924148
2018/5/21,sz.000651,47.94,12.032132,4.066419,1.802353,-5.449805,0.337963297,11.78924257
2018/5/22,sz.000651,46.8,11.746012,3.969721,1.759494,-5.32021,0.337963302,11.78924161
2018/5/23,sz.000651,46.22,11.600441,3.920524,1.737688,-5.254275,0.337963358,11.78924042
2018/5/24,sz.000651,45.61,11.447342,3.868782,1.714755,-5.184931,0.337963346,11.78924013
2018/5/25,sz.000651,45.74,11.479969,3.879809,1.719642,-5.199709,0.337963369,11.78924014
2018/5/28,sz.000651,46.63,11.703344,3.955301,1.753103,-5.300884,0.337963321,11.78924183
2018/5/29,sz.000651,46.07,11.562794,3.9078,1.732049,-5.237224,0.337963298,11.78924203
2018/5/30,sz.000651,45.33,11.377066,3.845031,1.704228,-5.153101,0.33796332,11.78924175
2018/5/31,sz.000651,47.5,11.9217,4.029097,1.785811,-5.399785,0.337963294,11.78924211
2018/6/1,sz.000651,46.58,11.690795,3.95106,1.751223,-5.2952,0.337963329,11.78924137
2018/6/4,sz.000651,47.81,11.999505,4.055392,1.797466,-5.435026,0.337963274,11.78924257
2018/6/5,sz.000651,48.55,12.185232,4.118162,1.825287,-5.519149,0.337963364,11.78923996
2018/6/6,sz.000651,48.41,12.150094,4.106286,1.820024,-5.503234,0.337963311,11.78924215
2018/6/7,sz.000651,47.98,12.042172,4.069812,1.803857,-5.454352,0.337963284,11.78924235
2018/6/8,sz.000651,48.15,12.084839,4.084232,1.810249,-5.473677,0.337963294,11.78924214
2018/6/11,sz.000651,48.93,12.280606,4.150394,1.839574,-5.562347,0.337963289,11.78924218
2018/6/12,sz.000651,50.4,12.649551,4.275084,1.89484,-5.729457,0.3379633,11.78924204
2018/6/13,sz.000651,49.88,12.51904,4.230976,1.87529,-5.670343,0.337963294,11.78924201
2018/6/14,sz.000651,48.94,12.283115,4.151243,1.839949,-5.563484,0.337963375,11.78923999
2018/6/15,sz.000651,49.01,12.300684,4.15718,1.842581,-5.571442,0.33796332,11.78924175
2018/6/19,sz.000651,47.33,11.879033,4.014677,1.77942,-5.38046,0.337963284,11.78924232
2018/6/20,sz.000651,47.88,12.017073,4.06133,1.800098,-5.442984,0.337963329,11.78924146
2018/6/21,sz.000651,47.86,12.012054,4.059634,1.799346,-5.44071,0.337963349,11.78924011
,,,,,,,,
2018/6/25,sz.000651,47.76,11.986955,4.051151,1.795586,-5.429342,0.337963311,11.78924212
2018/6/26,sz.000651,47.3,11.871503,4.012133,1.778292,-5.37705,0.337963356,11.78924029
2018/6/27,sz.000651,45.47,11.412204,3.856906,1.709491,-5.169016,0.337963289,11.78924247
2018/6/28,sz.000651,45.18,11.339419,3.832308,1.698588,-5.136049,0.337963347,11.78924032
2018/6/29,sz.000651,47.15,11.833856,3.999409,1.772653,-5.359998,0.337963298,11.78924186
